timestamp_utc,generation,cached_evaluations,evaluated_count,population_size,current_mutation_prob,current_mutation_sigma,mutation_decay_trigger,mutation_decay_active,mutation_decay_trigger_generation,effective_mutation_prob_decay,effective_mutation_sigma_decay,dist_avg,dist_best_gen,dist_best_global,time_avg,time_best_gen,time_best_global,finish_count,crash_count,timeout_count,finish_rate,crash_rate,timeout_rate,best_finished,best_crashes,best_progress,best_dense_progress,best_ranking_progress,best_ranking_key,mean_discrete_progress,mean_dense_progress,mean_ranking_progress,std_dense_progress,std_ranking_progress,best_distance,best_time,best_reward,best_fitness,selection_mode,front0_size,best_selection_rank,best_selection_crowding,best_selection_objectives,selection_objective_names,virtual_time_sum,virtual_distance_sum,evaluation_steps_sum
2026-05-04T23:30:23Z,1,0,32,32,0.15,0.3,first_finish,0,,1.0,1.0,3.3261635303497314,7.970384870256697,7.970384870256697,30.0,30.0,30.0,0,32,0,0.0,1.0,0.0,0,1,5.714285714285714,7.970384870256697,7.970384870256697,"[0.0, 7.970384870256697, -3.2799999713897705, -1.0]",2.232142925262451,3.3261635303497314,3.3261635303497314,3.156837224960327,3.156837224960327,73.752197265625,3.2799999713897705,7970381590255.726,7970381590255.726,lexicographic,,0,0.0,"[0.0, 7.970384870256697, -3.2799999713897705, -1.0]","[""ranking_0"", ""ranking_1"", ""ranking_2"", ""ranking_3""]",100.6500015258789,1058.766845703125,11386
2026-05-04T23:32:55Z,2,2,30,32,0.15,0.3,first_finish,0,,1.0,1.0,5.445953369140625,9.085581643240792,9.085581643240792,30.0,30.0,30.0,0,32,0,0.0,1.0,0.0,0,1,8.571428571428571,9.085581643240792,9.085581643240792,"[0.0, 9.085581643240792, -4.5, -1.0]",3.9285717010498047,5.445953369140625,5.445953369140625,2.7836251258850098,2.7836251258850098,77.6061782836914,4.5,9085577143239.791,9085577143239.791,lexicographic,,0,0.0,"[0.0, 9.085581643240792, -4.5, -1.0]","[""ranking_0"", ""ranking_1"", ""ranking_2"", ""ranking_3""]",108.77000427246094,1557.8695068359375,10391
2026-05-04T23:35:27Z,3,2,30,32,0.15,0.3,first_finish,0,,1.0,1.0,5.847960948944092,9.085581643240792,9.085581643240792,30.0,30.0,30.0,0,32,0,0.0,1.0,0.0,0,1,8.571428571428571,9.085581643240792,9.085581643240792,"[0.0, 9.085581643240792, -4.5, -1.0]",4.1964287757873535,5.847960948944092,5.847960948944092,2.369295835494995,2.369295835494995,77.6061782836914,4.5,9085577143239.791,9085577143239.791,lexicographic,,0,0.0,"[0.0, 9.085581643240792, -4.5, -1.0]","[""ranking_0"", ""ranking_1"", ""ranking_2"", ""ranking_3""]",114.94000244140625,1631.345458984375,11979
2026-05-04T23:38:01Z,4,2,30,32,0.15,0.3,first_finish,0,,1.0,1.0,5.352317810058594,9.290744236537389,9.290744236537389,30.0,30.0,30.0,0,32,0,0.0,1.0,0.0,0,1,8.571428571428571,9.290744236537389,9.290744236537389,"[0.0, 9.290744236537389, -3.7799999713897705, -1.0]",4.107142925262451,5.352317810058594,5.352317810058594,2.4690141677856445,2.4690141677856445,79.18115997314453,3.7799999713897705,9290740456536.418,9290740456536.418,lexicographic,,0,0.0,"[0.0, 9.290744236537389, -3.7799999713897705, -1.0]","[""ranking_0"", ""ranking_1"", ""ranking_2"", ""ranking_3""]",117.38999938964844,1485.8681640625,14026
2026-05-04T23:40:46Z,5,2,30,32,0.15,0.3,first_finish,0,,1.0,1.0,5.987159729003906,14.808872767857142,14.808872767857142,30.0,30.0,30.0,0,32,0,0.0,1.0,0.0,0,1,14.285714285714285,14.808872767857142,14.808872767857142,"[0.0, 14.808872767857142, -9.789999961853027, -1.0]",4.464285850524902,5.987159729003906,5.987159729003906,2.8251655101776123,2.8251655101776123,126.70294952392578,9.789999961853027,14808862977856.182,14808862977856.182,lexicographic,,0,0.0,"[0.0, 14.808872767857142, -9.789999961853027, -1.0]","[""ranking_0"", ""ranking_1"", ""ranking_2"", ""ranking_3""]",125.80999755859375,1670.875732421875,15316
2026-05-04T23:43:37Z,6,2,30,32,0.15,0.3,first_finish,0,,1.0,1.0,5.3515214920043945,14.808872767857142,14.808872767857142,30.0,30.0,30.0,0,32,0,0.0,1.0,0.0,0,1,14.285714285714285,14.808872767857142,14.808872767857142,"[0.0, 14.808872767857142, -9.789999961853027, -1.0]",3.8392858505249023,5.3515214920043945,5.3515214920043945,3.129284381866455,3.129284381866455,126.70294952392578,9.789999961853027,14808862977856.182,14808862977856.182,lexicographic,,0,0.0,"[0.0, 14.808872767857142, -9.789999961853027, -1.0]","[""ranking_0"", ""ranking_1"", ""ranking_2"", ""ranking_3""]",136.6699981689453,1422.1910400390625,16593
2026-05-04T23:46:15Z,7,2,30,32,0.15,0.3,first_finish,0,,1.0,1.0,6.478638648986816,14.808872767857142,14.808872767857142,30.0,30.0,30.0,0,32,0,0.0,1.0,0.0,0,1,14.285714285714285,14.808872767857142,14.808872767857142,"[0.0, 14.808872767857142, -9.789999961853027, -1.0]",5.0,6.478638648986816,6.478638648986816,3.089322805404663,3.089322805404663,126.70294952392578,9.789999961853027,14808862977856.182,14808862977856.182,lexicographic,,0,0.0,"[0.0, 14.808872767857142, -9.789999961853027, -1.0]","[""ranking_0"", ""ranking_1"", ""ranking_2"", ""ranking_3""]",135.83999633789062,1827.990234375,16559
2026-05-04T23:48:50Z,8,2,30,32,0.15,0.3,first_finish,0,,1.0,1.0,5.647252559661865,14.808872767857142,14.808872767857142,30.0,30.0,30.0,0,32,0,0.0,1.0,0.0,0,1,14.285714285714285,14.808872767857142,14.808872767857142,"[0.0, 14.808872767857142, -9.789999961853027, -1.0]",4.017857074737549,5.647252559661865,5.647252559661865,3.1645355224609375,3.1645355224609375,126.70294952392578,9.789999961853027,14808862977856.182,14808862977856.182,lexicographic,,0,0.0,"[0.0, 14.808872767857142, -9.789999961853027, -1.0]","[""ranking_0"", ""ranking_1"", ""ranking_2"", ""ranking_3""]",132.82998657226562,1514.8468017578125,16099
2026-05-04T23:51:30Z,9,2,30,32,0.15,0.3,first_finish,0,,1.0,1.0,6.069188594818115,14.808872767857142,14.808872767857142,30.0,30.0,30.0,0,32,0,0.0,1.0,0.0,0,1,14.285714285714285,14.808872767857142,14.808872767857142,"[0.0, 14.808872767857142, -9.789999961853027, -1.0]",4.732142925262451,6.069188594818115,6.069188594818115,2.811737298965454,2.811737298965454,126.70294952392578,9.789999961853027,14808862977856.182,14808862977856.182,lexicographic,,0,0.0,"[0.0, 14.808872767857142, -9.789999961853027, -1.0]","[""ranking_0"", ""ranking_1"", ""ranking_2"", ""ranking_3""]",138.3800048828125,1691.466552734375,16763
2026-05-04T23:54:11Z,10,2,30,32,0.15,0.3,first_finish,0,,1.0,1.0,5.924228668212891,14.808872767857142,14.808872767857142,30.0,30.0,30.0,0,32,0,0.0,1.0,0.0,0,1,14.285714285714285,14.808872767857142,14.808872767857142,"[0.0, 14.808872767857142, -9.789999961853027, -1.0]",4.285714149475098,5.924228668212891,5.924228668212891,2.7334482669830322,2.7334482669830322,126.70294952392578,9.789999961853027,14808862977856.182,14808862977856.182,lexicographic,,0,0.0,"[0.0, 14.808872767857142, -9.789999961853027, -1.0]","[""ranking_0"", ""ranking_1"", ""ranking_2"", ""ranking_3""]",138.69000244140625,1629.27587890625,16842
2026-05-04T23:56:44Z,11,2,30,32,0.15,0.3,first_finish,0,,1.0,1.0,6.295067310333252,14.808872767857142,14.808872767857142,30.0,30.0,30.0,0,32,0,0.0,1.0,0.0,0,1,14.285714285714285,14.808872767857142,14.808872767857142,"[0.0, 14.808872767857142, -9.789999961853027, -1.0]",4.910714149475098,6.295067310333252,6.295067310333252,2.437464714050293,2.437464714050293,126.70294952392578,9.789999961853027,14808862977856.182,14808862977856.182,lexicographic,,0,0.0,"[0.0, 14.808872767857142, -9.789999961853027, -1.0]","[""ranking_0"", ""ranking_1"", ""ranking_2"", ""ranking_3""]",131.12998962402344,1767.399169921875,15991
2026-05-04T23:59:22Z,12,2,30,32,0.15,0.3,first_finish,0,,1.0,1.0,6.444019794464111,14.808872767857142,14.808872767857142,30.0,30.0,30.0,0,32,0,0.0,1.0,0.0,0,1,14.285714285714285,14.808872767857142,14.808872767857142,"[0.0, 14.808872767857142, -9.789999961853027, -1.0]",4.8214287757873535,6.444019794464111,6.444019794464111,2.431715488433838,2.431715488433838,126.70294952392578,9.789999961853027,14808862977856.182,14808862977856.182,lexicographic,,0,0.0,"[0.0, 14.808872767857142, -9.789999961853027, -1.0]","[""ranking_0"", ""ranking_1"", ""ranking_2"", ""ranking_3""]",136.5500030517578,1814.16162109375,16481
2026-05-05T00:02:19Z,13,2,30,32,0.15,0.3,first_finish,0,,1.0,1.0,6.617631912231445,14.808872767857142,14.808872767857142,30.0,30.0,30.0,0,32,0,0.0,1.0,0.0,0,1,14.285714285714285,14.808872767857142,14.808872767857142,"[0.0, 14.808872767857142, -9.789999961853027, -1.0]",5.089285850524902,6.617631912231445,6.617631912231445,3.1586520671844482,3.1586520671844482,126.70294952392578,9.789999961853027,14808862977856.182,14808862977856.182,lexicographic,,0,0.0,"[0.0, 14.808872767857142, -9.789999961853027, -1.0]","[""ranking_0"", ""ranking_1"", ""ranking_2"", ""ranking_3""]",154.92999267578125,1856.3668212890625,18848
2026-05-05T00:04:49Z,14,2,30,32,0.15,0.3,first_finish,0,,1.0,1.0,5.931839942932129,14.808872767857142,14.808872767857142,30.0,30.0,30.0,0,32,0,0.0,1.0,0.0,0,1,14.285714285714285,14.808872767857142,14.808872767857142,"[0.0, 14.808872767857142, -9.789999961853027, -1.0]",4.375,5.931839942932129,5.931839942932129,2.954909563064575,2.954909563064575,126.70294952392578,9.789999961853027,14808862977856.182,14808862977856.182,lexicographic,,0,0.0,"[0.0, 14.808872767857142, -9.789999961853027, -1.0]","[""ranking_0"", ""ranking_1"", ""ranking_2"", ""ranking_3""]",125.09000396728516,1615.51025390625,15135
2026-05-05T00:07:23Z,15,2,30,32,0.15,0.3,first_finish,0,,1.0,1.0,6.516776084899902,14.808872767857142,14.808872767857142,30.0,30.0,30.0,0,32,0,0.0,1.0,0.0,0,1,14.285714285714285,14.808872767857142,14.808872767857142,"[0.0, 14.808872767857142, -9.789999961853027, -1.0]",5.089285850524902,6.516776084899902,6.516776084899902,2.966352701187134,2.966352701187134,126.70294952392578,9.789999961853027,14808862977856.182,14808862977856.182,lexicographic,,0,0.0,"[0.0, 14.808872767857142, -9.789999961853027, -1.0]","[""ranking_0"", ""ranking_1"", ""ranking_2"", ""ranking_3""]",130.23001098632812,1841.6907958984375,15818
2026-05-05T00:10:29Z,16,2,30,32,0.15,0.3,first_finish,0,,1.0,1.0,7.098511695861816,14.808872767857142,14.808872767857142,30.0,30.0,30.0,0,32,0,0.0,1.0,0.0,0,1,14.285714285714285,14.808872767857142,14.808872767857142,"[0.0, 14.808872767857142, -9.789999961853027, -1.0]",5.803571701049805,7.098511695861816,7.098511695861816,2.9546899795532227,2.9546899795532227,126.70294952392578,9.789999961853027,14808862977856.182,14808862977856.182,lexicographic,,0,0.0,"[0.0, 14.808872767857142, -9.789999961853027, -1.0]","[""ranking_0"", ""ranking_1"", ""ranking_2"", ""ranking_3""]",161.26998901367188,2014.5030517578125,19554
2026-05-05T00:13:11Z,17,2,30,32,0.15,0.3,first_finish,0,,1.0,1.0,5.591272354125977,14.808872767857142,14.808872767857142,30.0,30.0,30.0,0,32,0,0.0,1.0,0.0,0,1,14.285714285714285,14.808872767857142,14.808872767857142,"[0.0, 14.808872767857142, -9.789999961853027, -1.0]",4.1964287757873535,5.591272354125977,5.591272354125977,3.109506368637085,3.109506368637085,126.70294952392578,9.789999961853027,14808862977856.182,14808862977856.182,lexicographic,,0,0.0,"[0.0, 14.808872767857142, -9.789999961853027, -1.0]","[""ranking_0"", ""ranking_1"", ""ranking_2"", ""ranking_3""]",136.6300048828125,1536.227783203125,16663
2026-05-05T00:15:47Z,18,2,30,32,0.15,0.3,first_finish,0,,1.0,1.0,5.7435407638549805,14.808872767857142,14.808872767857142,30.0,30.0,30.0,0,32,0,0.0,1.0,0.0,0,1,14.285714285714285,14.808872767857142,14.808872767857142,"[0.0, 14.808872767857142, -9.789999961853027, -1.0]",4.107142448425293,5.7435407638549805,5.7435407638549805,3.434194326400757,3.434194326400757,126.70294952392578,9.789999961853027,14808862977856.182,14808862977856.182,lexicographic,,0,0.0,"[0.0, 14.808872767857142, -9.789999961853027, -1.0]","[""ranking_0"", ""ranking_1"", ""ranking_2"", ""ranking_3""]",132.35000610351562,1565.4703369140625,16091
2026-05-05T00:18:33Z,19,2,30,32,0.15,0.3,first_finish,0,,1.0,1.0,5.569689750671387,14.808872767857142,14.808872767857142,30.0,30.0,30.0,0,32,0,0.0,1.0,0.0,0,1,14.285714285714285,14.808872767857142,14.808872767857142,"[0.0, 14.808872767857142, -9.789999961853027, -1.0]",4.017857074737549,5.569689750671387,5.569689750671387,3.083707809448242,3.083707809448242,126.70294952392578,9.789999961853027,14808862977856.182,14808862977856.182,lexicographic,,0,0.0,"[0.0, 14.808872767857142, -9.789999961853027, -1.0]","[""ranking_0"", ""ranking_1"", ""ranking_2"", ""ranking_3""]",141.11000061035156,1516.28857421875,17153
2026-05-05T00:21:30Z,20,2,30,32,0.15,0.3,first_finish,0,,1.0,1.0,5.843095302581787,14.808872767857142,14.808872767857142,30.0,30.0,30.0,0,32,0,0.0,1.0,0.0,0,1,14.285714285714285,14.808872767857142,14.808872767857142,"[0.0, 14.808872767857142, -9.789999961853027, -1.0]",4.107142448425293,5.843095302581787,5.843095302581787,3.426971197128296,3.426971197128296,126.70294952392578,9.789999961853027,14808862977856.182,14808862977856.182,lexicographic,,0,0.0,"[0.0, 14.808872767857142, -9.789999961853027, -1.0]","[""ranking_0"", ""ranking_1"", ""ranking_2"", ""ranking_3""]",152.19998168945312,1593.263671875,18385
2026-05-05T00:24:12Z,21,2,30,32,0.15,0.3,first_finish,0,,1.0,1.0,5.214710235595703,14.808872767857142,14.808872767857142,30.0,30.0,30.0,0,32,0,0.0,1.0,0.0,0,1,14.285714285714285,14.808872767857142,14.808872767857142,"[0.0, 14.808872767857142, -9.789999961853027, -1.0]",3.8392858505249023,5.214710235595703,5.214710235595703,3.3444929122924805,3.3444929122924805,126.70294952392578,9.789999961853027,14808862977856.182,14808862977856.182,lexicographic,,0,0.0,"[0.0, 14.808872767857142, -9.789999961853027, -1.0]","[""ranking_0"", ""ranking_1"", ""ranking_2"", ""ranking_3""]",138.1300048828125,1383.852783203125,16804
2026-05-05T00:26:54Z,22,2,30,32,0.15,0.3,first_finish,0,,1.0,1.0,6.076008319854736,14.808872767857142,14.808872767857142,30.0,30.0,30.0,0,32,0,0.0,1.0,0.0,0,1,14.285714285714285,14.808872767857142,14.808872767857142,"[0.0, 14.808872767857142, -9.789999961853027, -1.0]",4.464285850524902,6.076008319854736,6.076008319854736,3.0003368854522705,3.0003368854522705,126.70294952392578,9.789999961853027,14808862977856.182,14808862977856.182,lexicographic,,0,0.0,"[0.0, 14.808872767857142, -9.789999961853027, -1.0]","[""ranking_0"", ""ranking_1"", ""ranking_2"", ""ranking_3""]",137.38999938964844,1682.9471435546875,16407
2026-05-05T00:29:27Z,23,2,30,32,0.15,0.3,first_finish,0,,1.0,1.0,5.551454067230225,14.808872767857142,14.808872767857142,30.0,30.0,30.0,0,32,0,0.0,1.0,0.0,0,1,14.285714285714285,14.808872767857142,14.808872767857142,"[0.0, 14.808872767857142, -9.789999961853027, -1.0]",4.1964287757873535,5.551454067230225,5.551454067230225,3.0550947189331055,3.0550947189331055,126.70294952392578,9.789999961853027,14808862977856.182,14808862977856.182,lexicographic,,0,0.0,"[0.0, 14.808872767857142, -9.789999961853027, -1.0]","[""ranking_0"", ""ranking_1"", ""ranking_2"", ""ranking_3""]",127.70000457763672,1499.5673828125,15518
2026-05-05T00:32:01Z,24,2,30,32,0.15,0.3,first_finish,0,,1.0,1.0,6.310956954956055,14.808872767857142,14.808872767857142,30.0,30.0,30.0,0,32,0,0.0,1.0,0.0,0,1,14.285714285714285,14.808872767857142,14.808872767857142,"[0.0, 14.808872767857142, -9.789999961853027, -1.0]",4.8214287757873535,6.310956954956055,6.310956954956055,2.819634199142456,2.819634199142456,126.70294952392578,9.789999961853027,14808862977856.182,14808862977856.182,lexicographic,,0,0.0,"[0.0, 14.808872767857142, -9.789999961853027, -1.0]","[""ranking_0"", ""ranking_1"", ""ranking_2"", ""ranking_3""]",129.70001220703125,1795.1839599609375,15710
2026-05-05T00:34:29Z,25,2,30,32,0.15,0.3,first_finish,0,,1.0,1.0,6.104243278503418,14.808872767857142,14.808872767857142,30.0,30.0,30.0,0,32,0,0.0,1.0,0.0,0,1,14.285714285714285,14.808872767857142,14.808872767857142,"[0.0, 14.808872767857142, -9.789999961853027, -1.0]",4.553571701049805,6.104243278503418,6.104243278503418,3.234586000442505,3.234586000442505,126.70294952392578,9.789999961853027,14808862977856.182,14808862977856.182,lexicographic,,0,0.0,"[0.0, 14.808872767857142, -9.789999961853027, -1.0]","[""ranking_0"", ""ranking_1"", ""ranking_2"", ""ranking_3""]",123.44000244140625,1694.1226806640625,15045
2026-05-05T00:37:06Z,26,2,30,32,0.15,0.3,first_finish,0,,1.0,1.0,5.974480628967285,14.808872767857142,14.808872767857142,30.0,30.0,30.0,0,32,0,0.0,1.0,0.0,0,1,14.285714285714285,14.808872767857142,14.808872767857142,"[0.0, 14.808872767857142, -9.789999961853027, -1.0]",4.285714626312256,5.974480628967285,5.974480628967285,2.9434471130371094,2.9434471130371094,126.70294952392578,9.789999961853027,14808862977856.182,14808862977856.182,lexicographic,,0,0.0,"[0.0, 14.808872767857142, -9.789999961853027, -1.0]","[""ranking_0"", ""ranking_1"", ""ranking_2"", ""ranking_3""]",132.22000122070312,1628.509521484375,16093
2026-05-05T00:39:31Z,27,2,30,32,0.15,0.3,first_finish,0,,1.0,1.0,5.509979248046875,14.808872767857142,14.808872767857142,30.0,30.0,30.0,0,32,0,0.0,1.0,0.0,0,1,14.285714285714285,14.808872767857142,14.808872767857142,"[0.0, 14.808872767857142, -9.789999961853027, -1.0]",4.017857551574707,5.509979248046875,5.509979248046875,3.0831661224365234,3.0831661224365234,126.70294952392578,9.789999961853027,14808862977856.182,14808862977856.182,lexicographic,,0,0.0,"[0.0, 14.808872767857142, -9.789999961853027, -1.0]","[""ranking_0"", ""ranking_1"", ""ranking_2"", ""ranking_3""]",120.46000671386719,1488.47509765625,14721
2026-05-05T00:42:08Z,28,2,30,32,0.15,0.3,first_finish,0,,1.0,1.0,6.0199103355407715,14.808872767857142,14.808872767857142,30.0,30.0,30.0,0,32,0,0.0,1.0,0.0,0,1,14.285714285714285,14.808872767857142,14.808872767857142,"[0.0, 14.808872767857142, -9.789999961853027, -1.0]",4.910714149475098,6.0199103355407715,6.0199103355407715,3.328176259994507,3.328176259994507,126.70294952392578,9.789999961853027,14808862977856.182,14808862977856.182,lexicographic,,0,0.0,"[0.0, 14.808872767857142, -9.789999961853027, -1.0]","[""ranking_0"", ""ranking_1"", ""ranking_2"", ""ranking_3""]",132.67999267578125,1693.881103515625,16146
2026-05-05T00:44:50Z,29,2,30,32,0.15,0.3,first_finish,0,,1.0,1.0,6.650825500488281,14.808872767857142,14.808872767857142,30.0,30.0,30.0,0,32,0,0.0,1.0,0.0,0,1,14.285714285714285,14.808872767857142,14.808872767857142,"[0.0, 14.808872767857142, -9.789999961853027, -1.0]",5.267857551574707,6.650825500488281,6.650825500488281,3.1947708129882812,3.1947708129882812,126.70294952392578,9.789999961853027,14808862977856.182,14808862977856.182,lexicographic,,0,0.0,"[0.0, 14.808872767857142, -9.789999961853027, -1.0]","[""ranking_0"", ""ranking_1"", ""ranking_2"", ""ranking_3""]",125.66999816894531,1885.524658203125,14884
2026-05-05T00:47:17Z,30,2,30,32,0.15,0.3,first_finish,0,,1.0,1.0,6.53344202041626,14.808872767857142,14.808872767857142,30.0,30.0,30.0,0,32,0,0.0,1.0,0.0,0,1,14.285714285714285,14.808872767857142,14.808872767857142,"[0.0, 14.808872767857142, -9.789999961853027, -1.0]",4.910714149475098,6.53344202041626,6.53344202041626,3.3146591186523438,3.3146591186523438,126.70294952392578,9.789999961853027,14808862977856.182,14808862977856.182,lexicographic,,0,0.0,"[0.0, 14.808872767857142, -9.789999961853027, -1.0]","[""ranking_0"", ""ranking_1"", ""ranking_2"", ""ranking_3""]",114.28999328613281,1804.202880859375,13187
2026-05-05T00:49:40Z,31,2,30,32,0.15,0.3,first_finish,0,,1.0,1.0,5.718175888061523,14.808872767857142,14.808872767857142,30.0,30.0,30.0,0,32,0,0.0,1.0,0.0,0,1,14.285714285714285,14.808872767857142,14.808872767857142,"[0.0, 14.808872767857142, -9.789999961853027, -1.0]",4.285714149475098,5.718175888061523,5.718175888061523,3.010378360748291,3.010378360748291,126.70294952392578,9.789999961853027,14808862977856.182,14808862977856.182,lexicographic,,0,0.0,"[0.0, 14.808872767857142, -9.789999961853027, -1.0]","[""ranking_0"", ""ranking_1"", ""ranking_2"", ""ranking_3""]",111.0300064086914,1573.099609375,13256
2026-05-05T00:52:05Z,32,2,30,32,0.15,0.3,first_finish,0,,1.0,1.0,5.583071231842041,14.808872767857142,14.808872767857142,30.0,30.0,30.0,0,32,0,0.0,1.0,0.0,0,1,14.285714285714285,14.808872767857142,14.808872767857142,"[0.0, 14.808872767857142, -9.789999961853027, -1.0]",4.107142925262451,5.583071231842041,5.583071231842041,3.294705390930176,3.294705390930176,126.70294952392578,9.789999961853027,14808862977856.182,14808862977856.182,lexicographic,,0,0.0,"[0.0, 14.808872767857142, -9.789999961853027, -1.0]","[""ranking_0"", ""ranking_1"", ""ranking_2"", ""ranking_3""]",112.67999267578125,1536.635986328125,13590
2026-05-05T00:54:28Z,33,2,30,32,0.15,0.3,first_finish,0,,1.0,1.0,5.459936141967773,14.808872767857142,14.808872767857142,30.0,30.0,30.0,0,32,0,0.0,1.0,0.0,0,1,14.285714285714285,14.808872767857142,14.808872767857142,"[0.0, 14.808872767857142, -9.789999961853027, -1.0]",4.107142925262451,5.459936141967773,5.459936141967773,3.2546730041503906,3.2546730041503906,126.70294952392578,9.789999961853027,14808862977856.182,14808862977856.182,lexicographic,,0,0.0,"[0.0, 14.808872767857142, -9.789999961853027, -1.0]","[""ranking_0"", ""ranking_1"", ""ranking_2"", ""ranking_3""]",110.72999572753906,1492.5589599609375,13539
2026-05-05T00:56:38Z,34,2,30,32,0.15,0.3,first_finish,0,,1.0,1.0,5.620242595672607,14.808872767857142,14.808872767857142,30.0,30.0,30.0,0,32,0,0.0,1.0,0.0,0,1,14.285714285714285,14.808872767857142,14.808872767857142,"[0.0, 14.808872767857142, -9.789999961853027, -1.0]",4.375,5.620242595672607,5.620242595672607,3.3702962398529053,3.3702962398529053,126.70294952392578,9.789999961853027,14808862977856.182,14808862977856.182,lexicographic,,0,0.0,"[0.0, 14.808872767857142, -9.789999961853027, -1.0]","[""ranking_0"", ""ranking_1"", ""ranking_2"", ""ranking_3""]",97.33000183105469,1504.7628173828125,11861
2026-05-05T00:58:58Z,35,2,30,32,0.15,0.3,first_finish,0,,1.0,1.0,6.090102195739746,14.808872767857142,14.808872767857142,30.0,30.0,30.0,0,32,0,0.0,1.0,0.0,0,1,14.285714285714285,14.808872767857142,14.808872767857142,"[0.0, 14.808872767857142, -9.789999961853027, -1.0]",4.8214287757873535,6.090102195739746,6.090102195739746,3.1301028728485107,3.1301028728485107,126.70294952392578,9.789999961853027,14808862977856.182,14808862977856.182,lexicographic,,0,0.0,"[0.0, 14.808872767857142, -9.789999961853027, -1.0]","[""ranking_0"", ""ranking_1"", ""ranking_2"", ""ranking_3""]",106.91000366210938,1663.7066650390625,13049
2026-05-05T01:01:30Z,36,2,30,32,0.15,0.3,first_finish,0,,1.0,1.0,5.586031913757324,14.808872767857142,14.808872767857142,30.0,30.0,30.0,0,32,0,0.0,1.0,0.0,0,1,14.285714285714285,14.808872767857142,14.808872767857142,"[0.0, 14.808872767857142, -9.789999961853027, -1.0]",4.1964287757873535,5.586031913757324,5.586031913757324,3.242979049682617,3.242979049682617,126.70294952392578,9.789999961853027,14808862977856.182,14808862977856.182,lexicographic,,0,0.0,"[0.0, 14.808872767857142, -9.789999961853027, -1.0]","[""ranking_0"", ""ranking_1"", ""ranking_2"", ""ranking_3""]",119.61000061035156,1522.326171875,14522
2026-05-05T01:04:05Z,37,2,30,32,0.15,0.3,first_finish,0,,1.0,1.0,5.958918571472168,14.808872767857142,14.808872767857142,30.0,30.0,30.0,0,32,0,0.0,1.0,0.0,0,1,14.285714285714285,14.808872767857142,14.808872767857142,"[0.0, 14.808872767857142, -9.789999961853027, -1.0]",4.553571701049805,5.958918571472168,5.958918571472168,3.103262186050415,3.103262186050415,126.70294952392578,9.789999961853027,14808862977856.182,14808862977856.182,lexicographic,,0,0.0,"[0.0, 14.808872767857142, -9.789999961853027, -1.0]","[""ranking_0"", ""ranking_1"", ""ranking_2"", ""ranking_3""]",122.79000091552734,1619.8731689453125,14885
2026-05-05T01:06:47Z,38,2,30,32,0.15,0.3,first_finish,0,,1.0,1.0,5.452398300170898,14.808872767857142,14.808872767857142,30.0,30.0,30.0,0,32,0,0.0,1.0,0.0,0,1,14.285714285714285,14.808872767857142,14.808872767857142,"[0.0, 14.808872767857142, -9.789999961853027, -1.0]",4.107142925262451,5.452398300170898,5.452398300170898,3.188373565673828,3.188373565673828,126.70294952392578,9.789999961853027,14808862977856.182,14808862977856.182,lexicographic,,0,0.0,"[0.0, 14.808872767857142, -9.789999961853027, -1.0]","[""ranking_0"", ""ranking_1"", ""ranking_2"", ""ranking_3""]",129.13999938964844,1472.800537109375,15539
2026-05-05T01:09:14Z,39,2,30,32,0.15,0.3,first_finish,0,,1.0,1.0,5.6480913162231445,14.808872767857142,14.808872767857142,30.0,30.0,30.0,0,32,0,0.0,1.0,0.0,0,1,14.285714285714285,14.808872767857142,14.808872767857142,"[0.0, 14.808872767857142, -9.789999961853027, -1.0]",4.107142925262451,5.6480913162231445,5.6480913162231445,3.1806416511535645,3.1806416511535645,126.70294952392578,9.789999961853027,14808862977856.182,14808862977856.182,lexicographic,,0,0.0,"[0.0, 14.808872767857142, -9.789999961853027, -1.0]","[""ranking_0"", ""ranking_1"", ""ranking_2"", ""ranking_3""]",114.51000213623047,1528.4100341796875,13903
2026-05-05T01:11:40Z,40,2,30,32,0.15,0.3,first_finish,0,,1.0,1.0,5.507368564605713,14.808872767857142,14.808872767857142,30.0,30.0,30.0,0,32,0,0.0,1.0,0.0,0,1,14.285714285714285,14.808872767857142,14.808872767857142,"[0.0, 14.808872767857142, -9.789999961853027, -1.0]",4.017857551574707,5.507368564605713,5.507368564605713,3.001833200454712,3.001833200454712,126.70294952392578,9.789999961853027,14808862977856.182,14808862977856.182,lexicographic,,0,0.0,"[0.0, 14.808872767857142, -9.789999961853027, -1.0]","[""ranking_0"", ""ranking_1"", ""ranking_2"", ""ranking_3""]",113.36000061035156,1504.27880859375,13793
2026-05-05T01:14:21Z,41,2,30,32,0.15,0.3,first_finish,0,,1.0,1.0,5.761261463165283,14.808872767857142,14.808872767857142,30.0,30.0,30.0,0,32,0,0.0,1.0,0.0,0,1,14.285714285714285,14.808872767857142,14.808872767857142,"[0.0, 14.808872767857142, -9.789999961853027, -1.0]",4.1964287757873535,5.761261463165283,5.761261463165283,3.4727718830108643,3.4727718830108643,126.70294952392578,9.789999961853027,14808862977856.182,14808862977856.182,lexicographic,,0,0.0,"[0.0, 14.808872767857142, -9.789999961853027, -1.0]","[""ranking_0"", ""ranking_1"", ""ranking_2"", ""ranking_3""]",128.64999389648438,1542.5439453125,15591
2026-05-05T01:16:47Z,42,2,30,32,0.15,0.3,first_finish,0,,1.0,1.0,5.732536792755127,14.808872767857142,14.808872767857142,30.0,30.0,30.0,0,32,0,0.0,1.0,0.0,0,1,14.285714285714285,14.808872767857142,14.808872767857142,"[0.0, 14.808872767857142, -9.789999961853027, -1.0]",4.285714149475098,5.732536792755127,5.732536792755127,3.157130718231201,3.157130718231201,126.70294952392578,9.789999961853027,14808862977856.182,14808862977856.182,lexicographic,,0,0.0,"[0.0, 14.808872767857142, -9.789999961853027, -1.0]","[""ranking_0"", ""ranking_1"", ""ranking_2"", ""ranking_3""]",113.38999938964844,1554.25439453125,13724
2026-05-05T01:19:19Z,43,2,30,32,0.15,0.3,first_finish,0,,1.0,1.0,6.200780391693115,14.808872767857142,14.808872767857142,30.0,30.0,30.0,0,32,0,0.0,1.0,0.0,0,1,14.285714285714285,14.808872767857142,14.808872767857142,"[0.0, 14.808872767857142, -9.789999961853027, -1.0]",5.089285850524902,6.200780391693115,6.200780391693115,3.6574299335479736,3.6574299335479736,126.70294952392578,9.789999961853027,14808862977856.182,14808862977856.182,lexicographic,,0,0.0,"[0.0, 14.808872767857142, -9.789999961853027, -1.0]","[""ranking_0"", ""ranking_1"", ""ranking_2"", ""ranking_3""]",119.58999633789062,1660.033447265625,14542
2026-05-05T01:21:54Z,44,2,30,32,0.15,0.3,first_finish,0,,1.0,1.0,5.987077713012695,14.808872767857142,14.808872767857142,30.0,30.0,30.0,0,32,0,0.0,1.0,0.0,0,1,14.285714285714285,14.808872767857142,14.808872767857142,"[0.0, 14.808872767857142, -9.789999961853027, -1.0]",4.642857074737549,5.987077713012695,5.987077713012695,3.9639244079589844,3.9639244079589844,126.70294952392578,9.789999961853027,14808862977856.182,14808862977856.182,lexicographic,,0,0.0,"[0.0, 14.808872767857142, -9.789999961853027, -1.0]","[""ranking_0"", ""ranking_1"", ""ranking_2"", ""ranking_3""]",122.47000122070312,1576.818115234375,14738
2026-05-05T01:24:39Z,45,2,30,32,0.15,0.3,first_finish,0,,1.0,1.0,6.162036418914795,14.808872767857142,14.808872767857142,30.0,30.0,30.0,0,32,0,0.0,1.0,0.0,0,1,14.285714285714285,14.808872767857142,14.808872767857142,"[0.0, 14.808872767857142, -9.789999961853027, -1.0]",4.642857074737549,6.162036418914795,6.162036418914795,3.723435163497925,3.723435163497925,126.70294952392578,9.789999961853027,14808862977856.182,14808862977856.182,lexicographic,,0,0.0,"[0.0, 14.808872767857142, -9.789999961853027, -1.0]","[""ranking_0"", ""ranking_1"", ""ranking_2"", ""ranking_3""]",136.50999450683594,1698.4051513671875,16617
2026-05-05T01:27:16Z,46,2,30,32,0.15,0.3,first_finish,0,,1.0,1.0,6.483282089233398,14.808872767857142,14.808872767857142,30.0,30.0,30.0,0,32,0,0.0,1.0,0.0,0,1,14.285714285714285,14.808872767857142,14.808872767857142,"[0.0, 14.808872767857142, -9.789999961853027, -1.0]",4.910714149475098,6.483282089233398,6.483282089233398,3.2976529598236084,3.2976529598236084,126.70294952392578,9.789999961853027,14808862977856.182,14808862977856.182,lexicographic,,0,0.0,"[0.0, 14.808872767857142, -9.789999961853027, -1.0]","[""ranking_0"", ""ranking_1"", ""ranking_2"", ""ranking_3""]",123.28999328613281,1802.2237548828125,14943
2026-05-05T01:29:38Z,47,2,30,32,0.15,0.3,first_finish,0,,1.0,1.0,6.839858531951904,14.808872767857142,14.808872767857142,30.0,30.0,30.0,0,32,0,0.0,1.0,0.0,0,1,14.285714285714285,14.808872767857142,14.808872767857142,"[0.0, 14.808872767857142, -9.789999961853027, -1.0]",5.357142925262451,6.839858531951904,6.839858531951904,3.3488001823425293,3.3488001823425293,126.70294952392578,9.789999961853027,14808862977856.182,14808862977856.182,lexicographic,,0,0.0,"[0.0, 14.808872767857142, -9.789999961853027, -1.0]","[""ranking_0"", ""ranking_1"", ""ranking_2"", ""ranking_3""]",108.64999389648438,1873.7520751953125,13190
2026-05-05T01:32:05Z,48,2,30,32,0.15,0.3,first_finish,0,,1.0,1.0,6.923030853271484,14.808872767857142,14.808872767857142,30.0,30.0,30.0,0,32,0,0.0,1.0,0.0,0,1,14.285714285714285,14.808872767857142,14.808872767857142,"[0.0, 14.808872767857142, -9.789999961853027, -1.0]",5.535714149475098,6.923030853271484,6.923030853271484,3.341381072998047,3.341381072998047,126.70294952392578,9.789999961853027,14808862977856.182,14808862977856.182,lexicographic,,0,0.0,"[0.0, 14.808872767857142, -9.789999961853027, -1.0]","[""ranking_0"", ""ranking_1"", ""ranking_2"", ""ranking_3""]",112.99999237060547,1960.97265625,13720
2026-05-05T01:34:18Z,49,2,30,32,0.15,0.3,first_finish,0,,1.0,1.0,5.826396942138672,14.808872767857142,14.808872767857142,30.0,30.0,30.0,0,32,0,0.0,1.0,0.0,0,1,14.285714285714285,14.808872767857142,14.808872767857142,"[0.0, 14.808872767857142, -9.789999961853027, -1.0]",4.464285850524902,5.826396942138672,5.826396942138672,3.243821859359741,3.243821859359741,126.70294952392578,9.789999961853027,14808862977856.182,14808862977856.182,lexicographic,,0,0.0,"[0.0, 14.808872767857142, -9.789999961853027, -1.0]","[""ranking_0"", ""ranking_1"", ""ranking_2"", ""ranking_3""]",99.27999877929688,1568.7236328125,12037
2026-05-05T01:36:47Z,50,2,30,32,0.15,0.3,first_finish,0,,1.0,1.0,6.518486022949219,14.808872767857142,14.808872767857142,30.0,30.0,30.0,0,32,0,0.0,1.0,0.0,0,1,14.285714285714285,14.808872767857142,14.808872767857142,"[0.0, 14.808872767857142, -9.789999961853027, -1.0]",5.089285850524902,6.518486022949219,6.518486022949219,3.7360918521881104,3.7360918521881104,126.70294952392578,9.789999961853027,14808862977856.182,14808862977856.182,lexicographic,,0,0.0,"[0.0, 14.808872767857142, -9.789999961853027, -1.0]","[""ranking_0"", ""ranking_1"", ""ranking_2"", ""ranking_3""]",115.48999786376953,1795.953369140625,13596
2026-05-05T01:39:04Z,51,2,30,32,0.15,0.3,first_finish,0,,1.0,1.0,6.575423240661621,14.808872767857142,14.808872767857142,30.0,30.0,30.0,0,32,0,0.0,1.0,0.0,0,1,14.285714285714285,14.808872767857142,14.808872767857142,"[0.0, 14.808872767857142, -9.789999961853027, -1.0]",5.267857551574707,6.575423240661621,6.575423240661621,3.510596990585327,3.510596990585327,126.70294952392578,9.789999961853027,14808862977856.182,14808862977856.182,lexicographic,,0,0.0,"[0.0, 14.808872767857142, -9.789999961853027, -1.0]","[""ranking_0"", ""ranking_1"", ""ranking_2"", ""ranking_3""]",103.6500015258789,1829.1357421875,12571
2026-05-05T01:41:32Z,52,2,30,32,0.15,0.3,first_finish,0,,1.0,1.0,7.14799690246582,15.783593314034597,15.783593314034597,30.0,30.0,30.0,0,32,0,0.0,1.0,0.0,0,1,14.285714285714285,15.783593314034597,15.783593314034597,"[0.0, 15.783593314034597, -5.78000020980835, -1.0]",5.535714626312256,7.14799690246582,7.14799690246582,3.7181241512298584,3.7181241512298584,144.79660034179688,5.78000020980835,15783587534033.389,15783587534033.389,lexicographic,,0,0.0,"[0.0, 15.783593314034597, -5.78000020980835, -1.0]","[""ranking_0"", ""ranking_1"", ""ranking_2"", ""ranking_3""]",114.80000305175781,1998.5330810546875,13882
2026-05-05T01:43:54Z,53,2,30,32,0.15,0.3,first_finish,0,,1.0,1.0,6.060178756713867,15.783593314034597,15.783593314034597,30.0,30.0,30.0,0,32,0,0.0,1.0,0.0,0,1,14.285714285714285,15.783593314034597,15.783593314034597,"[0.0, 15.783593314034597, -5.78000020980835, -1.0]",4.553571701049805,6.060178756713867,6.060178756713867,3.649726629257202,3.649726629257202,144.79660034179688,5.78000020980835,15783587534033.389,15783587534033.389,lexicographic,,0,0.0,"[0.0, 15.783593314034597, -5.78000020980835, -1.0]","[""ranking_0"", ""ranking_1"", ""ranking_2"", ""ranking_3""]",109.19999694824219,1651.298095703125,13300
2026-05-05T01:46:26Z,54,2,30,32,0.15,0.3,first_finish,0,,1.0,1.0,6.297039985656738,15.783593314034597,15.783593314034597,30.0,30.0,30.0,0,32,0,0.0,1.0,0.0,0,1,14.285714285714285,15.783593314034597,15.783593314034597,"[0.0, 15.783593314034597, -5.78000020980835, -1.0]",5.0,6.297039985656738,6.297039985656738,3.3282549381256104,3.3282549381256104,144.79660034179688,5.78000020980835,15783587534033.389,15783587534033.389,lexicographic,,0,0.0,"[0.0, 15.783593314034597, -5.78000020980835, -1.0]","[""ranking_0"", ""ranking_1"", ""ranking_2"", ""ranking_3""]",119.66000366210938,1715.578857421875,14515
2026-05-05T01:49:16Z,55,2,30,32,0.15,0.3,first_finish,0,,1.0,1.0,7.392165184020996,15.783593314034597,15.783593314034597,30.0,30.0,30.0,0,32,0,0.0,1.0,0.0,0,1,14.285714285714285,15.783593314034597,15.783593314034597,"[0.0, 15.783593314034597, -5.78000020980835, -1.0]",6.0714287757873535,7.392165184020996,7.392165184020996,4.043182373046875,4.043182373046875,144.79660034179688,5.78000020980835,15783587534033.389,15783587534033.389,lexicographic,,0,0.0,"[0.0, 15.783593314034597, -5.78000020980835, -1.0]","[""ranking_0"", ""ranking_1"", ""ranking_2"", ""ranking_3""]",137.98001098632812,2080.69775390625,16778
2026-05-05T01:51:45Z,56,2,30,32,0.15,0.3,first_finish,0,,1.0,1.0,6.000934600830078,15.783593314034597,15.783593314034597,30.0,30.0,30.0,0,32,0,0.0,1.0,0.0,0,1,14.285714285714285,15.783593314034597,15.783593314034597,"[0.0, 15.783593314034597, -5.78000020980835, -1.0]",4.732142925262451,6.000934600830078,6.000934600830078,3.9608964920043945,3.9608964920043945,144.79660034179688,5.78000020980835,15783587534033.389,15783587534033.389,lexicographic,,0,0.0,"[0.0, 15.783593314034597, -5.78000020980835, -1.0]","[""ranking_0"", ""ranking_1"", ""ranking_2"", ""ranking_3""]",116.20999908447266,1611.669677734375,14085
2026-05-05T01:54:18Z,57,2,30,32,0.15,0.3,first_finish,0,,1.0,1.0,6.643904685974121,27.787519182477677,27.787519182477677,30.0,30.0,30.0,0,32,0,0.0,1.0,0.0,0,1,25.71428571428571,27.787519182477677,27.787519182477677,"[0.0, 27.787519182477677, -8.5600004196167, -1.0]",5.625,6.643904685974121,6.643904685974121,5.220984935760498,5.220984935760498,262.32659912109375,8.5600004196167,27787510622476.258,27787510622476.258,lexicographic,,0,0.0,"[0.0, 27.787519182477677, -8.5600004196167, -1.0]","[""ranking_0"", ""ranking_1"", ""ranking_2"", ""ranking_3""]",121.50999450683594,1881.752197265625,14782
2026-05-05T01:57:06Z,58,2,30,32,0.15,0.3,first_finish,0,,1.0,1.0,7.758274078369141,27.787519182477677,27.787519182477677,30.0,30.0,30.0,0,32,0,0.0,1.0,0.0,0,1,25.71428571428571,27.787519182477677,27.787519182477677,"[0.0, 27.787519182477677, -8.5600004196167, -1.0]",6.25,7.758274078369141,7.758274078369141,5.722904205322266,5.722904205322266,262.32659912109375,8.5600004196167,27787510622476.258,27787510622476.258,lexicographic,,0,0.0,"[0.0, 27.787519182477677, -8.5600004196167, -1.0]","[""ranking_0"", ""ranking_1"", ""ranking_2"", ""ranking_3""]",134.510009765625,2191.751953125,16154
2026-05-05T01:59:42Z,59,2,30,32,0.15,0.3,first_finish,0,,1.0,1.0,7.169090747833252,27.787519182477677,27.787519182477677,30.0,30.0,30.0,0,32,0,0.0,1.0,0.0,0,1,25.71428571428571,27.787519182477677,27.787519182477677,"[0.0, 27.787519182477677, -8.5600004196167, -1.0]",5.446428298950195,7.169090747833252,7.169090747833252,5.2773308753967285,5.2773308753967285,262.32659912109375,8.5600004196167,27787510622476.258,27787510622476.258,lexicographic,,0,0.0,"[0.0, 27.787519182477677, -8.5600004196167, -1.0]","[""ranking_0"", ""ranking_1"", ""ranking_2"", ""ranking_3""]",127.75000762939453,2020.745361328125,14374
2026-05-05T02:02:24Z,60,2,30,32,0.15,0.3,first_finish,0,,1.0,1.0,7.390867233276367,27.787519182477677,27.787519182477677,30.0,30.0,30.0,0,32,0,0.0,1.0,0.0,0,1,25.71428571428571,27.787519182477677,27.787519182477677,"[0.0, 27.787519182477677, -8.5600004196167, -1.0]",5.625,7.390867233276367,7.390867233276367,5.579527378082275,5.579527378082275,262.32659912109375,8.5600004196167,27787510622476.258,27787510622476.258,lexicographic,,0,0.0,"[0.0, 27.787519182477677, -8.5600004196167, -1.0]","[""ranking_0"", ""ranking_1"", ""ranking_2"", ""ranking_3""]",132.67999267578125,2116.257568359375,15950
2026-05-05T02:05:22Z,61,2,30,32,0.15,0.3,first_finish,0,,1.0,1.0,7.851534843444824,27.787519182477677,27.787519182477677,30.0,30.0,30.0,0,32,0,0.0,1.0,0.0,0,1,25.71428571428571,27.787519182477677,27.787519182477677,"[0.0, 27.787519182477677, -8.5600004196167, -1.0]",6.4285712242126465,7.851534843444824,7.851534843444824,6.284955024719238,6.284955024719238,262.32659912109375,8.5600004196167,27787510622476.258,27787510622476.258,lexicographic,,0,0.0,"[0.0, 27.787519182477677, -8.5600004196167, -1.0]","[""ranking_0"", ""ranking_1"", ""ranking_2"", ""ranking_3""]",148.42999267578125,2237.3974609375,18059
2026-05-05T02:08:26Z,62,2,30,32,0.15,0.3,first_finish,0,,1.0,1.0,8.538554191589355,27.787519182477677,27.787519182477677,30.0,30.0,30.0,0,32,0,0.0,1.0,0.0,0,1,25.71428571428571,27.787519182477677,27.787519182477677,"[0.0, 27.787519182477677, -8.5600004196167, -1.0]",7.142857074737549,8.538554191589355,8.538554191589355,6.262068271636963,6.262068271636963,262.32659912109375,8.5600004196167,27787510622476.258,27787510622476.258,lexicographic,,0,0.0,"[0.0, 27.787519182477677, -8.5600004196167, -1.0]","[""ranking_0"", ""ranking_1"", ""ranking_2"", ""ranking_3""]",158.44000244140625,2467.2607421875,19258
2026-05-05T02:11:25Z,63,2,30,32,0.15,0.3,first_finish,0,,1.0,1.0,8.507035255432129,27.787519182477677,27.787519182477677,30.0,30.0,30.0,0,32,0,0.0,1.0,0.0,0,1,25.71428571428571,27.787519182477677,27.787519182477677,"[0.0, 27.787519182477677, -8.5600004196167, -1.0]",6.964285850524902,8.507035255432129,8.507035255432129,5.997890949249268,5.997890949249268,262.32659912109375,8.5600004196167,27787510622476.258,27787510622476.258,lexicographic,,0,0.0,"[0.0, 27.787519182477677, -8.5600004196167, -1.0]","[""ranking_0"", ""ranking_1"", ""ranking_2"", ""ranking_3""]",154.4199981689453,2451.048583984375,18811
2026-05-05T02:14:22Z,64,2,30,32,0.15,0.3,first_finish,0,,1.0,1.0,8.43425178527832,27.787519182477677,27.787519182477677,30.0,30.0,30.0,0,32,0,0.0,1.0,0.0,0,1,25.71428571428571,27.787519182477677,27.787519182477677,"[0.0, 27.787519182477677, -8.5600004196167, -1.0]",6.785714149475098,8.43425178527832,8.43425178527832,5.984675407409668,5.984675407409668,262.32659912109375,8.5600004196167,27787510622476.258,27787510622476.258,lexicographic,,0,0.0,"[0.0, 27.787519182477677, -8.5600004196167, -1.0]","[""ranking_0"", ""ranking_1"", ""ranking_2"", ""ranking_3""]",151.4300079345703,2436.556884765625,18376
2026-05-05T02:17:10Z,65,2,30,32,0.15,0.3,first_finish,0,,1.0,1.0,9.009488105773926,27.787519182477677,27.787519182477677,30.0,30.0,30.0,0,32,0,0.0,1.0,0.0,0,1,25.71428571428571,27.787519182477677,27.787519182477677,"[0.0, 27.787519182477677, -8.5600004196167, -1.0]",7.410714626312256,9.009488105773926,9.009488105773926,5.889976501464844,5.889976501464844,262.32659912109375,8.5600004196167,27787510622476.258,27787510622476.258,lexicographic,,0,0.0,"[0.0, 27.787519182477677, -8.5600004196167, -1.0]","[""ranking_0"", ""ranking_1"", ""ranking_2"", ""ranking_3""]",142.739990234375,2578.6044921875,17275
2026-05-05T02:20:16Z,66,2,30,32,0.15,0.3,first_finish,0,,1.0,1.0,9.462225914001465,27.787519182477677,27.787519182477677,30.0,30.0,30.0,0,32,0,0.0,1.0,0.0,0,1,25.71428571428571,27.787519182477677,27.787519182477677,"[0.0, 27.787519182477677, -8.5600004196167, -1.0]",8.035715103149414,9.462225914001465,9.462225914001465,5.838839530944824,5.838839530944824,262.32659912109375,8.5600004196167,27787510622476.258,27787510622476.258,lexicographic,,0,0.0,"[0.0, 27.787519182477677, -8.5600004196167, -1.0]","[""ranking_0"", ""ranking_1"", ""ranking_2"", ""ranking_3""]",161.92999267578125,2828.80712890625,19721
2026-05-05T02:23:02Z,67,2,30,32,0.15,0.3,first_finish,0,,1.0,1.0,8.312113761901855,27.787519182477677,27.787519182477677,30.0,30.0,30.0,0,32,0,0.0,1.0,0.0,0,1,25.71428571428571,27.787519182477677,27.787519182477677,"[0.0, 27.787519182477677, -8.5600004196167, -1.0]",6.785714626312256,8.312113761901855,8.312113761901855,6.051042079925537,6.051042079925537,262.32659912109375,8.5600004196167,27787510622476.258,27787510622476.258,lexicographic,,0,0.0,"[0.0, 27.787519182477677, -8.5600004196167, -1.0]","[""ranking_0"", ""ranking_1"", ""ranking_2"", ""ranking_3""]",140.33999633789062,2412.115234375,17107
2026-05-05T02:25:45Z,68,2,30,32,0.15,0.3,first_finish,0,,1.0,1.0,9.220373153686523,27.787519182477677,27.787519182477677,30.0,30.0,30.0,0,32,0,0.0,1.0,0.0,0,1,25.71428571428571,27.787519182477677,27.787519182477677,"[0.0, 27.787519182477677, -8.5600004196167, -1.0]",7.678571701049805,9.220373153686523,9.220373153686523,5.701083183288574,5.701083183288574,262.32659912109375,8.5600004196167,27787510622476.258,27787510622476.258,lexicographic,,0,0.0,"[0.0, 27.787519182477677, -8.5600004196167, -1.0]","[""ranking_0"", ""ranking_1"", ""ranking_2"", ""ranking_3""]",138.9499969482422,2694.32470703125,16957
2026-05-05T02:28:17Z,69,2,30,32,0.15,0.3,first_finish,0,,1.0,1.0,8.127058029174805,27.787519182477677,27.787519182477677,30.0,30.0,30.0,0,32,0,0.0,1.0,0.0,0,1,25.71428571428571,27.787519182477677,27.787519182477677,"[0.0, 27.787519182477677, -8.5600004196167, -1.0]",6.607142925262451,8.127058029174805,8.127058029174805,5.926435470581055,5.926435470581055,262.32659912109375,8.5600004196167,27787510622476.258,27787510622476.258,lexicographic,,0,0.0,"[0.0, 27.787519182477677, -8.5600004196167, -1.0]","[""ranking_0"", ""ranking_1"", ""ranking_2"", ""ranking_3""]",126.66999816894531,2366.605712890625,15458
2026-05-05T02:30:56Z,70,2,30,32,0.15,0.3,first_finish,0,,1.0,1.0,8.895075798034668,27.787519182477677,27.787519182477677,30.0,30.0,30.0,0,32,0,0.0,1.0,0.0,0,1,25.71428571428571,27.787519182477677,27.787519182477677,"[0.0, 27.787519182477677, -8.5600004196167, -1.0]",7.142857074737549,8.895075798034668,8.895075798034668,6.002216339111328,6.002216339111328,262.32659912109375,8.5600004196167,27787510622476.258,27787510622476.258,lexicographic,,0,0.0,"[0.0, 27.787519182477677, -8.5600004196167, -1.0]","[""ranking_0"", ""ranking_1"", ""ranking_2"", ""ranking_3""]",133.3699951171875,2637.939208984375,16273
2026-05-05T02:33:52Z,71,2,30,32,0.15,0.3,first_finish,0,,1.0,1.0,9.388916015625,27.787519182477677,27.787519182477677,30.0,30.0,30.0,0,32,0,0.0,1.0,0.0,0,1,25.71428571428571,27.787519182477677,27.787519182477677,"[0.0, 27.787519182477677, -8.5600004196167, -1.0]",8.035715103149414,9.388916015625,9.388916015625,5.783436298370361,5.783436298370361,262.32659912109375,8.5600004196167,27787510622476.258,27787510622476.258,lexicographic,,0,0.0,"[0.0, 27.787519182477677, -8.5600004196167, -1.0]","[""ranking_0"", ""ranking_1"", ""ranking_2"", ""ranking_3""]",151.8699951171875,2771.716796875,18429
2026-05-05T02:36:40Z,72,2,30,32,0.15,0.3,first_finish,0,,1.0,1.0,8.658964157104492,27.787519182477677,27.787519182477677,30.0,30.0,30.0,0,32,0,0.0,1.0,0.0,0,1,25.71428571428571,27.787519182477677,27.787519182477677,"[0.0, 27.787519182477677, -8.5600004196167, -1.0]",7.232142925262451,8.658964157104492,8.658964157104492,6.289247989654541,6.289247989654541,262.32659912109375,8.5600004196167,27787510622476.258,27787510622476.258,lexicographic,,0,0.0,"[0.0, 27.787519182477677, -8.5600004196167, -1.0]","[""ranking_0"", ""ranking_1"", ""ranking_2"", ""ranking_3""]",142.57000732421875,2556.17138671875,16966
2026-05-05T02:39:39Z,73,2,30,32,0.15,0.3,first_finish,0,,1.0,1.0,9.724864959716797,27.787519182477677,27.787519182477677,30.0,30.0,30.0,0,32,0,0.0,1.0,0.0,0,1,25.71428571428571,27.787519182477677,27.787519182477677,"[0.0, 27.787519182477677, -8.5600004196167, -1.0]",8.214285850524902,9.724864959716797,9.724864959716797,6.2671403884887695,6.2671403884887695,262.32659912109375,8.5600004196167,27787510622476.258,27787510622476.258,lexicographic,,0,0.0,"[0.0, 27.787519182477677, -8.5600004196167, -1.0]","[""ranking_0"", ""ranking_1"", ""ranking_2"", ""ranking_3""]",153.2100067138672,2857.9833984375,18672
2026-05-05T02:42:38Z,74,2,30,32,0.15,0.3,first_finish,0,,1.0,1.0,8.80086898803711,27.787519182477677,27.787519182477677,30.0,30.0,30.0,0,32,0,0.0,1.0,0.0,0,1,25.71428571428571,27.787519182477677,27.787519182477677,"[0.0, 27.787519182477677, -8.5600004196167, -1.0]",7.232143402099609,8.80086898803711,8.80086898803711,5.852244853973389,5.852244853973389,262.32659912109375,8.5600004196167,27787510622476.258,27787510622476.258,lexicographic,,0,0.0,"[0.0, 27.787519182477677, -8.5600004196167, -1.0]","[""ranking_0"", ""ranking_1"", ""ranking_2"", ""ranking_3""]",154.0,2566.8408203125,18724
2026-05-05T02:45:40Z,75,2,30,32,0.15,0.3,first_finish,0,,1.0,1.0,9.112424850463867,27.787519182477677,27.787519182477677,30.0,30.0,30.0,0,32,0,0.0,1.0,0.0,0,1,25.71428571428571,27.787519182477677,27.787519182477677,"[0.0, 27.787519182477677, -8.5600004196167, -1.0]",7.410714626312256,9.112424850463867,9.112424850463867,5.914093971252441,5.914093971252441,262.32659912109375,8.5600004196167,27787510622476.258,27787510622476.258,lexicographic,,0,0.0,"[0.0, 27.787519182477677, -8.5600004196167, -1.0]","[""ranking_0"", ""ranking_1"", ""ranking_2"", ""ranking_3""]",157.35000610351562,2658.21923828125,19119
2026-05-05T02:48:53Z,76,2,30,32,0.15,0.3,first_finish,0,,1.0,1.0,11.087836265563965,27.787519182477677,27.787519182477677,30.0,30.0,30.0,0,32,0,0.0,1.0,0.0,0,1,25.71428571428571,27.787519182477677,27.787519182477677,"[0.0, 27.787519182477677, -8.5600004196167, -1.0]",9.553571701049805,11.087836265563965,11.087836265563965,5.99337911605835,5.99337911605835,262.32659912109375,8.5600004196167,27787510622476.258,27787510622476.258,lexicographic,,0,0.0,"[0.0, 27.787519182477677, -8.5600004196167, -1.0]","[""ranking_0"", ""ranking_1"", ""ranking_2"", ""ranking_3""]",167.08999633789062,3236.969482421875,20367
2026-05-05T02:52:03Z,77,2,30,32,0.15,0.3,first_finish,0,,1.0,1.0,10.355440139770508,27.787519182477677,27.787519182477677,30.0,30.0,30.0,0,32,0,0.0,1.0,0.0,0,1,25.71428571428571,27.787519182477677,27.787519182477677,"[0.0, 27.787519182477677, -8.5600004196167, -1.0]",8.571429252624512,10.355440139770508,10.355440139770508,5.837475776672363,5.837475776672363,262.32659912109375,8.5600004196167,27787510622476.258,27787510622476.258,lexicographic,,0,0.0,"[0.0, 27.787519182477677, -8.5600004196167, -1.0]","[""ranking_0"", ""ranking_1"", ""ranking_2"", ""ranking_3""]",165.80999755859375,3030.03125,20075
2026-05-05T02:55:58Z,78,2,30,32,0.15,0.3,first_finish,0,,1.0,1.0,11.522529602050781,45.49126216343471,45.49126216343471,30.0,30.0,30.0,0,31,1,0.0,0.96875,0.03125,0,0,42.857142857142854,45.49126216343471,45.49126216343471,"[0.0, 45.49126216343471, -30.0, -0.0]",10.089285850524902,11.522529602050781,11.522529602050781,8.196907997131348,8.196907997131348,459.514404296875,30.0,45491232163434.71,45491232163434.71,lexicographic,,0,0.0,"[0.0, 45.49126216343471, -30.0, -0.0]","[""ranking_0"", ""ranking_1"", ""ranking_2"", ""ranking_3""]",209.77999877929688,3395.96044921875,25736
2026-05-05T02:58:39Z,79,2,30,32,0.15,0.3,first_finish,0,,1.0,1.0,8.678159713745117,45.49126216343471,45.49126216343471,30.0,30.0,30.0,0,31,1,0.0,0.96875,0.03125,0,0,42.857142857142854,45.49126216343471,45.49126216343471,"[0.0, 45.49126216343471, -30.0, -0.0]",7.142857551574707,8.678159713745117,8.678159713745117,8.345695495605469,8.345695495605469,459.514404296875,30.0,45491232163434.71,45491232163434.71,lexicographic,,0,0.0,"[0.0, 45.49126216343471, -30.0, -0.0]","[""ranking_0"", ""ranking_1"", ""ranking_2"", ""ranking_3""]",151.0500030517578,2460.515625,18713
2026-05-05T03:01:30Z,80,2,30,32,0.15,0.3,first_finish,0,,1.0,1.0,9.162918090820312,45.49126216343471,45.49126216343471,30.0,30.0,30.0,0,31,1,0.0,0.96875,0.03125,0,0,42.857142857142854,45.49126216343471,45.49126216343471,"[0.0, 45.49126216343471, -30.0, -0.0]",7.410714626312256,9.162918090820312,9.162918090820312,8.439894676208496,8.439894676208496,459.514404296875,30.0,45491232163434.71,45491232163434.71,lexicographic,,0,0.0,"[0.0, 45.49126216343471, -30.0, -0.0]","[""ranking_0"", ""ranking_1"", ""ranking_2"", ""ranking_3""]",162.19000244140625,2656.363037109375,20065
2026-05-05T03:04:41Z,81,2,30,32,0.15,0.3,first_finish,0,,1.0,1.0,9.97897720336914,45.49126216343471,45.49126216343471,30.0,30.0,30.0,0,31,1,0.0,0.96875,0.03125,0,0,42.857142857142854,45.49126216343471,45.49126216343471,"[0.0, 45.49126216343471, -30.0, -0.0]",8.660715103149414,9.97897720336914,9.97897720336914,8.19336986541748,8.19336986541748,459.514404296875,30.0,45491232163434.71,45491232163434.71,lexicographic,,0,0.0,"[0.0, 45.49126216343471, -30.0, -0.0]","[""ranking_0"", ""ranking_1"", ""ranking_2"", ""ranking_3""]",181.54998779296875,2875.132080078125,22267
2026-05-05T03:07:39Z,82,2,30,32,0.15,0.3,first_finish,0,,1.0,1.0,10.860677719116211,45.49126216343471,45.49126216343471,30.0,30.0,30.0,0,31,1,0.0,0.96875,0.03125,0,0,42.857142857142854,45.49126216343471,45.49126216343471,"[0.0, 45.49126216343471, -30.0, -0.0]",9.017857551574707,10.860677719116211,10.860677719116211,8.05578327178955,8.05578327178955,459.514404296875,30.0,45491232163434.71,45491232163434.71,lexicographic,,0,0.0,"[0.0, 45.49126216343471, -30.0, -0.0]","[""ranking_0"", ""ranking_1"", ""ranking_2"", ""ranking_3""]",168.35000610351562,3173.57470703125,20704
2026-05-05T03:10:32Z,83,2,30,32,0.15,0.3,first_finish,0,,1.0,1.0,10.531465530395508,45.49126216343471,45.49126216343471,30.0,30.0,30.0,0,31,1,0.0,0.96875,0.03125,0,0,42.857142857142854,45.49126216343471,45.49126216343471,"[0.0, 45.49126216343471, -30.0, -0.0]",8.839285850524902,10.531465530395508,10.531465530395508,8.702934265136719,8.702934265136719,459.514404296875,30.0,45491232163434.71,45491232163434.71,lexicographic,,0,0.0,"[0.0, 45.49126216343471, -30.0, -0.0]","[""ranking_0"", ""ranking_1"", ""ranking_2"", ""ranking_3""]",163.70999145507812,3051.2373046875,20138
2026-05-05T03:13:40Z,84,2,30,32,0.15,0.3,first_finish,0,,1.0,1.0,10.1521577835083,45.49126216343471,45.49126216343471,30.0,30.0,30.0,0,31,1,0.0,0.96875,0.03125,0,0,42.857142857142854,45.49126216343471,45.49126216343471,"[0.0, 45.49126216343471, -30.0, -0.0]",8.392857551574707,10.1521577835083,10.1521577835083,8.228861808776855,8.228861808776855,459.514404296875,30.0,45491232163434.71,45491232163434.71,lexicographic,,0,0.0,"[0.0, 45.49126216343471, -30.0, -0.0]","[""ranking_0"", ""ranking_1"", ""ranking_2"", ""ranking_3""]",178.72000122070312,3014.43212890625,22045
2026-05-05T03:17:32Z,85,2,30,32,0.15,0.3,first_finish,0,,1.0,1.0,12.501607894897461,45.49126216343471,45.49126216343471,30.0,30.0,30.0,0,31,1,0.0,0.96875,0.03125,0,0,42.857142857142854,45.49126216343471,45.49126216343471,"[0.0, 45.49126216343471, -30.0, -0.0]",10.892857551574707,12.501607894897461,12.501607894897461,8.211308479309082,8.211308479309082,459.514404296875,30.0,45491232163434.71,45491232163434.71,lexicographic,,0,0.0,"[0.0, 45.49126216343471, -30.0, -0.0]","[""ranking_0"", ""ranking_1"", ""ranking_2"", ""ranking_3""]",222.8699951171875,3791.49169921875,27405
2026-05-05T03:21:07Z,86,2,30,32,0.15,0.3,first_finish,0,,1.0,1.0,10.170440673828125,45.49126216343471,45.49126216343471,30.0,30.0,30.0,0,31,1,0.0,0.96875,0.03125,0,0,42.857142857142854,45.49126216343471,45.49126216343471,"[0.0, 45.49126216343471, -30.0, -0.0]",8.75,10.170440673828125,10.170440673828125,8.65282154083252,8.65282154083252,459.514404296875,30.0,45491232163434.71,45491232163434.71,lexicographic,,0,0.0,"[0.0, 45.49126216343471, -30.0, -0.0]","[""ranking_0"", ""ranking_1"", ""ranking_2"", ""ranking_3""]",219.41000366210938,3029.74609375,27026
2026-05-05T03:24:31Z,87,2,30,32,0.15,0.3,first_finish,0,,1.0,1.0,9.668643951416016,45.49126216343471,45.49126216343471,30.0,30.0,30.0,0,30,2,0.0,0.9375,0.0625,0,0,42.857142857142854,45.49126216343471,45.49126216343471,"[0.0, 45.49126216343471, -30.0, -0.0]",8.125,9.668643951416016,9.668643951416016,9.661298751831055,9.661298751831055,459.514404296875,30.0,45491232163434.71,45491232163434.71,lexicographic,,0,0.0,"[0.0, 45.49126216343471, -30.0, -0.0]","[""ranking_0"", ""ranking_1"", ""ranking_2"", ""ranking_3""]",209.07998657226562,2812.92333984375,25879
2026-05-05T03:28:01Z,88,2,30,32,0.15,0.3,first_finish,0,,1.0,1.0,10.311553955078125,45.49126216343471,45.49126216343471,30.0,30.0,30.0,0,30,2,0.0,0.9375,0.0625,0,0,42.857142857142854,45.49126216343471,45.49126216343471,"[0.0, 45.49126216343471, -30.0, -0.0]",8.660714149475098,10.311553955078125,10.311553955078125,8.78039836883545,8.78039836883545,459.514404296875,30.0,45491232163434.71,45491232163434.71,lexicographic,,0,0.0,"[0.0, 45.49126216343471, -30.0, -0.0]","[""ranking_0"", ""ranking_1"", ""ranking_2"", ""ranking_3""]",221.97000122070312,3071.706298828125,27451
2026-05-05T03:31:47Z,89,2,30,32,0.15,0.3,first_finish,0,,1.0,1.0,10.55756664276123,45.49126216343471,45.49126216343471,30.0,30.0,30.0,0,30,2,0.0,0.9375,0.0625,0,0,42.857142857142854,45.49126216343471,45.49126216343471,"[0.0, 45.49126216343471, -30.0, -0.0]",9.10714340209961,10.55756664276123,10.55756664276123,9.175275802612305,9.175275802612305,459.514404296875,30.0,45491232163434.71,45491232163434.71,lexicographic,,0,0.0,"[0.0, 45.49126216343471, -30.0, -0.0]","[""ranking_0"", ""ranking_1"", ""ranking_2"", ""ranking_3""]",237.72000122070312,3110.79931640625,29448
2026-05-05T03:35:32Z,90,2,30,32,0.15,0.3,first_finish,0,,1.0,1.0,11.396238327026367,45.49126216343471,45.49126216343471,30.0,30.0,30.0,0,29,3,0.0,0.90625,0.09375,0,0,42.857142857142854,45.49126216343471,45.49126216343471,"[0.0, 45.49126216343471, -30.0, -0.0]",10.0,11.396238327026367,11.396238327026367,10.134193420410156,10.134193420410156,459.514404296875,30.0,45491232163434.71,45491232163434.71,lexicographic,,0,0.0,"[0.0, 45.49126216343471, -30.0, -0.0]","[""ranking_0"", ""ranking_1"", ""ranking_2"", ""ranking_3""]",237.00999450683594,3373.109130859375,29235
2026-05-05T03:39:13Z,91,2,30,32,0.15,0.3,first_finish,0,,1.0,1.0,11.496753692626953,45.49126216343471,45.49126216343471,30.0,30.0,30.0,0,30,2,0.0,0.9375,0.0625,0,0,42.857142857142854,45.49126216343471,45.49126216343471,"[0.0, 45.49126216343471, -30.0, -0.0]",9.821428298950195,11.496753692626953,11.496753692626953,9.123733520507812,9.123733520507812,459.514404296875,30.0,45491232163434.71,45491232163434.71,lexicographic,,0,0.0,"[0.0, 45.49126216343471, -30.0, -0.0]","[""ranking_0"", ""ranking_1"", ""ranking_2"", ""ranking_3""]",233.67999267578125,3377.011962890625,28521
2026-05-05T03:43:49Z,92,2,30,32,0.15,0.3,first_finish,0,,1.0,1.0,12.666780471801758,49.31392059462641,49.31392059462641,30.0,30.0,30.0,0,28,4,0.0,0.875,0.125,0,0,48.57142857142857,49.31392059462641,49.31392059462641,"[0.0, 49.31392059462641, -30.0, -0.0]",11.339285850524902,12.666780471801758,12.666780471801758,12.250036239624023,12.250036239624023,527.66259765625,30.0,49313890594626.41,49313890594626.41,lexicographic,,0,0.0,"[0.0, 49.31392059462641, -30.0, -0.0]","[""ranking_0"", ""ranking_1"", ""ranking_2"", ""ranking_3""]",288.3499755859375,3783.16357421875,35739
2026-05-05T03:46:48Z,93,2,30,32,0.15,0.3,first_finish,0,,1.0,1.0,8.39261531829834,49.31392059462641,49.31392059462641,30.0,30.0,30.0,0,30,2,0.0,0.9375,0.0625,0,0,48.57142857142857,49.31392059462641,49.31392059462641,"[0.0, 49.31392059462641, -30.0, -0.0]",7.053571701049805,8.39261531829834,8.39261531829834,11.259313583374023,11.259313583374023,527.66259765625,30.0,49313890594626.41,49313890594626.41,lexicographic,,0,0.0,"[0.0, 49.31392059462641, -30.0, -0.0]","[""ranking_0"", ""ranking_1"", ""ranking_2"", ""ranking_3""]",190.47000122070312,2496.94873046875,23845
2026-05-05T03:50:13Z,94,2,30,32,0.15,0.3,first_finish,0,,1.0,1.0,10.53549575805664,49.31392059462641,49.31392059462641,30.0,30.0,30.0,0,30,2,0.0,0.9375,0.0625,0,0,48.57142857142857,49.31392059462641,49.31392059462641,"[0.0, 49.31392059462641, -30.0, -0.0]",8.839285850524902,10.53549575805664,10.53549575805664,10.713926315307617,10.713926315307617,527.66259765625,30.0,49313890594626.41,49313890594626.41,lexicographic,,0,0.0,"[0.0, 49.31392059462641, -30.0, -0.0]","[""ranking_0"", ""ranking_1"", ""ranking_2"", ""ranking_3""]",217.67001342773438,3141.0615234375,27045
2026-05-05T03:53:17Z,95,2,30,32,0.15,0.3,first_finish,0,,1.0,1.0,10.557174682617188,49.31392059462641,49.31392059462641,30.0,30.0,30.0,0,30,2,0.0,0.9375,0.0625,0,0,48.57142857142857,49.31392059462641,49.31392059462641,"[0.0, 49.31392059462641, -30.0, -0.0]",9.10714340209961,10.557174682617188,10.557174682617188,10.161914825439453,10.161914825439453,527.66259765625,30.0,49313890594626.41,49313890594626.41,lexicographic,,0,0.0,"[0.0, 49.31392059462641, -30.0, -0.0]","[""ranking_0"", ""ranking_1"", ""ranking_2"", ""ranking_3""]",195.26998901367188,3161.86669921875,24297
2026-05-05T03:56:26Z,96,2,30,32,0.15,0.3,first_finish,0,,1.0,1.0,10.965116500854492,49.31392059462641,49.31392059462641,30.0,30.0,30.0,0,30,2,0.0,0.9375,0.0625,0,0,48.57142857142857,49.31392059462641,49.31392059462641,"[0.0, 49.31392059462641, -30.0, -0.0]",9.464286804199219,10.965116500854492,10.965116500854492,11.165871620178223,11.165871620178223,527.66259765625,30.0,49313890594626.41,49313890594626.41,lexicographic,,0,0.0,"[0.0, 49.31392059462641, -30.0, -0.0]","[""ranking_0"", ""ranking_1"", ""ranking_2"", ""ranking_3""]",202.0800018310547,3276.48486328125,25220
2026-05-05T03:59:44Z,97,2,30,32,0.15,0.3,first_finish,0,,1.0,1.0,12.401213645935059,49.31392059462641,49.31392059462641,30.0,30.0,30.0,0,30,2,0.0,0.9375,0.0625,0,0,48.57142857142857,49.31392059462641,49.31392059462641,"[0.0, 49.31392059462641, -30.0, -0.0]",10.625,12.401213645935059,12.401213645935059,10.74890422821045,10.74890422821045,527.66259765625,30.0,49313890594626.41,49313890594626.41,lexicographic,,0,0.0,"[0.0, 49.31392059462641, -30.0, -0.0]","[""ranking_0"", ""ranking_1"", ""ranking_2"", ""ranking_3""]",209.52000427246094,3762.58935546875,26089
2026-05-05T04:03:02Z,98,2,30,32,0.15,0.3,first_finish,0,,1.0,1.0,11.275840759277344,49.31392059462641,49.31392059462641,30.0,30.0,30.0,0,30,2,0.0,0.9375,0.0625,0,0,48.57142857142857,49.31392059462641,49.31392059462641,"[0.0, 49.31392059462641, -30.0, -0.0]",10.0,11.275840759277344,11.275840759277344,10.33021354675293,10.33021354675293,527.66259765625,30.0,49313890594626.41,49313890594626.41,lexicographic,,0,0.0,"[0.0, 49.31392059462641, -30.0, -0.0]","[""ranking_0"", ""ranking_1"", ""ranking_2"", ""ranking_3""]",209.6099853515625,3392.523681640625,26119
2026-05-05T04:06:32Z,99,2,30,32,0.15,0.3,first_finish,0,,1.0,1.0,12.233051300048828,49.31392059462641,49.31392059462641,30.0,30.0,30.0,0,30,2,0.0,0.9375,0.0625,0,0,48.57142857142857,49.31392059462641,49.31392059462641,"[0.0, 49.31392059462641, -30.0, -0.0]",10.535714149475098,12.233051300048828,12.233051300048828,10.759063720703125,10.759063720703125,527.66259765625,30.0,49313890594626.41,49313890594626.41,lexicographic,,0,0.0,"[0.0, 49.31392059462641, -30.0, -0.0]","[""ranking_0"", ""ranking_1"", ""ranking_2"", ""ranking_3""]",222.4199981689453,3655.0810546875,27367
2026-05-05T04:09:42Z,100,2,30,32,0.15,0.3,first_finish,0,,1.0,1.0,10.77073860168457,49.31392059462641,49.31392059462641,30.0,30.0,30.0,0,30,2,0.0,0.9375,0.0625,0,0,48.57142857142857,49.31392059462641,49.31392059462641,"[0.0, 49.31392059462641, -30.0, -0.0]",9.285714149475098,10.77073860168457,10.77073860168457,10.468334197998047,10.468334197998047,527.66259765625,30.0,49313890594626.41,49313890594626.41,lexicographic,,0,0.0,"[0.0, 49.31392059462641, -30.0, -0.0]","[""ranking_0"", ""ranking_1"", ""ranking_2"", ""ranking_3""]",202.05999755859375,3209.379638671875,25139
2026-05-05T04:12:42Z,101,2,30,32,0.15,0.3,first_finish,0,,1.0,1.0,11.390125274658203,49.31392059462641,49.31392059462641,30.0,30.0,30.0,0,30,2,0.0,0.9375,0.0625,0,0,48.57142857142857,49.31392059462641,49.31392059462641,"[0.0, 49.31392059462641, -30.0, -0.0]",10.0,11.390125274658203,11.390125274658203,10.720479011535645,10.720479011535645,527.66259765625,30.0,49313890594626.41,49313890594626.41,lexicographic,,0,0.0,"[0.0, 49.31392059462641, -30.0, -0.0]","[""ranking_0"", ""ranking_1"", ""ranking_2"", ""ranking_3""]",192.16000366210938,3409.3994140625,23932
2026-05-05T04:16:04Z,102,2,30,32,0.15,0.3,first_finish,0,,1.0,1.0,12.275989532470703,49.31392059462641,49.31392059462641,30.0,30.0,30.0,0,30,2,0.0,0.9375,0.0625,0,0,48.57142857142857,49.31392059462641,49.31392059462641,"[0.0, 49.31392059462641, -30.0, -0.0]",10.625,12.275989532470703,12.275989532470703,11.214359283447266,11.214359283447266,527.66259765625,30.0,49313890594626.41,49313890594626.41,lexicographic,,0,0.0,"[0.0, 49.31392059462641, -30.0, -0.0]","[""ranking_0"", ""ranking_1"", ""ranking_2"", ""ranking_3""]",214.4099884033203,3710.68408203125,26510
2026-05-05T04:19:51Z,103,2,30,32,0.15,0.3,first_finish,0,,1.0,1.0,13.003853797912598,49.31392059462641,49.31392059462641,30.0,30.0,30.0,0,29,3,0.0,0.90625,0.09375,0,0,48.57142857142857,49.31392059462641,49.31392059462641,"[0.0, 49.31392059462641, -30.0, -0.0]",11.607142448425293,13.003853797912598,13.003853797912598,11.357625007629395,11.357625007629395,527.66259765625,30.0,49313890594626.41,49313890594626.41,lexicographic,,0,0.0,"[0.0, 49.31392059462641, -30.0, -0.0]","[""ranking_0"", ""ranking_1"", ""ranking_2"", ""ranking_3""]",238.6199951171875,4008.552001953125,29905
2026-05-05T04:23:08Z,104,2,30,32,0.15,0.3,first_finish,0,,1.0,1.0,11.499347686767578,49.31392059462641,49.31392059462641,30.0,30.0,30.0,0,30,2,0.0,0.9375,0.0625,0,0,48.57142857142857,49.31392059462641,49.31392059462641,"[0.0, 49.31392059462641, -30.0, -0.0]",9.910714149475098,11.499347686767578,11.499347686767578,10.250666618347168,10.250666618347168,527.66259765625,30.0,49313890594626.41,49313890594626.41,lexicographic,,0,0.0,"[0.0, 49.31392059462641, -30.0, -0.0]","[""ranking_0"", ""ranking_1"", ""ranking_2"", ""ranking_3""]",208.83999633789062,3442.02685546875,26000
2026-05-05T04:26:35Z,105,2,30,32,0.15,0.3,first_finish,0,,1.0,1.0,12.284341812133789,54.586421421595986,54.586421421595986,30.0,30.0,30.0,0,29,3,0.0,0.90625,0.09375,0,0,54.285714285714285,54.586421421595986,54.586421421595986,"[0.0, 54.586421421595986, -30.0, -0.0]",10.535715103149414,12.284341812133789,12.284341812133789,12.753790855407715,12.753790855407715,614.3067626953125,30.0,54586391421595.984,54586391421595.984,lexicographic,,0,0.0,"[0.0, 54.586421421595986, -30.0, -0.0]","[""ranking_0"", ""ranking_1"", ""ranking_2"", ""ranking_3""]",219.51998901367188,3798.533203125,27483
2026-05-05T04:30:18Z,106,2,30,32,0.15,0.3,first_finish,0,,1.0,1.0,14.956811904907227,66.45482199532645,66.45482199532645,30.0,30.0,30.0,0,30,2,0.0,0.9375,0.0625,0,1,65.71428571428571,66.45482199532645,66.45482199532645,"[0.0, 66.45482199532645, -19.760000228881836, -1.0]",13.035713195800781,14.956811904907227,14.956811904907227,15.147013664245605,15.147013664245605,718.9468994140625,19.760000228881836,66454802235325.23,66454802235325.23,lexicographic,,0,0.0,"[0.0, 66.45482199532645, -19.760000228881836, -1.0]","[""ranking_0"", ""ranking_1"", ""ranking_2"", ""ranking_3""]",235.489990234375,4680.333984375,29126
2026-05-05T04:33:30Z,107,2,30,32,0.15,0.3,first_finish,0,,1.0,1.0,12.516526222229004,66.45482199532645,66.45482199532645,30.0,30.0,30.0,0,31,1,0.0,0.96875,0.03125,0,1,65.71428571428571,66.45482199532645,66.45482199532645,"[0.0, 66.45482199532645, -19.760000228881836, -1.0]",10.803571701049805,12.516526222229004,12.516526222229004,14.655095100402832,14.655095100402832,718.9468994140625,19.760000228881836,66454802235325.23,66454802235325.23,lexicographic,,0,0.0,"[0.0, 66.45482199532645, -19.760000228881836, -1.0]","[""ranking_0"", ""ranking_1"", ""ranking_2"", ""ranking_3""]",194.32000732421875,3898.96484375,23672
2026-05-05T04:36:47Z,108,2,30,32,0.15,0.3,first_finish,0,,1.0,1.0,13.21573543548584,66.45482199532645,66.45482199532645,30.0,30.0,30.0,0,31,1,0.0,0.96875,0.03125,0,1,65.71428571428571,66.45482199532645,66.45482199532645,"[0.0, 66.45482199532645, -19.760000228881836, -1.0]",11.428570747375488,13.21573543548584,13.21573543548584,15.560699462890625,15.560699462890625,718.9468994140625,19.760000228881836,66454802235325.23,66454802235325.23,lexicographic,,0,0.0,"[0.0, 66.45482199532645, -19.760000228881836, -1.0]","[""ranking_0"", ""ranking_1"", ""ranking_2"", ""ranking_3""]",198.17999267578125,4149.875,24511
2026-05-05T04:39:35Z,109,2,30,32,0.15,0.3,first_finish,0,,1.0,1.0,10.96037483215332,66.45482199532645,66.45482199532645,30.0,30.0,30.0,0,31,1,0.0,0.96875,0.03125,0,1,65.71428571428571,66.45482199532645,66.45482199532645,"[0.0, 66.45482199532645, -19.760000228881836, -1.0]",9.553571701049805,10.96037483215332,10.96037483215332,14.209321022033691,14.209321022033691,718.9468994140625,19.760000228881836,66454802235325.23,66454802235325.23,lexicographic,,0,0.0,"[0.0, 66.45482199532645, -19.760000228881836, -1.0]","[""ranking_0"", ""ranking_1"", ""ranking_2"", ""ranking_3""]",170.5399932861328,3319.435302734375,21132
2026-05-05T04:42:20Z,110,2,30,32,0.15,0.3,first_finish,0,,1.0,1.0,9.864301681518555,66.45482199532645,66.45482199532645,30.0,30.0,30.0,0,31,1,0.0,0.96875,0.03125,0,1,65.71428571428571,66.45482199532645,66.45482199532645,"[0.0, 66.45482199532645, -19.760000228881836, -1.0]",8.035714149475098,9.864301681518555,9.864301681518555,13.99871826171875,13.99871826171875,718.9468994140625,19.760000228881836,66454802235325.23,66454802235325.23,lexicographic,,0,0.0,"[0.0, 66.45482199532645, -19.760000228881836, -1.0]","[""ranking_0"", ""ranking_1"", ""ranking_2"", ""ranking_3""]",167.14999389648438,2999.912109375,20614
2026-05-05T04:45:48Z,111,2,30,32,0.15,0.3,first_finish,0,,1.0,1.0,13.246933937072754,66.45482199532645,66.45482199532645,30.0,30.0,30.0,0,30,2,0.0,0.9375,0.0625,0,1,65.71428571428571,66.45482199532645,66.45482199532645,"[0.0, 66.45482199532645, -19.760000228881836, -1.0]",11.607142448425293,13.246933937072754,13.246933937072754,16.69917106628418,16.69917106628418,718.9468994140625,19.760000228881836,66454802235325.23,66454802235325.23,lexicographic,,0,0.0,"[0.0, 66.45482199532645, -19.760000228881836, -1.0]","[""ranking_0"", ""ranking_1"", ""ranking_2"", ""ranking_3""]",209.67999267578125,4236.04248046875,25579
2026-05-05T04:49:13Z,112,2,30,32,0.15,0.3,first_finish,0,,1.0,1.0,13.489662170410156,66.45482199532645,66.45482199532645,30.0,30.0,30.0,0,31,1,0.0,0.96875,0.03125,0,1,65.71428571428571,66.45482199532645,66.45482199532645,"[0.0, 66.45482199532645, -19.760000228881836, -1.0]",11.785713195800781,13.489662170410156,13.489662170410156,13.628829956054688,13.628829956054688,718.9468994140625,19.760000228881836,66454802235325.23,66454802235325.23,lexicographic,,0,0.0,"[0.0, 66.45482199532645, -19.760000228881836, -1.0]","[""ranking_0"", ""ranking_1"", ""ranking_2"", ""ranking_3""]",206.88998413085938,4112.005859375,25312
2026-05-05T04:52:35Z,113,2,30,32,0.15,0.3,first_finish,0,,1.0,1.0,12.978116989135742,66.45482199532645,66.45482199532645,30.0,30.0,30.0,0,31,1,0.0,0.96875,0.03125,0,1,65.71428571428571,66.45482199532645,66.45482199532645,"[0.0, 66.45482199532645, -19.760000228881836, -1.0]",11.339284896850586,12.978116989135742,12.978116989135742,13.521397590637207,13.521397590637207,718.9468994140625,19.760000228881836,66454802235325.23,66454802235325.23,lexicographic,,0,0.0,"[0.0, 66.45482199532645, -19.760000228881836, -1.0]","[""ranking_0"", ""ranking_1"", ""ranking_2"", ""ranking_3""]",203.14999389648438,3983.91064453125,24865
2026-05-05T04:55:36Z,114,2,30,32,0.15,0.3,first_finish,0,,1.0,1.0,12.390176773071289,66.45482199532645,66.45482199532645,30.0,30.0,30.0,0,31,1,0.0,0.96875,0.03125,0,1,65.71428571428571,66.45482199532645,66.45482199532645,"[0.0, 66.45482199532645, -19.760000228881836, -1.0]",10.803571701049805,12.390176773071289,12.390176773071289,13.996156692504883,13.996156692504883,718.9468994140625,19.760000228881836,66454802235325.23,66454802235325.23,lexicographic,,0,0.0,"[0.0, 66.45482199532645, -19.760000228881836, -1.0]","[""ranking_0"", ""ranking_1"", ""ranking_2"", ""ranking_3""]",183.7100067138672,3837.988525390625,22443
2026-05-05T04:59:01Z,115,2,30,32,0.15,0.3,first_finish,0,,1.0,1.0,14.239151000976562,66.45482199532645,66.45482199532645,30.0,30.0,30.0,0,31,1,0.0,0.96875,0.03125,0,1,65.71428571428571,66.45482199532645,66.45482199532645,"[0.0, 66.45482199532645, -19.760000228881836, -1.0]",12.678570747375488,14.239151000976562,14.239151000976562,14.983171463012695,14.983171463012695,718.9468994140625,19.760000228881836,66454802235325.23,66454802235325.23,lexicographic,,0,0.0,"[0.0, 66.45482199532645, -19.760000228881836, -1.0]","[""ranking_0"", ""ranking_1"", ""ranking_2"", ""ranking_3""]",206.69000244140625,4467.970703125,25434
2026-05-05T05:02:29Z,116,2,30,32,0.15,0.3,first_finish,0,,1.0,1.0,14.72121810913086,66.45482199532645,66.45482199532645,30.0,30.0,30.0,0,31,1,0.0,0.96875,0.03125,0,1,65.71428571428571,66.45482199532645,66.45482199532645,"[0.0, 66.45482199532645, -19.760000228881836, -1.0]",12.946428298950195,14.72121810913086,14.72121810913086,14.538334846496582,14.538334846496582,718.9468994140625,19.760000228881836,66454802235325.23,66454802235325.23,lexicographic,,0,0.0,"[0.0, 66.45482199532645, -19.760000228881836, -1.0]","[""ranking_0"", ""ranking_1"", ""ranking_2"", ""ranking_3""]",209.55999755859375,4635.138671875,25871
2026-05-05T05:06:05Z,117,2,30,32,0.15,0.3,first_finish,0,,1.0,1.0,14.509848594665527,66.45482199532645,66.45482199532645,30.0,30.0,30.0,0,31,1,0.0,0.96875,0.03125,0,1,65.71428571428571,66.45482199532645,66.45482199532645,"[0.0, 66.45482199532645, -19.760000228881836, -1.0]",13.035714149475098,14.509848594665527,14.509848594665527,14.461732864379883,14.461732864379883,718.9468994140625,19.760000228881836,66454802235325.23,66454802235325.23,lexicographic,,0,0.0,"[0.0, 66.45482199532645, -19.760000228881836, -1.0]","[""ranking_0"", ""ranking_1"", ""ranking_2"", ""ranking_3""]",217.92001342773438,4568.50927734375,26630
2026-05-05T05:09:45Z,118,2,30,32,0.15,0.3,first_finish,0,,1.0,1.0,14.778125762939453,66.45482199532645,66.45482199532645,30.0,30.0,30.0,0,31,1,0.0,0.96875,0.03125,0,1,65.71428571428571,66.45482199532645,66.45482199532645,"[0.0, 66.45482199532645, -19.760000228881836, -1.0]",13.035715103149414,14.778125762939453,14.778125762939453,15.102947235107422,15.102947235107422,718.9468994140625,19.760000228881836,66454802235325.23,66454802235325.23,lexicographic,,0,0.0,"[0.0, 66.45482199532645, -19.760000228881836, -1.0]","[""ranking_0"", ""ranking_1"", ""ranking_2"", ""ranking_3""]",222.25,4761.81298828125,27468
2026-05-05T05:14:42Z,119,2,30,32,0.15,0.3,first_finish,0,,1.0,1.0,19.659862518310547,66.45482199532645,66.45482199532645,30.0,30.0,30.0,0,30,2,0.0,0.9375,0.0625,0,1,65.71428571428571,66.45482199532645,66.45482199532645,"[0.0, 66.45482199532645, -19.760000228881836, -1.0]",18.303569793701172,19.659862518310547,19.659862518310547,18.359249114990234,18.359249114990234,718.9468994140625,19.760000228881836,66454802235325.23,66454802235325.23,lexicographic,,0,0.0,"[0.0, 66.45482199532645, -19.760000228881836, -1.0]","[""ranking_0"", ""ranking_1"", ""ranking_2"", ""ranking_3""]",298.3699951171875,6437.76904296875,37013
2026-05-05T05:19:18Z,120,2,30,32,0.15,0.3,first_finish,0,,1.0,1.0,17.19386100769043,68.55082584281226,68.55082584281226,30.0,30.0,30.0,0,31,1,0.0,0.96875,0.03125,0,1,65.71428571428571,68.55082584281226,68.55082584281226,"[0.0, 68.55082584281226, -26.950000762939453, -1.0]",15.714284896850586,17.19386100769043,17.19386100769043,19.178136825561523,19.178136825561523,752.9849243164062,26.950000762939453,68550798892810.49,68550798892810.49,lexicographic,,0,0.0,"[0.0, 68.55082584281226, -26.950000762939453, -1.0]","[""ranking_0"", ""ranking_1"", ""ranking_2"", ""ranking_3""]",276.07000732421875,5560.92236328125,34404
2026-05-05T05:23:42Z,121,2,30,32,0.15,0.3,first_finish,0,,1.0,1.0,16.976280212402344,68.55082584281226,68.55082584281226,30.0,30.0,30.0,0,31,1,0.0,0.96875,0.03125,0,1,65.71428571428571,68.55082584281226,68.55082584281226,"[0.0, 68.55082584281226, -26.950000762939453, -1.0]",15.26785659790039,16.976280212402344,16.976280212402344,16.55916976928711,16.55916976928711,752.9849243164062,26.950000762939453,68550798892810.49,68550798892810.49,lexicographic,,0,0.0,"[0.0, 68.55082584281226, -26.950000762939453, -1.0]","[""ranking_0"", ""ranking_1"", ""ranking_2"", ""ranking_3""]",262.96002197265625,5352.46875,32610
2026-05-05T05:28:10Z,122,2,30,32,0.15,0.3,first_finish,0,,1.0,1.0,18.611068725585938,75.71428571428571,75.71428571428571,30.0,30.0,30.0,0,32,0,0.0,1.0,0.0,0,1,74.28571428571429,75.71428571428571,75.71428571428571,"[0.0, 75.71428571428571, -28.06999969482422, -1.0]",17.232141494750977,18.611068725585938,18.611068725585938,21.68189811706543,21.68189811706543,939.3682250976562,28.06999969482422,75714257644285.02,75714257644285.02,lexicographic,,0,0.0,"[0.0, 75.71428571428571, -28.06999969482422, -1.0]","[""ranking_0"", ""ranking_1"", ""ranking_2"", ""ranking_3""]",267.46002197265625,6093.0361328125,33480
2026-05-05T05:33:25Z,123,2,30,32,0.15,0.3,first_finish,0,,1.0,1.0,20.7452335357666,75.71428571428571,75.71428571428571,30.0,30.0,30.0,0,29,3,0.0,0.90625,0.09375,0,1,74.28571428571429,75.71428571428571,75.71428571428571,"[0.0, 75.71428571428571, -28.06999969482422, -1.0]",19.196428298950195,20.7452335357666,20.7452335357666,21.76793670654297,21.76793670654297,939.3682250976562,28.06999969482422,75714257644285.02,75714257644285.02,lexicographic,,0,0.0,"[0.0, 75.71428571428571, -28.06999969482422, -1.0]","[""ranking_0"", ""ranking_1"", ""ranking_2"", ""ranking_3""]",321.760009765625,6756.80517578125,40039
2026-05-05T05:38:10Z,124,2,30,32,0.15,0.3,first_finish,0,,1.0,1.0,17.518951416015625,75.71428571428571,75.71428571428571,30.0,30.0,30.0,0,30,2,0.0,0.9375,0.0625,0,1,74.28571428571429,75.71428571428571,75.71428571428571,"[0.0, 75.71428571428571, -28.06999969482422, -1.0]",15.625,17.518951416015625,17.518951416015625,21.050058364868164,21.050058364868164,939.3682250976562,28.06999969482422,75714257644285.02,75714257644285.02,lexicographic,,0,0.0,"[0.0, 75.71428571428571, -28.06999969482422, -1.0]","[""ranking_0"", ""ranking_1"", ""ranking_2"", ""ranking_3""]",292.6499938964844,5676.9091796875,36735
2026-05-05T05:43:48Z,125,2,30,32,0.15,0.3,first_finish,0,,1.0,1.0,22.138296127319336,75.71428571428571,75.71428571428571,30.0,30.0,30.0,0,30,2,0.0,0.9375,0.0625,0,1,74.28571428571429,75.71428571428571,75.71428571428571,"[0.0, 75.71428571428571, -28.06999969482422, -1.0]",20.357141494750977,22.138296127319336,22.138296127319336,23.812936782836914,23.812936782836914,939.3682250976562,28.06999969482422,75714257644285.02,75714257644285.02,lexicographic,,0,0.0,"[0.0, 75.71428571428571, -28.06999969482422, -1.0]","[""ranking_0"", ""ranking_1"", ""ranking_2"", ""ranking_3""]",344.69000244140625,7265.34228515625,43197
2026-05-05T05:48:46Z,126,2,30,32,0.15,0.3,first_finish,0,,1.0,1.0,19.719491958618164,75.71428571428571,75.71428571428571,30.0,30.0,30.0,0,31,1,0.0,0.96875,0.03125,0,1,74.28571428571429,75.71428571428571,75.71428571428571,"[0.0, 75.71428571428571, -28.06999969482422, -1.0]",18.03571319580078,19.719491958618164,19.719491958618164,18.661392211914062,18.661392211914062,939.3682250976562,28.06999969482422,75714257644285.02,75714257644285.02,lexicographic,,0,0.0,"[0.0, 75.71428571428571, -28.06999969482422, -1.0]","[""ranking_0"", ""ranking_1"", ""ranking_2"", ""ranking_3""]",305.2499694824219,6404.01318359375,38029
2026-05-05T05:53:35Z,127,2,30,32,0.15,0.3,first_finish,0,,1.0,1.0,18.625396728515625,75.71428571428571,75.71428571428571,30.0,30.0,30.0,0,31,1,0.0,0.96875,0.03125,0,1,74.28571428571429,75.71428571428571,75.71428571428571,"[0.0, 75.71428571428571, -28.06999969482422, -1.0]",16.78571319580078,18.625396728515625,18.625396728515625,21.24612808227539,21.24612808227539,939.3682250976562,28.06999969482422,75714257644285.02,75714257644285.02,lexicographic,,0,0.0,"[0.0, 75.71428571428571, -28.06999969482422, -1.0]","[""ranking_0"", ""ranking_1"", ""ranking_2"", ""ranking_3""]",296.6300048828125,6099.705078125,37145
2026-05-05T05:58:07Z,128,2,30,32,0.15,0.3,first_finish,0,,1.0,1.0,19.572307586669922,75.71428571428571,75.71428571428571,30.0,30.0,30.0,0,31,1,0.0,0.96875,0.03125,0,1,74.28571428571429,75.71428571428571,75.71428571428571,"[0.0, 75.71428571428571, -28.06999969482422, -1.0]",17.76785659790039,19.572307586669922,19.572307586669922,21.18258285522461,21.18258285522461,939.3682250976562,28.06999969482422,75714257644285.02,75714257644285.02,lexicographic,,0,0.0,"[0.0, 75.71428571428571, -28.06999969482422, -1.0]","[""ranking_0"", ""ranking_1"", ""ranking_2"", ""ranking_3""]",278.989990234375,6493.04833984375,34855
2026-05-05T06:03:26Z,129,2,30,32,0.15,0.3,first_finish,0,,1.0,1.0,21.4202880859375,75.71428571428571,75.71428571428571,30.0,30.0,30.0,0,28,4,0.0,0.875,0.125,0,1,74.28571428571429,75.71428571428571,75.71428571428571,"[0.0, 75.71428571428571, -28.06999969482422, -1.0]",19.732141494750977,21.4202880859375,21.4202880859375,22.229307174682617,22.229307174682617,939.3682250976562,28.06999969482422,75714257644285.02,75714257644285.02,lexicographic,,0,0.0,"[0.0, 75.71428571428571, -28.06999969482422, -1.0]","[""ranking_0"", ""ranking_1"", ""ranking_2"", ""ranking_3""]",329.1099853515625,7221.826171875,41250
2026-05-05T06:10:36Z,130,2,30,32,0.15,0.3,first_finish,0,,1.0,1.0,29.519405364990234,77.20476422991072,77.20476422991072,30.0,30.0,30.0,0,27,5,0.0,0.84375,0.15625,0,1,77.14285714285715,77.20476422991072,77.20476422991072,"[0.0, 77.20476422991072, -26.450000762939453, -1.0]",28.035715103149414,29.519405364990234,29.519405364990234,25.119705200195312,25.119705200195312,900.6788940429688,26.450000762939453,77204737779908.95,77204737779908.95,lexicographic,,0,0.0,"[0.0, 77.20476422991072, -26.450000762939453, -1.0]","[""ranking_0"", ""ranking_1"", ""ranking_2"", ""ranking_3""]",440.42999267578125,10134.384765625,55375
2026-05-05T06:16:29Z,131,2,30,32,0.15,0.3,first_finish,0,,1.0,1.0,21.944055557250977,77.20476422991072,77.20476422991072,30.0,30.0,30.0,0,29,3,0.0,0.90625,0.09375,0,1,77.14285714285715,77.20476422991072,77.20476422991072,"[0.0, 77.20476422991072, -26.450000762939453, -1.0]",20.35714340209961,21.944055557250977,21.944055557250977,23.2308406829834,23.2308406829834,900.6788940429688,26.450000762939453,77204737779908.95,77204737779908.95,lexicographic,,0,0.0,"[0.0, 77.20476422991072, -26.450000762939453, -1.0]","[""ranking_0"", ""ranking_1"", ""ranking_2"", ""ranking_3""]",361.94000244140625,7255.88623046875,45077
2026-05-05T06:24:15Z,132,2,30,32,0.15,0.3,first_finish,0,,1.0,1.0,29.915353775024414,77.20476422991072,77.20476422991072,30.0,30.0,30.0,0,26,6,0.0,0.8125,0.1875,0,1,77.14285714285715,77.20476422991072,77.20476422991072,"[0.0, 77.20476422991072, -26.450000762939453, -1.0]",28.571428298950195,29.915353775024414,29.915353775024414,24.957571029663086,24.957571029663086,900.6788940429688,26.450000762939453,77204737779908.95,77204737779908.95,lexicographic,,0,0.0,"[0.0, 77.20476422991072, -26.450000762939453, -1.0]","[""ranking_0"", ""ranking_1"", ""ranking_2"", ""ranking_3""]",474.4000244140625,10039.2509765625,59868
2026-05-05T06:31:27Z,133,2,30,32,0.15,0.3,first_finish,0,,1.0,1.0,28.486900329589844,77.20476422991072,77.20476422991072,30.0,30.0,30.0,0,27,5,0.0,0.84375,0.15625,0,1,77.14285714285715,77.20476422991072,77.20476422991072,"[0.0, 77.20476422991072, -26.450000762939453, -1.0]",26.696430206298828,28.486900329589844,28.486900329589844,23.748788833618164,23.748788833618164,900.6788940429688,26.450000762939453,77204737779908.95,77204737779908.95,lexicographic,,0,0.0,"[0.0, 77.20476422991072, -26.450000762939453, -1.0]","[""ranking_0"", ""ranking_1"", ""ranking_2"", ""ranking_3""]",441.17999267578125,9451.8203125,55211
2026-05-05T06:35:25Z,134,2,30,32,0.15,0.3,first_finish,0,,1.0,1.0,17.947315216064453,77.20476422991072,77.20476422991072,30.0,30.0,30.0,0,32,0,0.0,1.0,0.0,0,1,77.14285714285715,77.20476422991072,77.20476422991072,"[0.0, 77.20476422991072, -26.450000762939453, -1.0]",16.33928680419922,17.947315216064453,17.947315216064453,21.898265838623047,21.898265838623047,900.6788940429688,26.450000762939453,77204737779908.95,77204737779908.95,lexicographic,,0,0.0,"[0.0, 77.20476422991072, -26.450000762939453, -1.0]","[""ranking_0"", ""ranking_1"", ""ranking_2"", ""ranking_3""]",244.02000427246094,5930.912109375,25367
2026-05-05T06:39:07Z,135,2,30,32,0.15,0.3,first_finish,0,,1.0,1.0,17.697309494018555,77.20476422991072,77.20476422991072,30.0,30.0,30.0,0,32,0,0.0,1.0,0.0,0,1,77.14285714285715,77.20476422991072,77.20476422991072,"[0.0, 77.20476422991072, -26.450000762939453, -1.0]",16.071428298950195,17.697309494018555,17.697309494018555,17.768625259399414,17.768625259399414,900.6788940429688,26.450000762939453,77204737779908.95,77204737779908.95,lexicographic,,0,0.0,"[0.0, 77.20476422991072, -26.450000762939453, -1.0]","[""ranking_0"", ""ranking_1"", ""ranking_2"", ""ranking_3""]",224.03997802734375,5758.6396484375,16649
2026-05-05T06:42:29Z,136,2,30,32,0.15,0.3,first_finish,0,,1.0,1.0,16.427675247192383,77.20476422991072,77.20476422991072,30.0,30.0,30.0,0,32,0,0.0,1.0,0.0,0,1,77.14285714285715,77.20476422991072,77.20476422991072,"[0.0, 77.20476422991072, -26.450000762939453, -1.0]",14.910715103149414,16.427675247192383,16.427675247192383,20.04853057861328,20.04853057861328,900.6788940429688,26.450000762939453,77204737779908.95,77204737779908.95,lexicographic,,0,0.0,"[0.0, 77.20476422991072, -26.450000762939453, -1.0]","[""ranking_0"", ""ranking_1"", ""ranking_2"", ""ranking_3""]",204.26998901367188,5385.3857421875,13184
2026-05-05T06:46:33Z,137,2,30,32,0.15,0.3,first_finish,0,,1.0,1.0,20.548709869384766,77.20476422991072,77.20476422991072,30.0,30.0,30.0,0,32,0,0.0,1.0,0.0,0,1,77.14285714285715,77.20476422991072,77.20476422991072,"[0.0, 77.20476422991072, -26.450000762939453, -1.0]",18.83928680419922,20.548709869384766,20.548709869384766,22.60256576538086,22.60256576538086,900.6788940429688,26.450000762939453,77204737779908.95,77204737779908.95,lexicographic,,0,0.0,"[0.0, 77.20476422991072, -26.450000762939453, -1.0]","[""ranking_0"", ""ranking_1"", ""ranking_2"", ""ranking_3""]",245.72999572753906,6795.36376953125,15663
2026-05-05T06:50:17Z,138,2,30,32,0.15,0.3,first_finish,0,,1.0,1.0,18.028696060180664,77.20476422991072,77.20476422991072,30.0,30.0,30.0,0,32,0,0.0,1.0,0.0,0,1,77.14285714285715,77.20476422991072,77.20476422991072,"[0.0, 77.20476422991072, -26.450000762939453, -1.0]",16.428569793701172,18.028696060180664,18.028696060180664,19.380016326904297,19.380016326904297,900.6788940429688,26.450000762939453,77204737779908.95,77204737779908.95,lexicographic,,0,0.0,"[0.0, 77.20476422991072, -26.450000762939453, -1.0]","[""ranking_0"", ""ranking_1"", ""ranking_2"", ""ranking_3""]",226.42999267578125,5890.0654296875,15412
2026-05-05T06:53:29Z,139,2,30,32,0.15,0.3,first_finish,0,,1.0,1.0,15.739019393920898,77.20476422991072,77.20476422991072,30.0,30.0,30.0,0,32,0,0.0,1.0,0.0,0,1,77.14285714285715,77.20476422991072,77.20476422991072,"[0.0, 77.20476422991072, -26.450000762939453, -1.0]",13.928569793701172,15.739019393920898,15.739019393920898,17.28692054748535,17.28692054748535,900.6788940429688,26.450000762939453,77204737779908.95,77204737779908.95,lexicographic,,0,0.0,"[0.0, 77.20476422991072, -26.450000762939453, -1.0]","[""ranking_0"", ""ranking_1"", ""ranking_2"", ""ranking_3""]",194.20001220703125,4972.7177734375,12838
2026-05-05T06:57:15Z,140,2,30,32,0.15,0.3,first_finish,0,,1.0,1.0,19.515117645263672,77.20476422991072,77.20476422991072,30.0,30.0,30.0,0,32,0,0.0,1.0,0.0,0,1,77.14285714285715,77.20476422991072,77.20476422991072,"[0.0, 77.20476422991072, -26.450000762939453, -1.0]",18.035715103149414,19.515117645263672,19.515117645263672,20.360668182373047,20.360668182373047,900.6788940429688,26.450000762939453,77204737779908.95,77204737779908.95,lexicographic,,0,0.0,"[0.0, 77.20476422991072, -26.450000762939453, -1.0]","[""ranking_0"", ""ranking_1"", ""ranking_2"", ""ranking_3""]",227.3199920654297,6422.24658203125,14864
2026-05-05T07:01:05Z,141,2,30,32,0.15,0.3,first_finish,0,,1.0,1.0,20.133882522583008,77.20476422991072,77.20476422991072,30.0,30.0,30.0,0,32,0,0.0,1.0,0.0,0,1,77.14285714285715,77.20476422991072,77.20476422991072,"[0.0, 77.20476422991072, -26.450000762939453, -1.0]",18.39285659790039,20.133882522583008,20.133882522583008,21.989770889282227,21.989770889282227,900.6788940429688,26.450000762939453,77204737779908.95,77204737779908.95,lexicographic,,0,0.0,"[0.0, 77.20476422991072, -26.450000762939453, -1.0]","[""ranking_0"", ""ranking_1"", ""ranking_2"", ""ranking_3""]",232.42999267578125,6625.166015625,15036
2026-05-05T07:05:11Z,142,2,30,32,0.15,0.3,first_finish,0,,1.0,1.0,21.431325912475586,77.89512089320591,77.89512089320591,30.0,30.0,30.0,0,32,0,0.0,1.0,0.0,0,1,77.14285714285715,77.89512089320591,77.89512089320591,"[0.0, 77.89512089320591, -25.979999542236328, -1.0]",19.73214340209961,21.431325912475586,21.431325912475586,23.64615249633789,23.64615249633789,869.3307495117188,25.979999542236328,77895094913205.36,77895094913205.36,lexicographic,,0,0.0,"[0.0, 77.89512089320591, -25.979999542236328, -1.0]","[""ranking_0"", ""ranking_1"", ""ranking_2"", ""ranking_3""]",247.6599884033203,7084.970703125,15904
2026-05-05T07:09:24Z,143,2,30,32,0.15,0.3,first_finish,0,,1.0,1.0,20.717105865478516,77.89512089320591,77.89512089320591,30.0,30.0,30.0,0,31,1,0.0,0.96875,0.03125,0,1,77.14285714285715,77.89512089320591,77.89512089320591,"[0.0, 77.89512089320591, -25.979999542236328, -1.0]",19.28571319580078,20.717105865478516,20.717105865478516,19.095787048339844,19.095787048339844,869.3307495117188,25.979999542236328,77895094913205.36,77895094913205.36,lexicographic,,0,0.0,"[0.0, 77.89512089320591, -25.979999542236328, -1.0]","[""ranking_0"", ""ranking_1"", ""ranking_2"", ""ranking_3""]",257.739990234375,6613.7333984375,16327
2026-05-05T07:14:35Z,144,2,30,32,0.15,0.3,first_finish,0,,1.0,1.0,26.94003677368164,92.58990968976703,92.58990968976703,30.0,30.0,30.0,0,31,1,0.0,0.96875,0.03125,0,0,91.42857142857143,92.58990968976703,92.58990968976703,"[0.0, 92.58990968976703, -30.010000228881836, -0.0]",25.35714340209961,26.94003677368164,26.94003677368164,25.525012969970703,25.525012969970703,1125.904541015625,30.010000228881836,92589879679766.8,92589879679766.8,lexicographic,,0,0.0,"[0.0, 92.58990968976703, -30.010000228881836, -0.0]","[""ranking_0"", ""ranking_1"", ""ranking_2"", ""ranking_3""]",314.67999267578125,9084.982421875,19089
2026-05-05T07:18:53Z,145,2,30,32,0.15,0.3,first_finish,0,,1.0,1.0,20.587718963623047,92.58990968976703,92.58990968976703,30.0,30.0,30.0,0,31,1,0.0,0.96875,0.03125,0,0,91.42857142857143,92.58990968976703,92.58990968976703,"[0.0, 92.58990968976703, -30.010000228881836, -0.0]",19.01785659790039,20.587718963623047,20.587718963623047,25.836454391479492,25.836454391479492,1125.904541015625,30.010000228881836,92589879679766.8,92589879679766.8,lexicographic,,0,0.0,"[0.0, 92.58990968976703, -30.010000228881836, -0.0]","[""ranking_0"", ""ranking_1"", ""ranking_2"", ""ranking_3""]",266.8999938964844,6855.7783203125,14607
2026-05-05T07:23:16Z,146,2,30,32,0.15,0.3,first_finish,0,,1.0,1.0,22.447227478027344,92.58990968976703,92.58990968976703,30.0,30.0,30.0,0,31,1,0.0,0.96875,0.03125,0,0,91.42857142857143,92.58990968976703,92.58990968976703,"[0.0, 92.58990968976703, -30.010000228881836, -0.0]",20.803573608398438,22.447227478027344,22.447227478027344,24.921480178833008,24.921480178833008,1125.904541015625,30.010000228881836,92589879679766.8,92589879679766.8,lexicographic,,0,0.0,"[0.0, 92.58990968976703, -30.010000228881836, -0.0]","[""ranking_0"", ""ranking_1"", ""ranking_2"", ""ranking_3""]",270.6000061035156,7439.7783203125,15084
2026-05-05T07:27:45Z,147,2,30,32,0.15,0.3,first_finish,0,,1.0,1.0,23.561847686767578,92.58990968976703,92.58990968976703,30.0,30.0,30.0,0,31,1,0.0,0.96875,0.03125,0,0,91.42857142857143,92.58990968976703,92.58990968976703,"[0.0, 92.58990968976703, -30.010000228881836, -0.0]",22.14285659790039,23.561847686767578,23.561847686767578,24.77457046508789,24.77457046508789,1125.904541015625,30.010000228881836,92589879679766.8,92589879679766.8,lexicographic,,0,0.0,"[0.0, 92.58990968976703, -30.010000228881836, -0.0]","[""ranking_0"", ""ranking_1"", ""ranking_2"", ""ranking_3""]",277.1099853515625,7799.107421875,14761
2026-05-05T07:31:47Z,148,2,30,32,0.15,0.3,first_finish,0,,1.0,1.0,19.465225219726562,92.58990968976703,92.58990968976703,30.0,30.0,30.0,0,31,1,0.0,0.96875,0.03125,0,0,91.42857142857143,92.58990968976703,92.58990968976703,"[0.0, 92.58990968976703, -30.010000228881836, -0.0]",17.946428298950195,19.465225219726562,19.465225219726562,22.766328811645508,22.766328811645508,1125.904541015625,30.010000228881836,92589879679766.8,92589879679766.8,lexicographic,,0,0.0,"[0.0, 92.58990968976703, -30.010000228881836, -0.0]","[""ranking_0"", ""ranking_1"", ""ranking_2"", ""ranking_3""]",250.04000854492188,6324.2666015625,13504
2026-05-05T07:35:33Z,149,2,30,32,0.15,0.3,first_finish,0,,1.0,1.0,18.856525421142578,92.58990968976703,92.58990968976703,30.0,30.0,30.0,0,31,1,0.0,0.96875,0.03125,0,0,91.42857142857143,92.58990968976703,92.58990968976703,"[0.0, 92.58990968976703, -30.010000228881836, -0.0]",17.41071319580078,18.856525421142578,18.856525421142578,23.021747589111328,23.021747589111328,1125.904541015625,30.010000228881836,92589879679766.8,92589879679766.8,lexicographic,,0,0.0,"[0.0, 92.58990968976703, -30.010000228881836, -0.0]","[""ranking_0"", ""ranking_1"", ""ranking_2"", ""ranking_3""]",233.27999877929688,6160.0380859375,13085
2026-05-05T07:39:55Z,150,2,30,32,0.15,0.3,first_finish,0,,1.0,1.0,22.634374618530273,92.58990968976703,92.58990968976703,30.0,30.0,30.0,0,30,2,0.0,0.9375,0.0625,0,0,91.42857142857143,92.58990968976703,92.58990968976703,"[0.0, 92.58990968976703, -30.010000228881836, -0.0]",21.25,22.634374618530273,22.634374618530273,24.733882904052734,24.733882904052734,1125.904541015625,30.010000228881836,92589879679766.8,92589879679766.8,lexicographic,,0,0.0,"[0.0, 92.58990968976703, -30.010000228881836, -0.0]","[""ranking_0"", ""ranking_1"", ""ranking_2"", ""ranking_3""]",269.69000244140625,7515.380859375,15716
2026-05-05T07:44:33Z,151,2,30,32,0.15,0.3,first_finish,0,,1.0,1.0,24.5712890625,92.58990968976703,92.58990968976703,30.0,30.0,30.0,0,30,2,0.0,0.9375,0.0625,0,0,91.42857142857143,92.58990968976703,92.58990968976703,"[0.0, 92.58990968976703, -30.010000228881836, -0.0]",23.125,24.5712890625,24.5712890625,26.943471908569336,26.943471908569336,1125.904541015625,30.010000228881836,92589879679766.8,92589879679766.8,lexicographic,,0,0.0,"[0.0, 92.58990968976703, -30.010000228881836, -0.0]","[""ranking_0"", ""ranking_1"", ""ranking_2"", ""ranking_3""]",288.77001953125,8323.537109375,15727
2026-05-05T07:51:01Z,152,2,30,32,0.15,0.3,first_finish,0,,1.0,1.0,28.56595230102539,92.58990968976703,92.58990968976703,30.0,30.0,30.0,0,28,4,0.0,0.875,0.125,0,0,91.42857142857143,92.58990968976703,92.58990968976703,"[0.0, 92.58990968976703, -30.010000228881836, -0.0]",27.053571701049805,28.56595230102539,28.56595230102539,29.10306739807129,29.10306739807129,1125.904541015625,30.010000228881836,92589879679766.8,92589879679766.8,lexicographic,,0,0.0,"[0.0, 92.58990968976703, -30.010000228881836, -0.0]","[""ranking_0"", ""ranking_1"", ""ranking_2"", ""ranking_3""]",400.7099914550781,9662.96484375,41281
