generation,best_fitness,best_progress,best_dense_progress,best_ranking_progress,best_time,best_term,best_reward,mean_progress,mean_dense_progress,mean_ranking_progress,mean_reward,mean_time
1,3.7926165171095725e+17,0.0,0.3792626517159598,0.3792626517159598,5.002526239948676,-1,379261651710.9573,0.0,0.3079833303179059,0.3079833303179059,307982330312.8926,5.013376687428374
2,4.399534852070374e+17,0.0,0.43995448521205355,0.43995448521205355,5.016198211864287,-1,439953485207.03735,0.0,0.3417434011186872,0.3417434011186872,341742401113.67163,5.015596039754422
3,5.539529882064771e+17,0.0,0.5539539882114956,0.5539539882114956,5.018410365427376,-1,553952988206.4772,0.0,0.3603025845118931,0.3603025845118931,360301584506.8812,5.011957334332417
4,5.539529882064929e+17,0.0,0.5539539882114956,0.5539539882114956,5.002616712669702,-1,553952988206.4929,0.0,0.3865637098039899,0.3865637098039899,386562709798.9806,5.009410799009451
5,5.586832128158627e+17,0.0,0.5586842128208706,0.5586842128208706,5.0078216402248685,-1,558683212815.8627,0.0,0.4275531428200858,0.4275531428200858,427552142815.074,5.011784062503025
6,8.859733390714464e+17,0.0,0.885974339076451,0.885974339076451,5.004525489105944,-1,885973339071.4464,0.0,0.4667014735085624,0.4667014735085624,466700473503.5514,5.0109070428578315
7,8.859733390714464e+17,0.0,0.885974339076451,0.885974339076451,5.004525489105944,-1,885973339071.4464,0.0,0.48130818775721956,0.48130818775721956,481307187752.2029,5.016669533285205
8,9.259132194425238e+17,0.0,0.9259142194475446,0.9259142194475446,5.020841285676158,-1,925913219442.5238,0.0,0.5499756336212158,0.5499756336212158,549974633616.1995,5.016452969852856
9,2.857141857105039e+18,2.857142857142857,2.857142857142857,2.857142857142857,37.8185351825384,-1,2857141857105.039,0.08928571428571429,0.6359759398869106,0.6359759398869106,635974939880.8679,6.042704438106828
10,2.85714185710717e+18,2.857142857142857,2.857142857142857,2.857142857142857,35.68749741892374,-1,2857141857107.17,0.08928571428571429,0.714317730494908,0.714317730494908,714316730488.936,5.971977176766362
11,5.714284714280487e+18,5.714285714285714,5.714285714285714,5.714285714285714,5.227750389417942,-1,5714284714280.487,0.35714285714285715,1.0800537041255405,1.0800537041255405,1080052704118.2261,7.314547570134317
12,5.714284714280505e+18,5.714285714285714,5.714285714285714,5.714285714285714,5.209121003290828,-1,5714284714280.505,1.25,1.9062537806374684,1.9062537806374684,1906252780627.1306,10.337989882253293
13,8.571427571396189e+18,8.571428571428571,8.571428571428571,8.571428571428571,32.382143369096944,-1,8571427571396.189,1.875,2.4010688066482544,2.4010688066482544,2401067837888.9473,9.307219977224598
14,8.571427571393913e+18,8.571428571428571,8.571428571428571,8.571428571428571,34.65807487991093,-1,8571427571393.913,2.142857142857143,2.739330530166626,2.739330530166626,2739329623904.916,11.709851735691775
15,8.571427571392693e+18,8.571428571428571,8.571428571428571,8.571428571428571,35.8779796008204,-1,8571427571392.693,2.321428571428571,2.911375079836164,2.911375079836164,2911374079824.794,11.3707258395122
16,9.371084485690192e+18,8.571428571428571,9.371084485735212,9.371084485735212,45.01894861737468,0,9371084485690.191,3.571428571428571,3.980606624058315,3.980606624058315,3980605686545.4365,12.878366032010188
17,8.571428571383569e+18,8.571428571428571,8.571428571428571,8.571428571428571,45.00193604184898,0,8571428571383.569,3.571428571428572,3.9643440927777975,3.9643440927777975,3964343155267.296,10.501331072237502
18,9.77826799660677e+18,8.571428571428571,9.778267996651786,9.778267996651786,45.017016462616574,0,9778267996606.77,3.482142857142857,4.104223081043789,4.104223081043789,4104222174777.2686,16.519315129125555
19,9.471728823490822e+18,8.571428571428571,9.471729823521205,9.471729823521205,30.381258456918832,-1,9471728823490.822,4.375,4.7747441700526645,4.7747441700526645,4774743326283.474,19.190905881134732
20,9.579356057258291e+18,8.571428571428571,9.579356057303293,9.579356057303293,45.00211622035978,0,9579356057258.291,4.196428571428571,4.657695208277021,4.657695208277021,4657694270763.323,13.698404399047543
21,9.549319765871583e+18,8.571428571428571,9.549320765904017,9.549320765904017,32.43354326516806,-1,9549319765871.584,4.732142857142857,5.087782229696002,5.087782229696002,5087781354682.141,13.861377317150229
22,1.2506354195686015e+19,11.428571428571429,12.506354195731026,12.506354195731026,45.01029656280943,0,12506354195686.016,5.267857142857143,5.551292811121259,5.551292811121259,5551291936108.254,13.006352650463466
23,9.790526798748234e+18,8.571428571428571,9.790526798793248,9.790526798793248,45.0146634037435,0,9790526798748.234,4.196428571428571,4.536098923001971,4.536098923001971,4536098016739.143,12.828256203019372
24,9.712453569639692e+18,8.571428571428571,9.712453569684708,9.712453569684708,45.01412027113889,0,9712453569639.691,4.464285714285714,4.923032011304583,4.923032011304583,4923031105043.518,11.065858431814023
25,9.41366468152586e+18,8.571428571428571,9.41366468157087,9.41366468157087,45.009764410652224,0,9413664681525.861,5.0,5.360694868224008,5.360694868224008,5360693961964.575,9.432104922335263
26,9.853382110550692e+18,8.571428571428571,9.853382110595703,9.853382110595703,45.01058371508575,0,9853382110550.691,4.464285714285714,4.723673462867737,4.723673462867737,4723672587855.949,11.787358098903061
27,9.403314952815655e+18,8.571428571428571,9.403315952845983,9.403315952845983,30.327457598449293,-1,9403314952815.654,5.714285714285715,5.856229833194188,5.856229833194188,5856228895685.111,9.075788896245147
28,9.430649983508498e+18,8.571428571428571,9.430650983537948,9.430650983537948,29.44927435239294,-1,9430649983508.498,4.9107142857142865,5.264908160482134,5.264908160482134,5264907222974.103,8.031624690205629
29,9.436296735446057e+18,8.571428571428571,9.436296735491071,9.436296735491071,45.01430410267042,0,9436296735446.057,4.732142857142857,5.061401724815369,5.061401724815369,5061400787305.986,9.381815140671357
30,1.176884787418768e+19,11.428571428571429,11.7688478742327,11.7688478742327,45.019050823140745,0,11768847874187.68,5.0892857142857135,5.460446732384818,5.460446732384818,5460445794876.428,8.390569826882075
31,9.554089137441049e+18,8.571428571428571,9.554089137486049,9.554089137486049,45.000217160107,0,9554089137441.049,4.910714285714285,5.291383351598467,5.291383351598467,5291382414089.064,9.403339268253616
32,9.346029099021672e+18,8.571428571428571,9.346030099051339,9.346030099051339,29.664500776995784,-1,9346029099021.672,4.642857142857142,4.955036640167236,4.955036640167236,4955035702659.703,7.532774667565033
33,9.893561771892765e+18,8.571428571428571,9.89356177193778,9.89356177193778,45.014357233133,0,9893561771892.766,5.089285714285714,5.537346431187221,5.537346431187221,5537345493679.291,7.929998859145398
34,9.813904443428225e+18,8.571428571428571,9.813905443464007,9.813905443464007,35.782219745453475,-1,9813904443428.225,4.553571428571429,4.862267800739833,4.862267800739833,4862266863231.742,8.091409481371688
35,9.803935459636914e+18,8.571428571428571,9.80393545968192,9.80393545968192,45.0059812025453,0,9803935459636.914,4.464285714285714,4.8725051539284845,4.8725051539284845,4872504216420.812,7.6729222824795915
36,1.4285714285669276e+19,14.285714285714285,14.285714285714285,14.285714285714285,45.00841205850101,0,14285714285669.275,4.553571428571429,4.803985357284546,4.803985357284546,4803984482275.149,9.396358270958832
37,1.1667186192058778e+19,11.428571428571429,11.667186192103793,11.667186192103793,45.014281110054355,0,11667186192058.777,4.910714285714286,5.284683619226728,5.284683619226728,5284682712967.475,9.252795976332244
38,9.50996943878032e+18,8.571428571428571,9.509969438825335,9.509969438825335,45.014763456072316,0,9509969438780.32,4.642857142857142,4.87169257232121,4.87169257232121,4871691634812.434,8.777106357824312
39,9.518541608492919e+18,8.571428571428571,9.518541608537946,9.518541608537946,45.02751016044888,0,9518541608492.918,4.642857142857142,4.919717056410653,4.919717056410653,4919716150152.149,8.503856283757923
40,9.54524348936596e+18,8.571428571428571,9.545244489397321,9.545244489397321,31.36053070359229,-1,9545243489365.96,4.642857142857142,4.940552456038339,4.940552456038339,4940551518530.837,7.50177776530589
41,9.534942081951361e+18,8.571428571428571,9.534942081996373,9.534942081996373,45.013739571278414,0,9534942081951.361,5.089285714285714,5.32203997884478,5.32203997884478,5322039103834.914,9.864034867082397
42,9.423334939094223e+18,8.571428571428571,9.423334939139231,9.423334939139231,45.00787508902858,0,9423334939094.223,5.267857142857142,5.415807621819632,5.415807621819632,5415806715560.85,8.783232099515347
43,1.1840215410460008e+19,11.428571428571429,11.840215410505023,11.840215410505023,45.01586826622662,0,11840215410460.008,4.9107142857142865,5.238400016512189,5.238400016512189,5238399110252.949,9.240412244647793
44,9.128822961504004e+18,8.571428571428571,9.128823961530413,9.128823961530413,26.408970223292236,-1,9128822961504.004,4.732142857142857,4.974004200526647,4.974004200526647,4974003294268.259,8.387442509091928
45,1.4285714285669274e+19,14.285714285714285,14.285714285714285,14.285714285714285,45.01065222310182,0,14285714285669.273,5.178571428571429,5.358513763972692,5.358513763972692,5358512920212.164,10.5270792791097
46,9.45320674346783e+18,8.571428571428571,9.453206743512835,9.453206743512835,45.00660552212969,0,9453206743467.83,5.089285714285714,5.39182152066912,5.39182152066912,5391820614410.52,8.600524258057604
47,9.113204500983636e+18,8.571428571428571,9.11320550101144,9.11320550101144,27.803118122702973,-1,9113204500983.637,5.0,5.304251994405474,5.304251994405474,5304251088146.246,9.227658282898002
48,9.368452344576928e+18,8.571428571428571,9.36845234462193,9.36845234462193,45.00343568855895,0,9368452344576.928,4.910714285714286,5.051674502236502,5.051674502236502,5051673595977.91,8.592553406414002
49,9.946812220937126e+18,8.571428571428571,9.946812220982142,9.946812220982142,45.01759290873003,0,9946812220937.125,5.892857142857142,6.079501765114921,6.079501765114921,6079500858855.041,9.878887491976254
50,9.584244319325796e+18,8.571428571428571,9.584244319370814,9.584244319370814,45.0166538423017,0,9584244319325.797,5.0,5.173755628722055,5.173755628722055,5173754753712.163,9.891769733293112
51,9.904370989073273e+18,8.571428571428571,9.904370989118304,9.904370989118304,45.03058060165218,0,9904370989073.273,4.910714285714286,5.098854558808463,5.098854558808463,5098853683797.737,10.725454233963323
52,9.587290627570782e+18,8.571428571428571,9.587290627615792,9.587290627615792,45.009383961894784,0,9587290627570.781,4.821428571428571,5.062899248940605,5.062899248940605,5062898373930.823,9.780693616709293
53,9.54798834659981e+18,8.571428571428571,9.54798834664481,9.54798834664481,45.002369673715634,0,9547988346599.809,5.267857142857142,5.485484770366124,5.485484770366124,5485483864107.612,8.51144051533661
54,9.730472564652251e+18,8.571428571428571,9.730472564697266,9.730472564697266,45.014701849149986,0,9730472564652.252,4.821428571428571,5.031471507889885,5.031471507889885,5031470601631.631,8.252522186077925
55,9.951114654496008e+18,8.571428571428571,9.951114654541016,9.951114654541016,45.007741214967695,0,9951114654496.008,5.0892857142857135,5.351408890315465,5.351408890315465,5351407984056.944,8.521112780123783
56,9.907332829021667e+18,8.571428571428571,9.907332829066686,9.907332829066686,45.01906959914891,0,9907332829021.668,5.357142857142858,5.530218056270055,5.530218056270055,5530217181260.345,9.70977499472626
57,9.700597035506618e+18,8.571428571428571,9.7005980355399,9.7005980355399,33.279629635515384,-1,9700597035506.62,5.089285714285714,5.348151581627982,5.348151581627982,5348150675369.239,8.74245535259016
58,9.490431739226458e+18,8.571428571428571,9.490432739257812,9.490432739257812,31.35396226255104,-1,9490431739226.459,4.9107142857142865,5.224216750689916,5.224216750689916,5224215844431.103,8.812111507956377
59,9.752019154646542e+18,8.571428571428571,9.752020154680524,9.752020154680524,33.98178320505167,-1,9752019154646.543,5.5357142857142865,5.71904616696494,5.71904616696494,5719045260705.977,8.963908321744405
60,9.196325029600644e+18,8.571428571428571,9.196325029645646,9.196325029645646,45.00179210188913,0,9196325029600.645,5.714285714285714,6.021070906094142,6.021070906094142,6021069999835.467,8.676068107326511
61,9.47338649200297e+18,8.571428571428571,9.473386492047991,9.473386492047991,45.0204099915349,0,9473386492002.969,5.892857142857143,6.0476179633821765,6.0476179633821765,6047617088372.213,9.962408836573026
62,9.576616649591654e+18,8.571428571428571,9.576617649623326,9.576617649623326,31.671804299358683,-1,9576616649591.654,5.089285714285714,5.331618019512722,5.331618019512722,5331617175751.619,11.102392975774684
63,9.924052102180166e+18,8.571428571428571,9.924052102225167,9.924052102225167,45.00009369389557,0,9924052102180.166,4.732142857142857,5.053932496479579,5.053932496479579,5053931621469.804,9.775584506277873
64,9.473310198057677e+18,8.571428571428571,9.473310198102679,9.473310198102679,45.001666239657816,0,9473310198057.678,5.089285714285714,5.3220568384443006,5.3220568384443006,5322055932184.774,9.526345376811092
65,9.658595493816594e+18,8.571428571428571,9.658595493861608,9.658595493861608,45.01250892712814,0,9658595493816.594,4.910714285714286,5.328808512006487,5.328808512006487,5328807605748.064,8.422858840267068
66,9.78183473855014e+18,8.571428571428571,9.781834738595146,9.781834738595146,45.00556481224096,0,9781834738550.14,5.178571428571429,5.456849081175667,5.456849081175667,5456848174917.467,8.201471317242204
67,9.773807525589744e+18,8.571428571428571,9.773807525634766,9.773807525634766,45.02044937774439,0,9773807525589.744,5.0,5.301235914230347,5.301235914230347,5301235007971.272,9.075062296454096
68,1.4285714285669276e+19,14.285714285714285,14.285714285714285,14.285714285714285,45.009095638836364,0,14285714285669.275,5.267857142857143,5.546442099979946,5.546442099979946,5546441224970.975,8.970828248724816
69,1.4285714285669267e+19,14.285714285714285,14.285714285714285,14.285714285714285,45.0162291880997,0,14285714285669.268,5.892857142857142,6.070405585425241,6.070405585425241,6070404710416.205,9.03591197322616
70,9.042469114544429e+18,8.571428571428571,9.042470114571707,9.042470114571707,27.277063727136913,-1,9042469114544.43,5.089285714285714,5.313169360160828,5.313169360160828,5313168422653.359,7.4680805419231255
71,9.049482707947697e+18,8.571428571428571,9.049483707972936,9.049483707972936,25.23813345026304,-1,9049482707947.697,5.267857142857142,5.426598361560277,5.426598361560277,5426597424052.612,7.664637997719001
72,9.65479069569864e+18,8.571428571428571,9.654791695731028,9.654791695731028,32.38705465533413,-1,9654790695698.64,5.178571428571429,5.348830563681466,5.348830563681466,5348829626173.77,7.695901956288054
73,9.767482302491324e+18,8.571428571428571,9.767483302525111,9.767483302525111,33.785957015964826,-1,9767482302491.324,5.0,5.290384718350001,5.290384718350001,5290383780842.955,7.045822253848245
74,9.095147358999644e+18,8.571428571428571,9.09514835902623,9.09514835902623,26.58533117323758,-1,9095147358999.645,5.089285714285714,5.37841830934797,5.37841830934797,5378417371841.174,6.796057243307544
75,9.625749950372733e+18,8.571428571428571,9.625750950404575,9.625750950404575,31.841275277858745,-1,9625749950372.732,4.910714285714286,5.158652237483434,5.158652237483434,5158651299976.681,6.753166025316203
76,8.940619422337382e+18,8.571428571428571,8.940620422363281,8.940620422363281,25.899268528413558,-1,8940619422337.383,5.803571428571429,6.032081927571978,6.032081927571978,6032081021313.695,8.282946747988388
77,9.417813527208282e+18,8.571428571428571,9.417814527239118,9.417814527239118,30.837309555317372,-1,9417813527208.281,4.910714285714286,5.069006085395813,5.069006085395813,5069005147889.187,6.6257654868224805
78,9.434720810446141e+18,8.571428571428571,9.43472181047712,9.43472181047712,30.97857196713002,-1,9434720810446.14,4.821428571428571,5.032417603901454,5.032417603901454,5032416666394.727,6.727604255889898
79,9.248754318749049e+18,8.571428571428571,9.248755318777901,9.248755318777901,28.852051173733884,-1,9248754318749.049,5.357142857142858,5.642868961606707,5.642868961606707,5642868024099.838,6.868940462199673
80,9.33986836293849e+18,8.571428571428571,9.339869362967356,9.339869362967356,28.86340203811935,-1,9339868362938.49,5.089285714285714,5.339911665235247,5.339911665235247,5339910727728.605,6.641512814054251
81,9.160299663512151e+18,8.571428571428571,9.160300663539342,9.160300663539342,27.19149082430175,-1,9160299663512.15,4.821428571428571,4.988983358655657,4.988983358655657,4988982421149.145,6.51209738282903
82,9.192092440437433e+18,8.571428571428571,9.192093440464564,9.192093440464564,27.130979294156074,-1,9192092440437.434,5.089285714285714,5.289751035826547,5.289751035826547,5289750129568.566,7.9808310009074
83,9.204174131633275e+18,8.571428571428571,9.204175131661552,9.204175131661552,28.277026408775207,-1,9204174131633.275,5.0,5.201906391552516,5.201906391552516,5201905454045.579,6.937696225011048
84,1.4285713285670937e+19,14.285714285714285,14.285714285714285,14.285714285714285,43.34712134823336,-1,14285713285670.938,5.625,5.813026257923672,5.813026257923672,5813025320415.966,7.705305189490756
85,9.4633582877766e+18,8.571428571428571,9.46335928780692,9.46335928780692,30.32110723377512,-1,9463358287776.6,5.5357142857142865,5.837937678609576,5.837937678609576,5837936741102.282,7.2933341573998565
86,8.935962766890942e+18,8.571428571428571,8.935963766915457,8.935963766915457,24.514327005483164,-1,8935962766890.943,4.732142857142858,4.958094954490662,4.958094954490662,4958094016984.202,6.459905745399418
87,9.074428103280588e+18,8.571428571428571,9.074429103306361,9.074429103306361,25.772952237622878,-1,9074428103280.588,5.0,5.343860898699079,5.343860898699079,5343859961192.275,6.803778297507552
88,9.068738754787189e+18,8.571428571428571,9.068739754813059,9.068739754813059,25.869916536562418,-1,9068738754787.19,5.982142857142858,6.094158632414682,6.094158632414682,6094157694907.854,6.8281043455349355
89,9.03581246781773e+18,8.571428571428571,9.035813467843191,9.035813467843191,25.460672154850922,-1,9035812467817.73,5.357142857142857,5.693021501813616,5.693021501813616,5693020564306.863,6.752487661616602
90,9.65313675195638e+18,8.571428571428571,9.653137751988002,9.653137751988002,31.620137854100154,-1,9653136751956.379,5.0,5.234459979193551,5.234459979193551,5234459041686.791,6.760477995286649
91,9.060888652770814e+18,8.571428571428571,9.060889652797153,9.060889652797153,26.3377954467851,-1,9060888652770.814,5.357142857142858,5.493782418114797,5.493782418114797,5493781480608.053,6.745688323848363
92,9.476055780103743e+18,8.571428571428571,9.476056780133929,9.476056780133929,30.18506975118613,-1,9476055780103.744,5.178571428571429,5.440515790666852,5.440515790666852,5440514853160.292,6.56087392542932
93,9.23180343897238e+18,8.571428571428571,9.23180443899972,9.23180443899972,27.340025619814078,-1,9231803438972.379,5.178571428571429,5.398813571248736,5.398813571248736,5398812633742.113,6.62209818997971
94,9.5665512983787e+18,8.571428571428571,9.566552298409599,9.566552298409599,30.898778576376532,-1,9566551298378.701,4.732142857142857,4.916221243994577,4.916221243994577,4916220306487.622,6.953501524761157
95,9.209591001750912e+18,8.571428571428571,9.20959200177874,9.20959200177874,27.827264669585727,-1,9209591001750.912,4.910714285714286,5.104621733937945,5.104621733937945,5104620796431.395,6.55008470527426
96,9.53402827940451e+18,8.571428571428571,9.534029279436385,9.534029279436385,31.87694338143122,-1,9534028279404.51,5.267857142857142,5.403790559087481,5.403790559087481,5403789621580.639,6.842211885219785
97,9.314219973395278e+18,8.571428571428571,9.31422097342355,9.31422097342355,28.272630658344916,-1,9314219973395.277,5.178571428571429,5.372380784579686,5.372380784579686,5372379878321.686,7.999678933749377
98,8.828568139728606e+18,8.571428571428571,8.82856913975307,8.82856913975307,24.463721907669573,-1,8828568139728.605,4.821428571428571,5.024435435022626,5.024435435022626,5024434497515.916,6.710339741610002
99,9.731648671249279e+18,8.571428571428571,9.731649671282087,9.731649671282087,32.80702401938069,-1,9731648671249.28,5.089285714285714,5.269027182034084,5.269027182034084,5269026244527.275,6.808156041855332
100,9.381592976670826e+18,8.571428571428571,9.381593976702009,9.381593976702009,31.18282642193702,-1,9381592976670.826,4.642857142857142,4.95755808694022,4.95755808694022,4957557149433.163,7.057864006913619
101,9.393426712546603e+18,8.571428571428571,9.39342771257673,9.39342771257673,30.126284529024137,-1,9393426712546.604,4.910714285714286,5.107825568744115,5.107825568744115,5107824631237.522,6.591614978705786
102,9.461625325303972e+18,8.571428571428571,9.461626325334821,9.461626325334821,30.849727274238575,-1,9461625325303.973,4.553571428571429,4.988293392317636,4.988293392317636,4988292454811.062,6.5737815830967135
103,1.4285714285669276e+19,14.285714285714285,14.285714285714285,14.285714285714285,45.00933463426011,0,14285714285669.275,5.178571428571429,5.4802239792687555,5.4802239792687555,5480223104260.431,8.324960845835172
104,8.895393461470558e+18,8.571428571428571,8.895394461495536,8.895394461495536,24.97847289052247,-1,8895393461470.559,5.089285714285714,5.357084189142499,5.357084189142499,5357083251635.913,6.585616054556433
105,9.667610803294267e+18,8.571428571428571,9.667611803327288,9.667611803327288,33.018883119067375,-1,9667610803294.268,5.089285714285714,5.363344124385289,5.363344124385289,5363343218126.619,8.668847348651799
106,9.562257039171105e+18,8.571428571428571,9.56225803920201,9.56225803920201,30.907206189072163,-1,9562257039171.105,5.535714285714286,5.79124561377934,5.79124561377934,5791244676272.477,6.864822044897214
107,9.358819233996227e+18,8.571428571428571,9.358820234026227,9.358820234026227,30.0006202073859,-1,9358819233996.227,5.267857142857142,5.517282400812421,5.517282400812421,5517281463305.717,6.703994851414663
108,9.161523091420079e+18,8.571428571428571,9.161524091448104,9.161524091448104,28.02511954163541,-1,9161523091420.08,5.625,5.887169923101152,5.887169923101152,5887168985594.391,6.762487666358444
109,9.078433535409461e+18,8.571428571428571,9.078434535435267,9.078434535435267,25.80555657033493,-1,9078433535409.46,5.089285714285714,5.297589387212481,5.297589387212481,5297588449705.855,6.625096678177429
110,9.557428722343545e+18,8.571428571428571,9.557429722377233,9.557429722377233,33.68821684065416,-1,9557428722343.545,5.0,5.256015232631139,5.256015232631139,5256014295124.483,6.654916264012026
111,9.36758758814138e+18,8.571428571428571,9.367588588169642,9.367588588169642,28.261381881009196,-1,9367587588141.379,5.267857142857142,5.451550228255135,5.451550228255135,5451549290748.478,6.658145621728561
112,1.2221140180270268e+19,11.428571428571429,12.22114018031529,12.22114018031529,45.02030750257549,0,12221140180270.268,5.267857142857142,5.462098291942052,5.462098291942052,5462097385684.667,7.384584843881239
113,9.159615742788636e+18,8.571428571428571,9.159616742815292,9.159616742815292,26.656020144454867,-1,9159615742788.635,5.714285714285714,5.932086791310992,5.932086791310992,5932085853804.342,6.649809026309855
114,9.364655720812906e+18,8.571428571428571,9.364656720842635,9.364656720842635,29.72819531876761,-1,9364655720812.906,4.910714285714286,5.287303413663592,5.287303413663592,5287302476156.865,6.726101511941449
115,9.086449849234217e+18,8.571428571428571,9.086450849260602,9.086450849260602,26.38513330057824,-1,9086449849234.217,4.910714285714286,5.05806999547141,5.05806999547141,5058069057965.096,6.3128028081229814
116,9.337854747739611e+18,8.571428571428571,9.337855747767858,9.337855747767858,28.246166887917816,-1,9337854747739.611,5.892857142857142,6.001957654953003,6.001957654953003,6001956717446.134,6.869024091469872
117,9.505333581616816e+18,8.571428571428571,9.5053345816476,9.5053345816476,30.784919881746166,-1,9505333581616.816,5.535714285714286,5.730244943073817,5.730244943073817,5730244005567.044,6.773540942538008
118,9.033967789212409e+18,8.571428571428571,9.033968789236885,9.033968789236885,24.476701300576504,-1,9033967789212.408,5.0892857142857135,5.296071682657514,5.296071682657514,5296070745151.155,6.359334513750729
119,1.4285714285669263e+19,14.285714285714285,14.285714285714285,14.285714285714285,45.02202491820855,0,14285714285669.264,5.446428571428571,5.618871791022165,5.618871791022165,5618870884765.189,6.974409841874497
120,9.837882540528536e+18,8.571428571428571,9.837883540562222,9.837883540562222,33.688409071649055,-1,9837882540528.535,5.178571428571429,5.411048361233302,5.411048361233302,5411047423726.678,6.624283778051787
121,9.456377391779383e+18,8.571428571428571,9.456378391810825,9.456378391810825,31.440468404145477,-1,9456377391779.383,5.535714285714286,5.777765257017952,5.777765257017952,5777764319510.078,7.87401692869081
122,9.69617743624736e+18,8.571428571428571,9.696178436279297,9.696178436279297,31.935835401022977,-1,9696177436247.36,5.357142857142858,5.655114565576826,5.655114565576826,5655113628070.279,6.546043779499562
123,9.440459205048084e+18,8.571428571428571,9.440460205078125,9.440460205078125,30.04033435707001,-1,9440459205048.084,5.5357142857142865,5.72015609060015,5.72015609060015,5720155153093.707,6.443561938976489
124,9.755125408135115e+18,8.571428571428571,9.755126408168248,9.755126408168248,33.13188865906936,-1,9755125408135.115,5.5357142857142865,5.737930962017604,5.737930962017604,5737930024509.965,7.638891135048279
125,9.391004379783543e+18,8.571428571428571,9.391005379813059,9.391005379813059,29.515137823224755,-1,9391004379783.543,5.178571428571429,5.546342219625201,5.546342219625201,5546341282118.715,6.485257682082653
126,9.163005373785609e+18,8.571428571428571,9.163006373814174,9.163006373814174,28.564287620511497,-1,9163005373785.61,5.357142857142858,5.576078721455166,5.576078721455166,5576077783948.465,6.700825742549321
127,1.4285714285669265e+19,14.285714285714285,14.285714285714285,14.285714285714285,45.018607321880914,0,14285714285669.266,5.357142857142858,5.588923607553754,5.588923607553754,5588922701296.764,6.99044053892213
128,9.367652982950904e+18,8.571428571428571,9.367653982979911,9.367653982979911,29.00762464299288,-1,9367652982950.904,5.178571428571429,5.348017726625715,5.348017726625715,5348016789119.17,6.545987844640906
129,9.289547056438061e+18,8.571428571428571,9.28954805646624,9.28954805646624,28.177874344706254,-1,9289547056438.06,5.089285714285714,5.25524377822876,5.25524377822876,5255242840722.259,6.500705833313521
130,9.405211402313853e+18,8.571428571428571,9.40521240234375,9.40521240234375,29.895933652947992,-1,9405211402313.854,5.0,5.217559252466475,5.217559252466475,5217558314960.131,6.343151401824024
131,9.257577168568723e+18,8.571428571428571,9.25757816859654,9.25757816859654,27.815320256918906,-1,9257577168568.723,5.178571428571429,5.470447710582189,5.470447710582189,5470446773074.867,7.319930679516864
132,9.043648945913783e+18,8.571428571428571,9.043649945940292,9.043649945940292,26.50839043091818,-1,9043648945913.783,5.357142857142858,5.529455287115915,5.529455287115915,5529454349609.474,6.440147605187017
133,9.478292827571452e+18,8.571428571428571,9.478293827601842,9.478293827601842,30.390262349903733,-1,9478292827571.451,4.910714285714286,5.224269713674273,5.224269713674273,5224268776167.33,6.943283295602329
134,9.63600331166557e+18,8.571428571428571,9.636004311697825,9.636004311697825,32.254377305469106,-1,9636003311665.57,5.0,5.320068427494594,5.320068427494594,5320067489988.014,6.580115574932338
135,9.279923120194122e+18,8.571428571428571,9.27992412022182,9.27992412022182,27.697689908592384,-1,9279923120194.121,5.357142857142858,5.583594441413879,5.583594441413879,5583593503907.358,6.521172830816736
136,9.462777908834769e+18,8.571428571428571,9.462778908865792,9.462778908865792,31.022007431789735,-1,9462777908834.77,5.357142857142858,5.505265593528748,5.505265593528748,5505264656022.021,6.726802039369126
137,9.441794349090687e+18,8.571428571428571,9.441795349121094,9.441795349121094,30.406995457143005,-1,9441794349090.688,5.0,5.273007069315229,5.273007069315229,5273006163057.3125,7.91609683963045
138,9.818138757393662e+18,8.571428571428571,9.81813975742885,9.81813975742885,35.18918039072513,-1,9818138757393.662,5.267857142857143,5.452366300991604,5.452366300991604,5452365363483.559,8.044652126026255
139,9.12592651636555e+18,8.571428571428571,9.125927516392299,9.125927516392299,26.74841978954302,-1,9125926516365.549,5.089285714285714,5.168465546199253,5.168465546199253,5168464608692.947,6.307098162454894
140,9.32313274107696e+18,8.571428571428571,9.323133741106306,9.323133741106306,29.346137260312968,-1,9323132741076.959,5.535714285714286,5.691356318337577,5.691356318337577,5691355412079.881,7.695654108109429
141,1.4285714285669276e+19,14.285714285714285,14.285714285714285,14.285714285714285,45.009146720205024,0,14285714285669.275,5.5357142857142865,5.640185305050442,5.640185305050442,5640184398793.622,6.818984224578178
142,9.503028414555206e+18,8.571428571428571,9.503029414585658,9.503029414585658,30.45087850935067,-1,9503028414555.205,5.089285714285714,5.278514112745013,5.278514112745013,5278513175238.574,6.438062274880924
143,9.252323785477282e+18,8.571428571428571,9.252324785505023,9.252324785505023,27.739188337106658,-1,9252323785477.281,5.982142857142858,6.214715072086879,6.214715072086879,6214714134580.109,6.7701426137868035
144,9.312936600243452e+18,8.571428571428571,9.312937600272042,9.312937600272042,28.589051188690576,-1,9312936600243.451,5.089285714285714,5.28041056224278,5.28041056224278,5280409624736.406,6.3742326903912865
145,9.45068259372019e+18,8.571428571428571,9.45068359375,9.45068359375,29.80851413976107,-1,9450682593720.191,4.821428571428571,5.024694374629429,5.024694374629429,5024693468371.717,7.713061402901674
146,9.471396399870837e+18,8.571428571428571,9.471397399902344,9.471397399902344,31.505747283453296,-1,9471396399870.836,5.714285714285714,5.9149932861328125,5.9149932861328125,5914992348626.051,6.761470008139257
147,1.4285714285669255e+19,14.285714285714285,14.285714285714285,14.285714285714285,45.02851741587611,0,14285714285669.256,5.892857142857142,6.138979281697955,6.138979281697955,6138978375440.74,7.214132984638192
148,9.408007030452543e+18,8.571428571428571,9.408008030482701,9.408008030482701,30.159713112369506,-1,9408007030452.543,5.982142857142858,6.159568173544748,6.159568173544748,6159567236038.163,6.584937282315355
149,9.272825058495814e+18,8.571428571428571,9.272826058523997,9.272826058523997,28.182577970471062,-1,9272825058495.814,5.803571428571429,6.0717034339904785,6.0717034339904785,6071702496483.801,6.677053593725455
150,9.0796133667759e+18,8.571428571428571,9.07961436680385,9.07961436680385,27.950345527530637,-1,9079613366775.9,5.089285714285714,5.341530271938869,5.341530271938869,5341529334432.4375,6.4314303188636215
151,9.19605155124189e+18,8.571428571428571,9.196052551269531,9.196052551269531,27.641471121244216,-1,9196051551241.89,5.625,5.87576619216374,5.87576619216374,5875765254657.1045,6.635325792589616
152,9.100580577818817e+18,8.571428571428571,9.100581577845983,9.100581577845983,27.165984423730407,-1,9100580577818.816,5.446428571428571,5.669382044247218,5.669382044247218,5669381106740.588,6.631593057926917
153,9.3859989520132e+18,8.571428571428571,9.385999952043806,9.385999952043806,30.60519507897679,-1,9385998952013.2,5.267857142857143,5.4743136678423205,5.4743136678423205,5474312730335.726,6.594453498348388
154,9.248765217884817e+18,8.571428571428571,9.248766217912946,9.248766217912946,28.128833572489654,-1,9248765217884.818,5.267857142857142,5.490965928350176,5.490965928350176,5490964990843.686,6.49038615717049
155,9.357980000597504e+18,8.571428571428571,9.357981000627792,9.357981000627792,30.288003101407437,-1,9357980000597.504,5.178571428571429,5.389428223882403,5.389428223882403,5389427286375.911,6.491363592586739
156,1.4285713285669902e+19,14.285714285714285,14.285714285714285,14.285714285714285,44.382607525399365,-1,14285713285669.902,5.535714285714286,5.752749698502677,5.752749698502677,5752748760995.623,7.053810617464304
157,9.464249292065743e+18,8.571428571428571,9.46425029209682,9.46425029209682,31.075397164870104,-1,9464249292065.742,5.0,5.2235055821282526,5.2235055821282526,5223504644621.858,6.393693557248218
158,8.757222401727393e+18,8.571428571428571,8.757223401750837,8.757223401750837,23.44420358736574,-1,8757222401727.393,5.267857142857143,5.389770950589861,5.389770950589861,5389770013083.08,6.781525173317997
159,9.54500370839502e+18,8.571428571428571,9.54500470842634,9.54500470842634,31.31981113925354,-1,9545003708395.02,5.178571428571429,5.433396782193865,5.433396782193865,5433395844686.439,7.425187193526535
160,9.548088163612418e+18,8.571428571428571,9.548089163643974,9.548089163643974,31.555793760980066,-1,9548088163612.418,5.357142857142858,5.476109044892448,5.476109044892448,5476108107385.888,6.559687952835608
161,9.498603365726765e+18,8.571428571428571,9.498604365757533,9.498604365757533,30.76759046685618,-1,9498603365726.766,5.178571428571429,5.4439994267054965,5.4439994267054965,5443998489198.898,6.598922830933761
162,9.170844576667428e+18,8.571428571428571,9.170845576695033,9.170845576695033,27.60442000886857,-1,9170844576667.428,5.178571428571429,5.307505556515284,5.307505556515284,5307504619009.068,6.217016308067546
163,8.841390972108639e+18,8.571428571428571,8.841391972133092,8.841391972133092,24.453275836259166,-1,8841390972108.639,5.982142857142858,6.26325113432748,6.26325113432748,6263250196820.987,6.492521668936304
164,1.4285713285671137e+19,14.285714285714285,14.285714285714285,14.285714285714285,43.14676538663113,-1,14285713285671.137,5.714285714285714,5.952473964009966,5.952473964009966,5952473026502.309,7.65784111801969
165,9.227868851220212e+18,8.571428571428571,9.227869851248604,9.227869851248604,28.39096645446435,-1,9227868851220.21,5.178571428571429,5.367469446999687,5.367469446999687,5367468509493.461,6.22431212995456
166,9.436445598566765e+18,8.571428571428571,9.436446598597934,9.436446598597934,31.167408337058767,-1,9436445598566.764,5.535714285714286,5.791997228349958,5.791997228349958,5791996290843.469,6.489440667797838
167,9.122896556823048e+18,8.571428571428571,9.122897556849889,9.122897556849889,26.840863103526083,-1,9122896556823.049,4.910714285714286,5.171436922890799,5.171436922890799,5171435985384.293,6.5067206229910255
168,1.4285713285669575e+19,14.285714285714285,14.285714285714285,14.285714285714285,44.71027804932387,-1,14285713285669.574,5.803571428571429,6.012833799634661,6.012833799634661,6012832862127.324,7.3364767498937
169,9.704970313443867e+18,8.571428571428571,9.704971313476562,9.704971313476562,32.69711614352825,-1,9704970313443.867,5.267857142857142,5.471497944423131,5.471497944423131,5471497006916.559,6.57170933768698
170,9.647924240620362e+18,8.571428571428571,9.647925240652903,9.647925240652903,32.540660111453924,-1,9647924240620.361,5.0,5.192945769854955,5.192945769854955,5192944832347.266,7.689036338323716
171,9.216947917906057e+18,8.571428571428571,9.216948917933873,9.216948917933873,27.816016736678495,-1,9216947917906.057,5.178571428571429,5.296604718480792,5.296604718480792,5296603780974.646,6.144597484432372
172,1.4285714285669282e+19,14.285714285714285,14.285714285714285,14.285714285714285,45.00175457452643,0,14285714285669.281,5.357142857142858,5.523711102349417,5.523711102349417,5523710196092.771,6.646107238221116
173,9.408960704768352e+18,8.571428571428571,9.408961704799108,9.408961704799108,30.755693654077504,-1,9408960704768.352,5.0,5.268469623156956,5.268469623156956,5268468685650.602,6.355366766641873
174,9.824394860909201e+18,8.571428571428571,9.824395860944476,9.824395860944476,35.27526216314143,-1,9824394860909.201,4.910714285714286,5.135962877954755,5.135962877954755,5135961940448.184,6.572512062747085
175,9.051406405281731e+18,8.571428571428571,9.051407405308314,9.051407405308314,26.584427469107077,-1,9051406405281.73,5.178571428571429,5.290213397571019,5.290213397571019,5290212460064.684,6.334546777388493
176,9.538709457907976e+18,8.571428571428571,9.538710457938059,9.538710457938059,30.083358841041402,-1,9538709457907.977,5.267857142857143,5.482773610523768,5.482773610523768,5482772673017.344,6.424470013070497
177,9.713656924073368e+18,8.571428571428571,9.713657924107142,9.713657924107142,33.775588154178934,-1,9713656924073.367,5.357142857142858,5.567093747002738,5.567093747002738,5567092809494.876,7.861615760288993
178,9.66808764045374e+18,8.571428571428571,9.668088640485491,9.668088640485491,31.749826909700115,-1,9668087640453.74,5.982142857142858,6.162915996142797,6.162915996142797,6162915058636.217,6.578952499571303
179,9.61410967414377e+18,8.571428571428571,9.614110674176898,9.614110674176898,33.12665086926381,-1,9614109674143.771,5.267857142857142,5.472569295338222,5.472569295338222,5472568357831.771,6.450675704549749
180,1.4285713285669511e+19,14.285714285714285,14.285714285714285,14.285714285714285,44.77250630612051,-1,14285713285669.512,5.5357142857142865,5.791873335838318,5.791873335838318,5791872398331.299,7.0192294639988555
181,9.327059154477175e+18,8.571428571428571,9.327060154506137,9.327060154506137,28.961893863905274,-1,9327059154477.174,5.267857142857143,5.496955939701625,5.496955939701625,5496955002195.27,6.355874030887926
182,9.186261403187752e+18,8.571428571428571,9.18626240321568,9.18626240321568,27.9286548030972,-1,9186261403187.752,5.0,5.207007101603917,5.207007101603917,5207006164097.713,6.2030106578211015
183,9.821424846611681e+18,8.571428571428571,9.82142584664481,9.82142584664481,33.13011747910743,-1,9821424846611.682,5.357142857142858,5.501578109604972,5.501578109604972,5501577172098.439,6.5314100459308495
184,9.52283759249835e+18,8.571428571428571,9.522838592529297,9.522838592529297,30.94705202036731,-1,9522837592498.35,4.732142857142857,5.08140640599387,5.08140640599387,5081405468487.55,6.320357908690491
185,9.606888997177266e+18,8.571428571428571,9.606889997209823,9.606889997209823,32.5561028374562,-1,9606888997177.266,5.089285714285714,5.317063842500959,5.317063842500959,5317062904994.619,6.339798577410909
186,9.272102990798537e+18,8.571428571428571,9.272103990827288,9.272103990827288,28.751967078361787,-1,9272102990798.537,4.732142857142857,5.083070737974984,5.083070737974984,5083069800468.357,6.626767842705946
187,9.695815040005863e+18,8.571428571428571,9.695816040039062,9.695816040039062,33.19878561366873,-1,9695815040005.863,4.821428571428571,4.924613577978951,4.924613577978951,4924612640472.8955,6.055878324959009
188,9.519355318852624e+18,8.571428571428571,9.519356318882535,9.519356318882535,29.911234300093408,-1,9519355318852.625,5.267857142857143,5.522939562797546,5.522939562797546,5522938625291.242,6.303879918950335
189,9.581273305038193e+18,8.571428571428571,9.58127430507115,9.58127430507115,32.95540327175869,-1,9581273305038.193,5.089285714285714,5.440731559480939,5.440731559480939,5440730621974.408,6.530561139923757
190,9.654270261999303e+18,8.571428571428571,9.654271262032644,9.654271262032644,33.34182666104969,-1,9654270261999.303,4.821428571428571,5.059443116188049,5.059443116188049,5059442178681.625,6.42345869412424
191,9.176708311320922e+18,8.571428571428571,9.176709311349052,9.176709311349052,28.13060545587535,-1,9176708311320.922,5.267857142857142,5.587914500917707,5.587914500917707,5587913563411.393,6.314282085133798
192,9.51720546446342e+18,8.571428571428571,9.517206464494977,9.517206464494977,31.558542902151824,-1,9517205464463.42,5.625,5.775800262178693,5.775800262178693,5775799324672.27,6.42430495986923
193,9.325500578166057e+18,8.571428571428571,9.325501578194755,9.325501578194755,28.69806725218093,-1,9325500578166.057,5.625,5.766056265149798,5.766056265149798,5766055327643.232,6.56486850613763
194,9.46164712357477e+18,8.571428571428571,9.461648123604911,9.461648123604911,30.1418272183364,-1,9461647123574.77,5.357142857142858,5.600475072860718,5.600475072860718,5600474135354.291,6.427092759026975
195,9.517472493272433e+18,8.571428571428571,9.517473493303571,9.517473493303571,31.13846516324033,-1,9517472493272.434,5.178571428571429,5.393110428537641,5.393110428537641,5393109491031.332,6.309573664894308
196,1.4285714285669272e+19,14.285714285714285,14.285714285714285,14.285714285714285,45.013774878541426,0,14285714285669.271,5.267857142857142,5.445940920284816,5.445940920284816,5445940014027.914,6.90146199485825
197,9.066332770725122e+18,8.571428571428571,9.066333770751953,9.066333770751953,26.831035289553057,-1,9066332770725.121,5.178571428571429,5.366642986025129,5.366642986025129,5366642048518.969,6.160211648612286
198,9.09397842676517e+18,8.571428571428571,9.09397942679269,9.09397942679269,27.520003987750545,-1,9093978426765.17,5.803571428571429,6.042887823922293,6.042887823922293,6042886917664.686,7.60793486781872
199,8.841350100352278e+18,8.571428571428571,8.841351100376674,8.841351100376674,24.395397702672426,-1,8841350100352.277,4.821428571428571,5.110444341387068,5.110444341387068,5110443403881.047,6.020483771235161
200,9.329892929590014e+18,8.571428571428571,9.329893929617745,9.329893929617745,27.729016648801558,-1,9329892929590.014,5.267857142857142,5.413688506398882,5.413688506398882,5413687568892.768,6.114756062971518
201,9.792553037876791e+18,8.571428571428571,9.79255403791155,9.79255403791155,34.75929758717378,-1,9792553037876.791,4.821428571428571,5.0961224521909445,5.0961224521909445,5096121545933.411,7.532520950444624
202,1.2848826817058777e+19,11.428571428571429,12.848826817103795,12.848826817103795,45.0178412358264,0,12848826817058.777,5.5357142857142865,5.835326910018921,5.835326910018921,5835326003762.0,6.9206309286772925
203,1.4285714285669282e+19,14.285714285714285,14.285714285714285,14.285714285714285,45.00223026762745,0,14285714285669.281,5.625,5.891623667308263,5.891623667308263,5891622761051.333,6.928673095841823
204,9.305871235951237e+18,8.571428571428571,9.305872235979352,9.305872235979352,28.11420203928236,-1,9305871235951.236,5.446428571428571,5.698272245270864,5.698272245270864,5698271307763.832,7.032831356508629
205,9.641578219240876e+18,8.571428571428571,9.641579219273158,9.641579219273158,32.28249732453552,-1,9641578219240.877,5.0892857142857135,5.347585763250079,5.347585763250079,5347584825743.756,6.322429970695531
206,9.668610798935237e+18,8.571428571428571,9.668611798967634,9.668611798967634,32.396293583528006,-1,9668610798935.236,5.982142857142858,6.111969351768494,6.111969351768494,6111968414261.892,6.601656799503784
207,9.151318776235173e+18,8.571428571428571,9.151319776262557,9.151319776262557,27.384283276530162,-1,9151318776235.174,4.910714285714286,5.169551117079599,5.169551117079599,5169550179573.383,6.215358457888804
208,1.4285714285669253e+19,14.285714285714285,14.285714285714285,14.285714285714285,45.0312870581851,0,14285714285669.254,5.0892857142857135,5.379463263920375,5.379463263920375,5379462357663.416,6.959538666828502
209,9.517946605646248e+18,8.571428571428571,9.517947605678014,9.517947605678014,31.766294349082862,-1,9517946605646.248,5.089285714285714,5.298067586762564,5.298067586762564,5298066649256.242,6.322041096336857
210,9.162395022224678e+18,8.571428571428571,9.162396022251675,9.162396022251675,26.99778451334368,-1,9162395022224.678,5.267857142857143,5.442050014223371,5.442050014223371,5442049107965.746,7.625214783188175
211,9.161675679311528e+18,8.571428571428571,9.161676679338727,9.161676679338727,27.199071073453016,-1,9161675679311.527,5.357142857142858,5.579876899719238,5.579876899719238,5579875962212.811,6.427772049479452
212,9.275252840827376e+18,8.571428571428571,9.27525384085519,9.27525384085519,27.81456630157536,-1,9275252840827.375,4.732142857142858,5.033083898680551,5.033083898680551,5033082961174.344,6.206623575054637
213,9.199059712511881e+18,8.571428571428571,9.199060712541852,9.199060712541852,29.971256182616536,-1,9199059712511.88,5.178571428571429,5.464709912027631,5.464709912027631,5464708974520.915,6.716929014934578
214,1.2632059369723412e+19,11.428571428571429,12.632059369768415,12.632059369768415,45.003046178554314,0,12632059369723.412,5.178571428571429,5.465267726353236,5.465267726353236,5465266820096.547,6.689802259860361
215,9.623076937503152e+18,8.571428571428571,9.623077937534877,9.623077937534877,31.724555435597544,-1,9623076937503.152,5.357142857142858,5.520153982298715,5.520153982298715,5520153044792.419,6.295808349052852
216,9.337544122390448e+18,8.571428571428571,9.337545122419085,9.337545122419085,28.637127705903,-1,9337544122390.447,5.625,5.844255430357797,5.844255430357797,5844254492850.434,7.362638624850967
217,9.11034892760272e+18,8.571428571428571,9.110349927629743,9.110349927629743,27.023723224345535,-1,9110348927602.72,5.625,5.831801380429949,5.831801380429949,5831800442923.523,6.425067102957847
218,9.66020211624823e+18,8.571428571428571,9.660203116280693,9.660203116280693,32.46264747641676,-1,9660202116248.23,5.714285714285714,6.00190281867981,6.00190281867981,6001901881173.222,6.587535210135976
219,1.4285714285669274e+19,14.285714285714285,14.285714285714285,14.285714285714285,45.01138066829108,0,14285714285669.273,5.714285714285714,5.854943479810442,5.854943479810442,5854942573553.729,6.713212062133685
220,9.476309184992635e+18,8.571428571428571,9.476310185023715,9.476310185023715,31.079487918668725,-1,9476309184992.635,5.267857142857143,5.5591066394533435,5.5591066394533435,5559105701947.055,6.287854346104156
221,9.328781217815233e+18,8.571428571428571,9.328782217843191,9.328782217843191,27.959149850244625,-1,9328781217815.232,5.267857142857143,5.518435154642377,5.518435154642377,5518434217136.122,6.255421366782821
222,1.4285714285669274e+19,14.285714285714285,14.285714285714285,14.285714285714285,45.00994198547611,0,14285714285669.273,5.357142857142858,5.513994353158133,5.513994353158133,5513993446901.299,6.8349065942501195
223,9.511657804725395e+18,8.571428571428571,9.511658804757255,9.511658804757255,31.861555445943335,-1,9511657804725.395,5.267857142857143,5.4043212958744595,5.4043212958744595,5404320389616.957,7.5029474214069865
224,1.4285714285669267e+19,14.285714285714285,14.285714285714285,14.285714285714285,45.01625181907402,0,14285714285669.268,5.625,5.748274070875985,5.748274070875985,5748273164619.168,6.817569683142067
225,9.44650277542985e+18,8.571428571428571,9.44650377546038,9.44650377546038,30.531429311393918,-1,9446502775429.85,5.0,5.111105356897626,5.111105356897626,5111104419391.609,6.017583164596942
226,9.721719559223022e+18,8.571428571428571,9.721720559256418,9.721720559256418,33.39738134919939,-1,9721719559223.021,4.821428571428571,5.217235258647374,5.217235258647374,5217234321140.373,7.000397318764138
227,9.354443231277593e+18,8.571428571428571,9.354444231305802,9.354444231305802,28.209863562838933,-1,9354443231277.592,4.821428571428571,5.050936170986721,5.050936170986721,5050935233479.6,7.120732783861351
228,9.43207232063083e+18,8.571428571428571,9.43207332066127,9.43207332066127,30.440940983740298,-1,9432072320630.828,5.178571428571429,5.502315504210336,5.502315504210336,5502314566703.863,6.472912476899829
229,9.192340395758873e+18,8.571428571428571,9.192341395786832,9.192341395786832,27.95906345962306,-1,9192340395758.873,5.446428571428571,5.734723806381226,5.734723806381226,5734722868874.848,6.377397611662706
230,9.142147154095922e+18,8.571428571428571,9.142148154122488,9.142148154122488,26.56509466575874,-1,9142147154095.922,5.0,5.342268262590681,5.342268262590681,5342267325084.439,6.240867108594712
231,1.4285714285669276e+19,14.285714285714285,14.285714285714285,14.285714285714285,45.0081132800035,0,14285714285669.275,5.267857142857143,5.510120562144689,5.510120562144689,5510119655887.942,6.745853588009323
232,9.62831942145878e+18,8.571428571428571,9.62832042149135,9.62832042149135,32.57142840692533,-1,9628319421458.78,5.803571428571429,6.023386120796204,6.023386120796204,6023385183289.466,6.737691218680263
233,9.757307959927685e+18,8.571428571428571,9.757308959960938,9.757308959960938,33.254256008136316,-1,9757307959927.686,4.821428571428571,5.070368221827916,5.070368221827916,5070367284320.922,6.9934032445135585
234,9.195302235707861e+18,8.571428571428571,9.195303235735212,9.195303235735212,27.350605574601428,-1,9195302235707.861,5.446428571428571,5.743128827639989,5.743128827639989,5743127890133.668,6.320529023729028
235,9.85304868694276e+18,8.571428571428571,9.853049686976842,9.853049686976842,34.07999560397507,-1,9853048686942.762,5.446428571428571,5.632466333253043,5.632466333253043,5632465395746.5,6.542765167399585
236,9.43797692704183e+18,8.571428571428571,9.437977927071707,9.437977927071707,29.876515035452655,-1,9437976927041.83,5.178571428571429,5.390552197183881,5.390552197183881,5390551259677.354,6.527568047821522
237,9.087275458713752e+18,8.571428571428571,9.087276458740234,9.087276458740234,26.48255241635652,-1,9087275458713.752,4.821428571428571,5.0439565522330145,5.0439565522330145,5043955614726.73,6.28356325361467
238,9.332274390595938e+18,8.571428571428571,9.332275390625,9.332275390625,29.061543589289265,-1,9332274390595.938,5.267857142857142,5.562331931931632,5.562331931931632,5562330994424.473,7.159269804845005
239,1.4285714285669261e+19,14.285714285714285,14.285714285714285,14.285714285714285,45.02281717065931,0,14285714285669.262,5.714285714285714,5.9897484098161975,5.9897484098161975,5989747503559.221,6.975540938664263
240,9.482813243830542e+18,8.571428571428571,9.482814243861608,9.482814243861608,31.065235133112083,-1,9482813243830.543,4.910714285714286,5.129832540239606,5.129832540239606,5129831602733.1,6.507019648044497
241,9.518952050854547e+18,8.571428571428571,9.51895305088588,9.51895305088588,31.33129717885115,-1,9518952050854.547,5.0892857142857135,5.316662788391113,5.316662788391113,5316661850884.588,6.524894600472705
242,9.792370477364781e+18,8.571428571428571,9.792371477399552,9.792371477399552,34.770204199135264,-1,9792370477364.781,5.178571428571428,5.454639877591815,5.454639877591815,5454638940085.19,6.624240469849713
243,9.597393125770689e+18,8.571428571428571,9.597394125802177,9.597394125802177,31.48772057025728,-1,9597393125770.69,5.089285714285714,5.346119233540127,5.346119233540127,5346118296033.423,6.7033925029295816
244,9.486982162986017e+18,8.571428571428571,9.486983163016182,9.486983163016182,30.164976204067596,-1,9486982162986.018,5.089285714285714,5.2367448806762695,5.2367448806762695,5236743943168.566,7.703113154778799
245,1.2266469682920952e+19,11.428571428571429,12.26646968296596,12.26646968296596,45.00801346614377,0,12266469682920.951,5.178571428571429,5.385021993092129,5.385021993092129,5385021086835.244,6.88396049424464
246,1.4285714285669272e+19,14.285714285714285,14.285714285714285,14.285714285714285,45.01298863098745,0,14285714285669.271,5.357142857142858,5.642917241368975,5.642917241368975,5642916335111.84,7.134475281388289
247,9.029760723084365e+18,8.571428571428571,9.029761723109655,9.029761723109655,25.28919797326906,-1,9029760723084.365,4.821428571428571,4.937101176806859,4.937101176806859,4937100239300.594,6.264360160090838
248,9.523322604008442e+18,8.571428571428571,9.523323604038783,9.523323604038783,30.341831610107725,-1,9523322604008.441,5.178571428571429,5.361533420426505,5.361533420426505,5361532482920.234,6.270294519297831
249,9.642752601042199e+18,8.571428571428571,9.642753601074219,9.642753601074219,32.020926856381806,-1,9642752601042.2,5.089285714285714,5.35566440650395,5.35566440650395,5355663468997.506,6.444413804016268
250,9.53948602127849e+18,8.571428571428571,9.53948702130999,9.53948702130999,31.498867872988995,-1,9539486021278.49,5.0,5.225511619022914,5.225511619022914,5225510681516.033,6.881061687747911
251,9.068809599164935e+18,8.571428571428571,9.068810599190847,9.068810599190847,25.912056964521312,-1,9068809599164.936,5.446428571428571,5.669680408069066,5.669680408069066,5669679470562.688,6.37736103439244
252,9.308816727195922e+18,8.571428571428571,9.308817727225167,9.308817727225167,29.243476448205683,-1,9308816727195.922,5.267857142857143,5.475758143833705,5.475758143833705,5475757206326.395,7.31054890178959
253,1.4285714285669278e+19,14.285714285714285,14.285714285714285,14.285714285714285,45.00713509948589,0,14285714285669.277,5.982142857142857,6.1577911887850085,6.1577911887850085,6157790282527.449,7.558386887532163
254,9.67266255238798e+18,8.571428571428571,9.67266355242048,9.67266355242048,32.499436646496584,-1,9672662552387.979,5.178571428571429,5.3681675876889905,5.3681675876889905,5368166650182.635,6.356446535408503
255,9.501834959266415e+18,8.571428571428571,9.50183595929827,9.50183595929827,31.856380864434747,-1,9501834959266.414,5.357142857142858,5.718438114438738,5.718438114438738,5718437176932.098,6.640205241087437
256,9.60063834322868e+18,8.571428571428571,9.600639343261719,9.600639343261719,33.03736671935148,-1,9600638343228.68,5.625,5.865076099123273,5.865076099123273,5865075161616.374,6.899179150526331
257,9.380805514165457e+18,8.571428571428571,9.380806514195033,9.380806514195033,29.576035148355263,-1,9380805514165.457,5.625,5.88492478643145,5.88492478643145,5884923848924.937,6.511924004865495
258,9.016174951250845e+18,8.571428571428571,9.016175951276505,9.016175951276505,25.659939774610507,-1,9016174951250.844,5.267857142857142,5.594522953033447,5.594522953033447,5594522015527.113,6.334277283697363
259,1.4285714285669282e+19,14.285714285714285,14.285714285714285,14.285714285714285,45.002294049859124,0,14285714285669.281,5.267857142857142,5.502186758177621,5.502186758177621,5502185851919.497,8.123780228989656
260,9.40619777403489e+18,8.571428571428571,9.40619877406529,9.40619877406529,30.399049102868293,-1,9406197774034.89,5.446428571428572,5.6808421441486905,5.6808421441486905,5680841206642.164,6.525455150719666
261,1.4285713285670949e+19,14.285714285714285,14.285714285714285,14.285714285714285,43.33471234499256,-1,14285713285670.95,5.267857142857143,5.420103754316057,5.420103754316057,5420102816808.939,7.117546081427189
262,1.4285714285669261e+19,14.285714285714285,14.285714285714285,14.285714285714285,45.02347555680193,0,14285714285669.262,5.267857142857142,5.4383297477449695,5.4383297477449695,5438328841487.914,7.054675327860272
263,9.75933247426142e+18,8.571428571428571,9.75933347429548,9.75933347429548,34.05878277953473,-1,9759332474261.42,5.089285714285714,5.319202542304993,5.319202542304993,5319201636046.924,8.068484659930066
264,9.660932358295187e+18,8.571428571428571,9.660933358328682,9.660933358328682,33.49413618713678,-1,9660932358295.188,5.446428571428572,5.69943470614297,5.69943470614297,5699433799884.94,8.030213354729035
265,9.122081846477474e+18,8.571428571428571,9.122082846505302,9.122082846505302,27.82798895277847,-1,9122081846477.475,5.089285714285714,5.35058685711452,5.35058685711452,5350585919608.059,6.460759507770874
266,9.187258674043738e+18,8.571428571428571,9.187259674072266,9.187259674072266,28.527618609205668,-1,9187258674043.738,4.553571428571429,4.868602667536054,4.868602667536054,4868601730029.627,6.42692559705157
267,9.422998790706162e+18,8.571428571428571,9.422999790736606,9.422999790736606,30.44268127671899,-1,9422998790706.162,5.0,5.374646357127598,5.374646357127598,5374645419621.266,6.3323778515222235
268,9.18582271300298e+18,8.571428571428571,9.185823713030134,9.185823713030134,27.153733800879156,-1,9185822713002.98,5.267857142857142,5.497659615107945,5.497659615107945,5497658677601.594,6.350610508114746
269,9.842443828545264e+18,8.571428571428571,9.842444828578405,9.842444828578405,33.1400141151908,-1,9842443828545.264,4.821428571428571,5.047078388077872,5.047078388077872,5047077450571.472,6.400365085822334
270,1.4285714285669284e+19,14.285714285714285,14.285714285714285,14.285714285714285,45.000913854730996,0,14285714285669.283,5.803571428571429,5.991411549704415,5.991411549704415,5991410643447.359,7.055639624376067
271,1.4285713285671045e+19,14.285714285714285,14.285714285714285,14.285714285714285,43.23837946664319,-1,14285713285671.045,5.892857142857143,6.123480541365487,6.123480541365487,6123479603858.395,7.092483282327356
272,9.185005277873229e+18,8.571428571428571,9.185006277901786,9.185006277901786,28.556732075122284,-1,9185005277873.229,5.178571428571429,5.456088100160871,5.456088100160871,5456087162654.365,6.505865272397149
273,9.058215639900239e+18,8.571428571428571,9.058216639927455,9.058216639927455,27.21538351141057,-1,9058215639900.238,5.5357142857142865,5.738447393689837,5.738447393689837,5738446487432.035,7.80209661820713
274,9.54762495037274e+18,8.571428571428571,9.547625950404576,9.547625950404576,31.83871828606407,-1,9547624950372.738,4.910714285714286,5.105474676404681,5.105474676404681,5105473801395.35,9.330513326348633
275,9.193844476396033e+18,8.571428571428571,9.19384547642299,9.19384547642299,26.957201124255363,-1,9193844476396.033,5.178571428571429,5.376176834106445,5.376176834106445,5376175927848.62,7.825381993511983
276,9.642428351772566e+18,8.571428571428571,9.64242935180664,9.64242935180664,34.074053860123946,-1,9642428351772.566,5.0,5.2423547846930365,5.2423547846930365,5242353878434.904,8.132641027600283
277,9.259010404827367e+18,8.571428571428571,9.259011404854911,9.259011404854911,27.54363511527434,-1,9259010404827.367,4.642857142857142,4.795840127127511,4.795840127127511,4795839220869.745,7.766518446838458
278,9.140433265109787e+18,8.571428571428571,9.140434265136719,9.140434265136719,26.931829231620604,-1,9140433265109.787,4.732142857142858,5.003678287778582,5.003678287778582,5003677381520.408,8.174071910761299
279,1.4285713285670162e+19,14.285714285714285,14.285714285714285,14.285714285714285,44.12184926963954,-1,14285713285670.162,5.446428571428571,5.64477367060525,5.64477367060525,5644772764346.254,8.997577125258802
280,9.72607376367362e+18,8.571428571428571,9.726074763706752,9.726074763706752,33.130000078824764,-1,9726073763673.621,5.0,5.35379137311663,5.35379137311663,5353790466857.842,8.786950579221838
281,9.507096516722098e+18,8.571428571428571,9.507097516741071,9.507097516741071,18.97160643784764,-1,9507096516722.098,5.625,5.799265759331839,5.799265759331839,5799264853072.851,8.988618500912764
282,9.76406269888517e+18,8.571428571428571,9.764063698904856,9.764063698904856,19.686610271992073,-1,9764062698885.17,5.0,5.2253959860120505,5.2253959860120505,5225395079751.291,10.758960265850082
283,9.601728256734048e+18,8.571428571428571,9.601729256766182,9.601729256766182,32.13326530575191,-1,9601728256734.049,5.178571428571429,5.4057266882487705,5.4057266882487705,5405725781989.846,8.923968054987286
284,9.754662194908908e+18,8.571428571428571,9.75466319492885,9.75466319492885,19.94291573922006,-1,9754662194908.908,4.910714285714286,5.231480598449707,5.231480598449707,5231479723438.412,11.294260128319415
285,9.645877928028836e+18,8.571428571428571,9.645878928048269,9.645878928048269,19.433711247903307,-1,9645877928028.836,5.267857142857143,5.664958868707929,5.664958868707929,5664957962448.846,9.083593123647066
286,9.400748206524457e+18,8.571428571428571,9.400749206542969,9.400749206542969,18.511364817324402,-1,9400748206524.457,5.089285714285714,5.221544674464635,5.221544674464635,5221543799454.412,10.222691155256225
287,9.625703629061298e+18,8.571428571428571,9.625704629080637,9.625704629080637,19.339374745796857,-1,9625703629061.299,4.821428571428571,5.064729877880641,5.064729877880641,5064728971622.402,8.238039950072539
288,9.727220897637595e+18,8.571428571428571,9.7272218976702,9.7272218976702,32.60402115665695,-1,9727220897637.596,4.732142857142858,5.0875421932765414,5.0875421932765414,5087541287017.774,8.766780291692918
289,1.4285714285669284e+19,14.285714285714285,14.285714285714285,14.285714285714285,45.00086894169522,0,14285714285669.283,5.446428571428571,5.718415209225245,5.718415209225245,5718414365464.605,10.640021181223211
290,9.467374619040166e+18,8.571428571428571,9.467375619070872,9.467375619070872,30.705790440943538,-1,9467374619040.166,5.0,5.460447243281774,5.460447243281774,5460446337022.877,8.895830545492545
291,9.441491898104818e+18,8.571428571428571,9.441492898123604,9.441492898123604,18.78592720705713,-1,9441491898104.818,5.267857142857143,5.481579559189933,5.481579559189933,5481578684179.804,10.128526576826932
292,9.614872613597348e+18,8.571428571428571,9.614873613630023,9.614873613630023,32.67392131262455,-1,9614872613597.348,5.089285714285714,5.337903925350734,5.337903925350734,5337903019091.693,9.04105781308229
293,1.4285714285669272e+19,14.285714285714285,14.285714285714285,14.285714285714285,45.01262509487436,0,14285714285669.271,5.5357142857142865,5.780877470970154,5.780877470970154,5780876595960.084,10.070062171239615
294,1.4285714285669274e+19,14.285714285714285,14.285714285714285,14.285714285714285,45.01028048087521,0,14285714285669.273,5.625,5.80887998853411,5.80887998853411,5808879144773.28,10.829695069787945
295,9.568327857388521e+18,8.571428571428571,9.568328857421875,9.568328857421875,33.35295960749546,-1,9568327857388.521,5.0,5.2868018831525525,5.2868018831525525,5286801008141.686,10.867441556606188
296,9.331421533277577e+18,8.571428571428571,9.331422533307757,9.331422533307757,30.17834317849253,-1,9331421533277.578,4.553571428571428,4.777968185288565,4.777968185288565,4777967279030.045,8.520093465110447
297,9.476369130247442e+18,8.571428571428571,9.476370130266462,9.476370130266462,19.019599086158866,-1,9476369130247.443,4.642857142857142,4.785719428743635,4.785719428743635,4785718553733.975,9.659203136399302
298,9.463535398732556e+18,8.571428571428571,9.463536398751394,9.463536398751394,18.837786997516325,-1,9463535398732.557,5.178571428571429,5.517272182873317,5.517272182873317,5517271276613.609,9.707398817409322
299,9.581807362655992e+18,8.571428571428571,9.581808362688339,9.581808362688339,32.345839052216434,-1,9581807362655.992,6.071428571428571,6.310344849314008,6.310344849314008,6310343943054.861,9.146519167522108
300,9.814629235910705e+18,8.571428571428571,9.814630235944476,9.814630235944476,33.77155283043737,-1,9814629235910.705,5.089285714285714,5.32843462058476,5.32843462058476,5328433745574.926,9.835072283181407
