generation,progress_p10,progress_p25,progress_p75,progress_p90,progress_mean_all,progress_mean_parent,progress_mean_elite,progress_best,finish_count,best_finished_time,penalized_p25,penalized_p75,penalized_mean_all,penalized_mean_parent,penalized_mean_elite,best_finished_time_so_far
1,0.0,1.41211918422154,7.142857142857142,7.6057022639683325,3.4106963589077908,7.175619431904384,8.46874373299735,9.549173627580917,0,,30.0,30.0,30.0,30.0,30.0,
2,1.883466993059431,3.0702059609549384,8.152616364615303,8.55787059238979,5.904759849820818,8.455141612461635,8.941770281110491,9.549173627580917,0,,30.0,30.0,30.0,30.0,30.0,
3,1.8836631774902344,3.059415817260742,8.538611957005092,8.800585065569196,6.239309310913086,8.722933871405466,9.115991592407227,9.549173627580917,0,,30.0,30.0,30.0,30.0,30.0,
4,3.0583741324288503,4.192389079502651,8.81169319152832,9.169283185686384,6.776950870241438,9.041223696299962,9.45258889879499,9.62334496634347,0,,30.0,30.0,30.0,30.0,30.0,
5,3.047039031982422,5.122225625174386,9.32520866394043,9.591549464634486,7.368674391791934,9.443150077547346,9.737635340009415,9.818052564348491,0,,30.0,30.0,30.0,30.0,30.0,
6,3.061309814453125,5.000625337873186,9.20330115727016,9.641101837158205,7.157593227568127,9.423577615192958,9.74625928061349,9.818052564348491,0,,30.0,30.0,30.0,30.0,30.0,
7,3.0399600437709267,4.47678702218192,9.095518929617745,9.389973504202707,6.494549796694801,9.312881401606969,9.74625928061349,9.818052564348491,0,,30.0,30.0,30.0,30.0,30.0,
8,4.60971178327288,5.516650336129324,9.20875072479248,9.583186830793109,7.634750093732561,9.426751647676742,9.75661414010184,9.818052564348491,0,,30.0,30.0,30.0,30.0,30.0,
9,2.685396466936384,4.576899664742606,9.028383663722447,9.711858204432897,6.641375677926199,9.35779503413609,9.797598293849399,9.873158591134208,0,,30.0,30.0,30.0,30.0,30.0,
10,4.292666299002512,5.123923165457589,9.113990238734655,9.432184219360352,7.359890143076579,9.390869310923986,9.797598293849399,9.873158591134208,0,,30.0,30.0,30.0,30.0,30.0,
11,4.029340471540179,4.862470626831055,9.12139824458531,9.652822766985212,6.9948601722717285,9.428984778267996,9.805493354797363,9.873158591134208,0,,30.0,30.0,30.0,30.0,30.0,
12,3.0885086059570317,4.856635502406529,9.166601725987027,9.729879924229214,7.099722850890387,9.476181949887957,9.807846886771065,9.873158591134208,0,,30.0,30.0,30.0,30.0,30.0,
13,3.0462875366210938,4.469387871878489,9.212194170270648,9.60790170942034,6.515543574378603,9.422933374132429,9.807846886771065,9.873158591134208,0,,30.0,30.0,30.0,30.0,30.0,
14,3.025987352643694,4.794393266950334,9.249174935477118,9.76823425292969,6.8564382053556905,9.5188307762146,9.91877828325544,10.08324486868722,0,,30.0,30.0,30.0,30.0,30.0,
15,4.103293827601841,5.045701435634068,9.34469086783273,9.826094491141182,6.857980262665521,9.585917336600167,10.01359122140067,10.197304316929408,0,,30.0,30.0,30.0,30.0,30.0,
16,4.371157509940011,5.025238309587752,9.22182764325823,9.67428970336914,6.880010196140835,9.50270754950387,10.01359122140067,10.197304316929408,0,,30.0,30.0,30.0,30.0,30.0,
17,3.0888355800083707,5.185907908848354,9.30799961090088,9.680401938302177,7.332907744816372,9.579334769930158,10.016766956874303,10.197304316929408,0,,30.0,30.0,30.0,30.0,30.0,
18,3.988872528076172,5.306151253836496,9.422249112810405,9.732743399483818,7.3317640735989515,9.632601397378105,10.047899654933385,10.197304316929408,0,,30.0,30.0,30.0,30.0,30.0,
19,3.338997977120536,4.836105619158064,9.170896666390556,9.61217144557408,6.863527070908319,9.507734094347272,10.047899654933385,10.197304316929408,0,,30.0,30.0,30.0,30.0,30.0,
20,3.625944410051618,4.801172528948102,9.100846563066753,9.646529606410436,6.952696243921916,9.466400487082346,10.047899654933385,10.197304316929408,0,,30.0,30.0,30.0,30.0,30.0,
21,3.894235338483538,5.017514910016741,9.171287672860283,9.814013617379324,7.045731601260957,9.572501182556152,10.047899654933385,10.197304316929408,0,,30.0,30.0,30.0,30.0,30.0,
22,3.9774524143763954,5.240772792271206,9.407308442252024,9.93357767377581,7.358655191603162,9.723223447799683,10.196379252842494,10.332249232700892,0,,30.0,30.0,30.0,30.0,30.0,
23,3.6368931361607144,5.089363370622907,9.091885430472237,10.06979043143136,7.077874172301519,9.645111220223564,10.282489912850515,10.427687508719307,0,,30.0,30.0,30.0,30.0,30.0,
24,3.8018172127859935,5.154105595179966,9.10085882459368,9.889188494001116,7.238146804627919,9.600608859743392,10.282489912850515,10.427687508719307,0,,30.0,30.0,30.0,30.0,30.0,
25,4.749424525669642,5.356227329799108,9.815032822745186,10.21056638445173,7.7650659424918045,10.017360619136266,10.328195435660225,10.427687508719307,0,,30.0,30.0,30.0,30.0,30.0,
26,3.975538526262556,5.218286514282227,9.487577165876116,10.179761614118304,7.310924813860939,9.881240470068796,10.3914669581822,10.52248546055385,0,,30.0,30.0,30.0,30.0,30.0,
27,4.4959515162876675,5.039769581386022,9.685756819588796,10.368698937552317,7.2750098932357075,10.319561106818064,11.709686006818501,14.705865042550222,0,,30.0,30.0,30.0,30.0,30.0,
28,4.775640215192523,5.262302671160017,9.66454369681222,10.55245998927525,7.844046978723436,10.610732180731638,12.685321399143763,14.705865042550222,0,,30.0,30.0,30.0,30.0,30.0,
29,4.258675711495536,4.77306502205985,9.633366721017023,10.443043300083707,7.374877475556873,10.619287661143712,12.714185033525741,14.705865042550222,0,,30.0,30.0,30.0,30.0,30.0,
30,4.5777658735002795,5.187862941196986,9.678707803998677,10.69131224496024,7.444058656692505,10.672080857413157,12.791904721941268,14.705865042550222,0,,30.0,30.0,30.0,30.0,30.0,
31,4.988813127790179,5.376467023577009,10.265007019042969,11.129310880388532,8.269396282377699,11.599682228905813,14.448695863996232,14.705865042550222,0,,30.0,30.0,30.0,30.0,30.0,
32,4.0827533176967075,5.0695487431117465,10.316008840288436,11.329600470406673,8.126859608150665,11.564906665257045,14.448695863996232,14.705865042550222,0,,30.0,30.0,30.0,30.0,30.0,
33,3.634850093296596,5.3971903664725165,10.205311094011579,14.019762311662946,8.03366422653198,12.078934056418284,14.448695863996232,14.705865042550222,0,,30.0,30.0,30.0,30.0,30.0,
34,4.403439113071986,5.1701940808977405,10.423829896109446,14.133010319301063,8.045902990159535,12.019233703613281,14.537191390991211,14.705865042550222,0,,30.0,30.0,30.0,30.0,30.0,
35,4.573648725237165,5.136733736310687,9.913312367030553,14.078397478376118,7.955032870883033,11.768966742924283,14.537191390991211,14.705865042550222,0,,30.0,30.0,30.0,30.0,30.0,
36,4.94792720249721,5.493905203683036,10.62370777130127,14.399796622140068,8.789943343117123,12.736910581588745,14.611424037388392,14.705865042550222,0,,30.0,30.0,30.0,30.0,30.0,
37,4.610015324183873,5.3370176042829245,10.619164875575477,14.254831586565288,8.360444534392585,12.514627320425852,14.611424037388392,14.705865042550222,0,,30.0,30.0,30.0,30.0,30.0,
38,4.544314793178013,5.197396959577288,10.493965148925781,13.27769524710519,8.224805025827317,11.927195276532855,14.611424037388392,14.705865042550222,0,,30.0,30.0,30.0,30.0,30.0,
39,4.758394513811384,5.35341671534947,10.28679983956473,14.422327314104354,8.400373629161288,12.573376723698207,14.673798424857004,14.7107424054827,0,,30.0,30.0,30.0,30.0,30.0,
40,3.975056784493583,5.243515287126814,11.007037162780762,14.551188332693918,8.561134281612578,13.085472924368723,14.673798424857004,14.7107424054827,0,,30.0,30.0,30.0,30.0,30.0,
41,4.386805943080358,5.353311811174665,10.343478066580635,14.15662111554827,8.421717598324731,12.229137761252268,14.673798424857004,14.7107424054827,0,,30.0,30.0,30.0,30.0,30.0,
42,4.645684378487723,5.163117817470006,10.179147039140974,14.452643258231028,8.411337875184559,12.550698007856095,14.673798424857004,14.7107424054827,0,,30.0,30.0,30.0,30.0,30.0,
43,4.63240705217634,5.196723937988281,10.330849375043595,14.43786839076451,8.472260747637065,12.37400003841945,14.739106042044504,14.89032200404576,0,,30.0,30.0,30.0,30.0,30.0,
44,4.379180363246372,5.101233891078404,10.02695083618164,14.51515633719308,8.264430363972982,12.099868740354266,14.739106042044504,14.89032200404576,0,,30.0,30.0,30.0,30.0,30.0,
45,4.433720179966518,5.281823022024972,10.352020944867814,14.432335444859099,8.74813721293495,12.414714608873641,14.775431496756417,14.89032200404576,0,,30.0,30.0,30.0,30.0,30.0,
46,3.570650373186384,5.079634530203683,9.989113126482282,13.88077872140067,7.83828337987264,11.808695793151855,14.775431496756417,14.89032200404576,0,,30.0,30.0,30.0,30.0,30.0,
47,4.578207288469587,5.240601130894253,10.225670678274973,14.038496834891182,7.796710445767357,12.00953687940325,14.775431496756417,14.89032200404576,0,,30.0,30.0,30.0,30.0,30.0,
48,3.4373076302664622,4.827297755650111,10.015850067138672,13.92126846313477,8.010291655858358,11.873663834163121,14.775431496756417,14.89032200404576,0,,30.0,30.0,30.0,30.0,30.0,
49,4.767568315778459,5.32024792262486,10.26982171194894,14.481849670410158,8.291266475405012,12.280082021440776,14.775431496756417,14.89032200404576,0,,30.0,30.0,30.0,30.0,30.0,
50,4.670424870082311,5.167875289916992,10.037850652422222,14.504643031529017,8.269917964935303,12.578785589763097,14.775431496756417,14.89032200404576,0,,30.0,30.0,30.0,30.0,30.0,
51,3.128190721784319,4.989846093314035,10.812166077750069,14.707328251429965,8.297983180908929,12.838938576834543,14.79301725115095,14.89032200404576,0,,30.0,30.0,30.0,30.0,30.0,
52,3.015180860246931,4.684525898524693,10.936592647007535,14.21983827863421,8.20674078805106,12.707923480442593,14.79301725115095,14.89032200404576,0,,30.0,30.0,30.0,30.0,30.0,
53,4.2119647434779575,5.26829719543457,10.874218259538923,14.339401790073943,8.554360128584362,12.88144656590053,14.872737612043107,15.059165954589842,0,,30.0,30.0,30.0,30.0,30.0,
54,4.780282701764788,5.350653784615654,14.32551520211356,14.806838989257812,9.622815733864194,14.587609767913818,14.91647584097726,15.059165954589842,0,,30.0,30.0,30.0,30.0,30.0,
55,4.621686662946429,5.240383148193359,10.629294940403529,14.807436261858259,8.512688080469767,12.869531427110944,14.937264578683035,15.059165954589842,0,,30.0,30.0,30.0,30.0,30.0,
56,4.622865949358259,5.5744171142578125,11.519804682050433,14.233861105782646,8.931560175759452,13.181641272136144,14.937264578683035,15.059165954589842,0,,30.0,30.0,30.0,30.0,30.0,
57,3.683301108224052,5.043950762067523,11.025742803301132,14.522150857107983,8.491802726473127,12.942995684487478,14.937264578683035,15.059165954589842,0,,30.0,30.0,30.0,30.0,30.0,
58,4.7626784188406805,5.3482995714460095,13.873071670532227,14.897842407226564,9.579054003670102,14.372785772596085,15.03083229064941,15.121541704450332,0,,30.0,30.0,30.0,30.0,30.0,
59,4.1445208958217075,5.379721777779715,13.827791213989258,14.950371878487724,9.490373531977335,14.412896633148193,15.150792258126394,15.40311540876116,0,,30.0,30.0,30.0,30.0,30.0,
60,3.9319158281598767,5.095773424421038,14.020209993634907,15.039279937744139,8.967653456188385,14.488623482840403,15.26590347290039,15.459927150181365,0,,30.0,30.0,30.0,30.0,30.0,
61,4.849633353097098,5.702246257237025,14.77414948599679,15.225376674107142,10.389336744944254,15.009328637804305,15.399953297206334,15.459927150181365,0,,30.0,30.0,30.0,30.0,30.0,
62,4.970458439418248,5.427525384085519,14.70010621207101,15.390389578683035,10.319667486917405,15.072801794324604,15.66863604954311,16.05321066720145,0,,30.0,30.0,30.0,30.0,30.0,
63,5.6537372044154575,8.954746382577078,14.973910195486887,15.43828637259347,10.922824939092001,15.146192482539586,15.684175491333008,16.05321066720145,0,,30.0,30.0,30.0,30.0,30.0,
64,5.079979487827846,5.765887669154576,14.133799416678295,15.243339538574219,9.881373076211839,14.680027961730957,15.684175491333008,16.05321066720145,0,,30.0,30.0,30.0,30.0,30.0,
65,5.154698508126395,6.352822440011161,14.842969349452428,15.348759242466517,11.273975315548126,15.206636020115443,15.684175491333008,16.05321066720145,0,,30.0,30.0,30.0,30.0,30.0,
66,4.502931322370257,6.4435209546770364,14.714467184884207,15.544582911900113,10.304706607546125,15.19592557634626,15.781965255737306,16.05321066720145,0,,30.0,30.0,30.0,30.0,30.0,
67,5.2940570286342075,7.931559426443917,14.17483466012137,15.406733376639233,10.682084673926944,14.804871082305908,15.781965255737306,16.05321066720145,0,,30.0,30.0,30.0,30.0,30.0,
68,5.216405596051898,9.39180782863072,14.754679543631418,15.469379970005582,11.096263783318657,15.062580449240548,15.781965255737306,16.05321066720145,0,,30.0,30.0,30.0,30.0,30.0,
69,5.295247759137835,5.862723759242466,15.251885822841098,15.72486060006278,11.2996430624099,15.571861607687815,15.983896255493164,16.08043670654297,0,,30.0,30.0,30.0,30.0,30.0,
70,5.240544455392021,5.711025510515486,14.947513852800643,15.6686646597726,10.409093981697445,15.391345024108887,15.983896255493164,16.08043670654297,0,,30.0,30.0,30.0,30.0,30.0,
71,5.216327667236328,8.696266583033971,14.763627733503068,15.827783857073102,11.30004740896679,15.390048367636545,15.983896255493164,16.08043670654297,0,,30.0,30.0,30.0,30.0,30.0,
72,5.205759865897042,5.853346415928431,15.571351732526509,15.88800484793527,11.75734979765756,15.75869083404541,16.043901443481445,16.13306862967355,0,,30.0,30.0,30.0,30.0,30.0,
73,5.411640712193081,5.842297417776925,15.227688380650113,15.740935189383372,11.056992667061943,15.510856424059188,16.043901443481445,16.13306862967355,0,,30.0,30.0,30.0,30.0,30.0,
74,5.4255572727748325,10.76005050114223,15.223944527762278,15.91648210797991,12.41262435913086,15.61645780290876,16.102616446358816,16.1437497820173,0,,30.0,30.0,30.0,30.0,30.0,
75,5.479699271065848,10.251763888767787,15.457594735281809,16.055919647216797,11.821798767362324,15.673699378967285,16.150099890572683,16.24314444405692,0,,30.0,30.0,30.0,30.0,30.0,
76,5.0510068620954245,5.946670259748186,15.494721276419504,15.977310180664062,11.339004266829718,15.776615483420235,16.26396996634347,16.535917009626118,0,,30.0,30.0,30.0,30.0,30.0,
77,4.890780857631139,5.735368728637695,15.032825469970703,16.210914611816406,10.401159468151274,15.556652205330986,16.550069536481587,16.872406005859375,0,,30.0,30.0,30.0,30.0,30.0,
78,4.3146465846470425,5.431699752807617,15.439390454973491,16.0158931187221,10.647372404734293,15.888684477124894,16.550069536481587,16.872406005859375,0,,30.0,30.0,30.0,30.0,30.0,
79,5.790433066231864,10.412851061139788,15.624392373221262,15.900357382638113,11.99557548477536,15.918507235390798,16.550069536481587,16.872406005859375,0,,30.0,30.0,30.0,30.0,30.0,
80,5.018365587506976,6.307479313441686,15.55638040815081,16.20069776262556,10.997356516974314,15.95733199800764,16.550069536481587,16.872406005859375,0,,30.0,30.0,30.0,30.0,30.0,
81,5.35868399483817,8.444815363202776,15.568998881748746,16.24974605015346,10.968480337233771,15.74761952672686,16.706277302333287,16.872406005859375,0,,30.0,30.0,30.0,30.0,30.0,
82,5.839777265276227,10.947576931544713,15.928016390119279,16.52744838169643,12.760042463030132,16.27267496926444,16.721030644008092,16.872406005859375,0,,30.0,30.0,30.0,30.0,30.0,
83,3.919314793178014,9.512017113821848,15.614327022007533,16.293042864118306,11.463408526920139,16.092095375061035,16.8058477129255,16.88807896205357,0,,30.0,30.0,30.0,30.0,30.0,
84,4.9615260532924115,10.288314138139997,15.78014510018485,16.789108276367188,12.300777605601718,16.289239610944477,16.8889468056815,16.92732674734933,0,,30.0,30.0,30.0,30.0,30.0,
85,3.92510005405971,10.620055198669432,15.744115284511023,16.613592420305526,12.072962963111278,16.855821739217866,19.353507424575156,26.726217983038342,0,,30.0,30.0,30.0,30.0,30.0,
86,4.475334712437221,7.501654624938965,15.674483435494558,16.56081771850586,11.949521062585504,16.84796482524256,19.353507424575156,26.726217983038342,0,,30.0,30.0,30.0,30.0,30.0,
87,4.05851309640067,8.843009131295341,16.11378124782017,16.827884129115514,12.306887692594747,17.107403408071626,19.353507424575156,26.726217983038342,0,,30.0,30.0,30.0,30.0,30.0,
88,3.872488294328962,4.493859154837472,16.250559943062918,16.89548819405692,11.878894383664575,17.194512020132173,19.38316805820727,26.726217983038342,0,,30.0,30.0,30.0,30.0,30.0,
89,5.118118831089565,8.388704572405134,15.80486978803362,16.91240746634347,11.803240989601264,17.268648788200764,20.684733909691296,26.726217983038342,0,,30.0,30.0,30.0,30.0,30.0,
90,3.973646436418806,7.933828490121025,16.714418956211638,16.975869315011163,12.046428337649155,18.286046941233337,23.185672597697017,26.726217983038342,0,,30.0,30.0,30.0,30.0,30.0,
91,4.012801579066685,6.8845272064208975,16.58597673688616,21.465578624180385,12.462327239724786,19.252546644504385,23.46190845061973,26.726217983038342,0,,30.0,30.0,30.0,30.0,30.0,
92,3.7858919416155135,5.419028145926339,16.134444645472936,21.462539127894814,11.829750410813595,18.968397678941294,24.357082340869795,26.726217983038342,0,,30.0,30.0,30.0,30.0,30.0,
93,3.984822954450335,8.519247600010464,16.24532835824149,18.571123668125722,12.656846714117632,18.806276110533958,24.414919282180136,26.726217983038342,0,,30.0,30.0,30.0,30.0,30.0,
94,3.782167707170759,4.171938214983259,16.368070329938615,22.07901927403042,11.841734293626823,19.95289338686191,25.19961136526642,26.726217983038342,0,,30.0,30.0,30.0,30.0,30.0,
95,4.006677355085101,9.368771144321986,16.000473839896067,18.852857862200082,12.362599132272393,19.172639295326615,25.96726878147387,26.726217983038342,0,,30.0,30.0,30.0,30.0,30.0,
96,3.9607484000069753,5.713543210710799,16.60430771963937,24.286840949135517,13.192415498591194,20.580312456521437,25.96726878147387,26.726217983038342,0,,30.0,30.0,30.0,30.0,30.0,
97,3.6636417933872765,5.01119613647461,16.89138548714774,25.71428571428571,13.337297142217489,21.049369192416982,25.96726878147387,26.726217983038342,0,,30.0,30.0,30.0,30.0,30.0,
98,4.336346762520926,11.199746131896973,17.069381986345565,22.698010570117614,14.253827489475832,20.799356315571483,25.96726878147387,26.726217983038342,0,,30.0,30.0,30.0,30.0,30.0,
99,3.9083660670689175,5.927634920392718,16.517199107578826,21.811487470354358,12.320975051705261,19.863685839810344,25.96726878147387,26.726217983038342,0,,30.0,30.0,30.0,30.0,30.0,
100,9.902547291346957,11.137524332318987,17.890846388680597,25.71428571428571,15.966302609294965,22.64862588088522,26.882701033061387,27.78939425322103,0,,30.0,30.0,30.0,30.0,30.0,
101,4.201246534075056,11.060934747968401,20.484022412981307,22.77625356401718,14.048264830783475,22.02930044545799,26.882701033061387,27.78939425322103,0,,30.0,30.0,30.0,30.0,30.0,
102,3.785117013113839,9.312016623360769,16.89220428466797,24.24906211503153,13.735816649903283,20.915180277043575,26.882701033061387,27.78939425322103,0,,30.0,30.0,30.0,30.0,30.0,
103,3.823601858956473,5.921028682163784,20.60798168182373,25.71428571428571,14.26968767906184,23.18380356965186,26.882701033061387,27.78939425322103,0,,30.0,30.0,30.0,30.0,30.0,
104,3.843667166573661,10.22536550249372,16.898251942225865,25.71428571428571,13.85727587424158,22.332279007677826,26.882701033061387,27.78939425322103,0,,30.0,30.0,30.0,30.0,30.0,
105,4.127231052943638,10.12136323111398,16.85589109148298,25.71428571428571,14.091522586276886,21.80745092609751,26.882701033061387,27.78939425322103,0,,30.0,30.0,30.0,30.0,30.0,
106,4.053656441824777,10.822717121669225,16.805853162493026,23.39798055376327,14.172651566043946,21.180141729469028,27.239844081790395,27.78939425322103,0,,30.0,30.0,30.0,30.0,30.0,
107,3.9176662990025117,10.981885365077426,17.79219082423619,25.888815781860494,14.587726696742749,22.703343600414584,27.239844081790395,27.78939425322103,0,,30.0,30.0,30.0,30.0,30.0,
108,4.076397487095424,7.330531392778669,16.84499195643834,25.749669979548504,13.681103702266492,22.086046513130135,28.05828939444466,29.999999233655387,0,,30.0,30.0,30.0,30.0,30.0,
109,4.017876216343471,10.915565490722656,20.580572400774273,26.94010401816393,15.154256829992613,23.586785650947164,28.528762567792253,29.999999233655387,0,,30.0,30.0,30.0,30.0,30.0,
110,3.521428244454521,4.23607417515346,16.699161529541016,27.447452603156638,12.620459395402088,22.991499383225573,29.662691904195988,31.2944953914474,0,,30.0,30.0,30.0,30.0,30.0,
111,3.872184753417969,7.212813241141182,21.24413285936628,27.309076339348547,14.596030031184128,24.76667438310316,29.890929206338008,31.2944953914474,0,,30.0,30.0,30.0,30.0,30.0,
112,3.9192733764648438,8.003484180995397,21.069682666233604,27.25281758880996,14.753222018163422,24.72928083273647,29.890929206338008,31.2944953914474,0,,30.0,30.0,30.0,30.0,30.0,
113,3.9430313110351562,11.111525808061872,16.93519456045968,28.534363902765286,15.04162948742345,23.458268854889894,29.963577352006595,31.2944953914474,0,,30.0,30.0,30.0,30.0,30.0,
114,5.310208456856864,11.090450286865234,21.238876751491002,28.073581417665775,15.0742916931136,23.984513141681674,29.9915526918753,31.2944953914474,0,,30.0,30.0,30.0,30.0,30.0,
115,5.385039193289621,10.843663896833148,18.24626309531076,29.32765211682611,15.904462618434417,24.45600474716422,30.547203278745037,31.2944953914474,0,,30.0,30.0,30.0,30.0,30.0,
116,3.8926424298967635,7.8116055897304,17.0005920955113,24.523872673477634,14.101351273507026,22.730644433477526,30.547203278745037,31.2944953914474,0,,30.0,30.0,30.0,30.0,30.0,
117,4.045914786202567,9.608920642307826,21.01504393986293,28.33575125121784,15.299655041748418,24.85650253788868,30.547203278745037,31.2944953914474,0,,30.0,30.0,30.0,30.0,30.0,
118,3.912379673549107,7.732079369681221,16.876746586390905,30.108568701062563,14.38771458083336,24.07533526973048,31.528157868759422,32.85714362348747,0,,30.0,30.0,30.0,30.0,30.0,
119,3.9170831952776233,8.508075986589706,22.84344125855587,31.62156498992933,17.059224410452202,30.36163744976873,41.72639031245411,53.84082521711077,0,,30.0,30.0,30.0,30.0,30.0,
120,3.7132143293108264,3.870453153337751,17.974018369402202,31.428571428571427,14.355668708737324,27.320352535328443,41.72639031245411,53.84082521711077,0,,30.0,30.0,30.0,30.0,30.0,
121,3.730374472481864,5.6794875008719305,17.092979976109095,34.631857999732965,16.500794950309157,29.864991921305364,51.00421615759368,54.48565891810826,0,,30.0,30.0,30.0,30.0,30.0,
122,3.737021309988839,5.934480939592634,16.83694566999163,26.160144679766425,14.993909326277182,28.171321191776663,51.00421615759368,54.48565891810826,0,,30.0,30.0,30.0,30.0,30.0,
123,3.844247000558035,7.46147768838065,21.071851594107493,35.24850708405597,17.18006810511815,32.848770817516844,54.31525639125279,54.67889513288225,0,,30.0,30.0,30.0,30.0,30.0,
124,3.7135216849190846,3.923442023141044,21.690882274082725,53.562321799142026,17.192802765322206,35.66584415455688,54.37011514391218,54.67889513288225,0,,30.0,30.0,30.0,30.0,30.0,
125,3.761735098702567,4.041124071393694,23.461396710634467,54.11887604849679,18.08130428836369,37.495486734251315,55.86024693080356,60.0,0,,30.0,30.0,30.0,30.0,30.0,
126,5.889041900634766,11.402899197169713,30.459105326011645,54.339201245989116,21.655208974091902,40.71771713795867,56.11076354980469,60.0,0,,30.0,30.0,30.0,30.0,30.0,
127,3.9561734880719865,10.584350994655063,29.042326296999818,54.776187896728516,22.824174726824968,44.04098612444379,58.79606655665806,60.0,0,,30.0,30.0,30.0,30.0,30.0,
128,3.8295326232910156,9.77743285042899,26.619040523260434,50.0732298457727,20.54791684251285,39.715119119664585,58.79606655665806,60.0,0,,30.0,30.0,30.0,30.0,30.0,
129,4.087387629917689,5.861234664916992,27.901777899162845,55.10518373761858,21.96432969681473,43.1019631112659,58.821470396859304,60.0,0,,30.0,30.0,30.0,30.0,30.0,
130,4.522371019635882,10.99830150604248,32.029758599386525,56.70011711120607,23.85866840946797,47.59083067466901,61.24991416931152,64.9996566772461,0,,30.0,30.0,30.0,30.0,30.0,
131,4.190318516322544,10.70537499019078,26.071428763014723,56.89776039123537,22.323714222355004,45.11518090150322,61.3938607621927,64.9996566772461,0,,30.0,30.0,30.0,30.0,30.0,
132,4.099181583949498,15.585523332868304,47.45223884740898,60.0,26.969275492783822,52.621357871826156,62.96305684284886,66.27678432262461,0,,30.0,30.0,30.0,30.0,30.0,
133,5.011444636753627,10.983331544058665,55.037766184125616,61.902947463241134,30.063439974684417,60.30812106677611,66.18189030463466,67.14285637651253,0,,30.0,30.0,30.0,30.0,30.0,
134,4.343351636614118,5.953147070748465,60.0,60.13659559067239,27.73891353601884,58.923962490740394,66.18189030463466,67.14285637651253,0,,30.0,30.0,30.0,30.0,30.0,
135,4.913847787039621,10.698689052036832,32.120889361416204,66.15577074618389,24.41395040295647,51.96658122367042,67.13318748652284,67.14285637651253,0,,30.0,30.0,30.0,30.0,30.0,
136,7.898484366280692,11.053427968706403,56.33599008832659,67.11578348454141,31.78310669440334,63.72335294976339,75.06672820874664,88.84708949497768,0,,30.0,30.0,30.0,30.0,30.0,
137,5.5166217258998325,11.469388008117676,60.0,67.14285637651253,35.397335553352555,65.88167415226472,83.60540305236829,100.0,1,25.090000000001123,30.0,30.0,29.897708333333355,29.69312500000007,28.77250000000028,25.090000000001123
138,5.498481750488281,11.4932884488787,54.89852564675468,71.04852166535333,31.16581567841583,64.71892774541334,85.97138404846191,100.0,1,25.090000000001123,30.0,30.0,29.897708333333355,29.69312500000007,28.77250000000028,25.090000000001123
139,5.820753914969308,16.640139988490514,60.0,71.19227436610635,34.50012720882855,67.70137053629,86.08610016959054,100.0,1,25.090000000001123,30.0,30.0,29.897708333333355,29.69312500000007,28.77250000000028,25.090000000001123
140,5.577244349888392,11.289891515459335,65.49730634186866,77.92616762433732,35.86045168448891,72.58881777270713,86.76695414951871,100.0,1,25.090000000001123,30.0,30.0,29.897708333333355,29.69312500000007,28.77250000000028,25.090000000001123
141,5.200527191162109,11.41092164175851,38.77313526613392,71.60762623378213,29.95955942351687,62.53288638571959,92.09393228803363,100.0,2,25.090000000001123,30.0,30.0,29.80708333333338,29.421250000000146,27.685000000000585,25.090000000001123
142,5.800442286900111,11.451943942478724,60.0,82.3241746085031,33.489983994964824,70.68859648909411,98.78239279737865,100.0,3,25.090000000001123,30.0,30.0,29.706458333333405,29.11937500000022,26.477500000000866,25.090000000001123
143,11.128371102469307,15.704007829938616,45.97472138568832,75.13492892895017,32.46673704537387,65.53132557729205,100.0,100.0,4,24.160000000000977,30.0,30.0,29.58479166666676,28.75437500000028,25.01750000000111,24.160000000000977
144,5.767154148646764,11.261744499206543,43.933793181436556,59.908447633745084,29.363329284041225,60.378505974387984,100.0,100.0,4,24.160000000000977,30.0,30.0,29.58479166666676,28.75437500000028,25.01750000000111,24.160000000000977
145,5.234840393066406,11.119115012032646,61.6119778875402,79.06833921160016,37.18073030559137,75.81367920702681,100.0,100.0,4,24.160000000000977,30.0,30.0,29.58479166666676,28.75437500000028,25.01750000000111,24.160000000000977
146,5.679883139474051,15.83925110953195,60.0,85.80532836914071,38.03406115132406,76.77226661326341,100.0,100.0,5,24.160000000000977,30.0,30.0,29.520625000000123,28.561875000000366,25.01750000000111,24.160000000000977
147,10.860529763357981,13.985189029148646,78.10430935450962,100.0,42.5746183321781,86.2754386557001,100.0,100.0,7,24.160000000000977,30.0,30.0,29.41520833333352,28.24562500000055,24.935000000001097,24.160000000000977
148,5.8380584716796875,15.998394829886301,60.11367985956856,73.13654567700465,37.289146032306725,74.24510249528109,100.0,100.0,4,24.160000000000977,30.0,30.0,29.577916666666756,28.733750000000274,24.935000000001097,24.160000000000977
149,5.246954781668527,11.275619098118373,70.99883624485561,100.0,43.11247000681874,84.89844504046704,100.0,100.0,7,23.73000000000091,30.0,30.0,29.350625000000175,28.05187500000052,24.53750000000104,23.73000000000091
150,5.840968540736608,11.31786959511893,70.92134094200392,87.34335113109177,41.45168578525326,82.36664521395986,100.0,100.0,5,23.070000000000807,30.0,30.0,29.400416666666768,28.201250000000307,24.012500000000955,23.070000000000807
151,5.876660483224052,11.20765209197998,60.0,100.0,36.99541531576426,80.6870349406608,100.0,100.0,8,23.070000000000807,30.0,30.0,29.18520833333352,27.555625000000564,23.98500000000095,23.070000000000807
152,10.97108132498605,11.626898901803152,78.47333090645927,100.0,44.9949257182793,87.4155364717756,100.0,100.0,7,23.070000000000807,30.0,30.0,29.26833333333349,27.805000000000483,23.762500000000916,23.070000000000807
153,11.3997552054269,16.578424998692103,79.0097495487758,100.0,50.28940379321906,93.34694487707955,100.0,100.0,11,23.070000000000807,30.0,30.0,28.882708333333593,26.648125000000775,23.682500000000903,23.070000000000807
154,11.298675264631,16.877865110124862,78.77551896231515,100.0,51.87644624741959,89.48796680603519,100.0,100.0,8,23.0300000000008,30.0,30.0,29.117500000000177,27.352500000000532,23.41750000000086,23.0300000000008
155,5.7176072256905695,11.307439122881208,78.03526605878558,100.0,40.02545209158035,88.14441238130843,100.0,100.0,9,23.0300000000008,30.0,30.0,28.973958333333528,26.921875000000583,23.38750000000086,23.0300000000008
156,10.565963472638813,11.595843178885321,77.63216154915946,100.0,41.42535946174818,85.98387468601909,100.0,100.0,7,23.0300000000008,30.0,30.0,29.15520833333348,27.46562500000043,23.38750000000086,23.0300000000008
157,9.037290028163364,16.8010561806815,78.34078107561385,100.0,46.25431733196765,88.33130272440084,100.0,100.0,7,23.0300000000008,30.0,30.0,29.19562500000015,27.58687500000045,23.38750000000086,23.0300000000008
158,11.307059969220843,21.42856597900391,78.97313117980956,100.0,57.638088370527235,90.33385683852966,100.0,100.0,8,23.0300000000008,30.0,30.0,29.047708333333503,27.1431250000005,23.38750000000086,23.0300000000008
159,5.739220755440848,11.290721212114608,100.0,100.0,53.48681346089152,97.02525394303458,100.0,100.0,13,23.0300000000008,26.890000000001407,30.0,28.593125000000295,25.779375000000876,23.38750000000086,23.0300000000008
160,11.062731606619698,16.94705826895578,79.19780594961983,100.0,51.25620938903319,93.45695904323033,100.0,100.0,11,22.150000000000663,30.0,30.0,28.672916666666893,26.01875000000068,22.727500000000752,22.150000000000663
161,5.8211179460797995,11.113449505397252,100.0,100.0,49.24488736204288,99.5982027053833,100.0,100.0,15,22.150000000000663,25.44250000000118,30.0,28.276666666666987,24.83000000000096,22.727500000000752,22.150000000000663
162,5.852873120989118,11.30088942391532,82.49277251107353,100.0,47.55616312903399,94.03182438441686,100.0,100.0,10,22.150000000000663,30.0,30.0,29.00083333333357,27.002500000000715,22.727500000000752,22.150000000000663
163,5.493156978062221,9.81513432094029,70.89087077549526,100.0,34.51344030548711,80.29690930735664,100.0,100.0,9,21.7400000000006,30.0,30.0,28.903750000000183,26.711250000000547,22.3950000000007,21.7400000000006
164,10.195234026227679,11.514314923967634,79.44569996425084,100.0,48.56028464619974,92.7923539706639,100.0,100.0,10,21.7400000000006,30.0,30.0,28.883333333333553,26.65000000000066,22.3950000000007,21.7400000000006
165,11.465670449393135,20.3037132535662,100.0,100.0,57.22437149380207,100.0,100.0,100.0,16,21.7400000000006,25.32250000000116,30.0,28.080208333333662,24.24062500000099,22.15000000000066,21.7400000000006
166,5.834319523402622,11.299927575247628,100.0,100.0,54.04631272931409,97.24296058927263,100.0,100.0,13,21.7400000000006,27.67000000000153,30.0,28.487500000000278,25.462500000000826,22.15000000000066,21.7400000000006
167,5.899373735700335,14.724187169756206,100.0,100.0,46.159319603203734,96.05986220496041,100.0,100.0,13,21.7400000000006,27.212500000001455,30.0,28.35458333333359,25.063750000000766,22.065000000000648,21.7400000000006
168,5.748617444719588,11.209249496459961,100.0,100.0,52.63987820931006,97.2461986541748,100.0,100.0,13,21.7400000000006,26.41000000000133,30.0,28.323750000000246,24.97125000000075,22.065000000000648,21.7400000000006
169,11.200790677751815,14.34119292667934,83.02045413425991,100.0,50.35818819311405,94.3422566141401,100.0,100.0,11,21.7400000000006,30.0,30.0,28.53854166666687,25.615625000000616,22.065000000000648,21.7400000000006
170,11.120985848563057,11.425059863499232,80.57026590619769,100.0,46.118774158015775,93.64085061209542,100.0,100.0,11,21.50000000000056,30.0,30.0,28.43062500000019,25.291875000000566,21.765000000000605,21.50000000000056
171,5.82623291015625,11.252036775861468,83.34507639761375,100.0,39.85340479216042,93.65214340349367,100.0,100.0,10,21.50000000000056,30.0,30.0,28.66395833333352,25.991875000000555,21.765000000000605,21.50000000000056
172,5.8468747820172995,11.273253304617745,82.79801028115409,100.0,45.44283587854945,93.93730231693813,100.0,100.0,10,21.49000000000056,30.0,30.0,28.452083333333487,25.356250000000458,21.625000000000583,21.49000000000056
173,5.907647269112723,11.489007813589915,78.75040190560478,100.0,43.90250137874059,91.97649206433977,100.0,100.0,10,21.29000000000053,30.0,30.0,28.587708333333506,25.76312500000052,21.505000000000564,21.29000000000053
174,5.5519594464983255,10.840479305812293,28.403646695360564,100.0,32.06218844515587,72.33851841959586,100.0,100.0,7,21.29000000000053,30.0,30.0,28.98020833333345,26.94062500000035,21.505000000000564,21.29000000000053
175,11.122470310756139,14.528859683445523,78.3947822025844,100.0,36.65003980052165,79.8341096893457,100.0,100.0,6,21.29000000000053,30.0,30.0,29.011250000000086,27.033750000000246,21.505000000000564,21.29000000000053
176,5.843582698277064,11.262888227190292,78.95616803850447,100.0,43.566718716327536,91.76819443702698,100.0,100.0,9,21.29000000000053,30.0,30.0,28.52479166666679,25.574375000000373,21.41000000000055,21.29000000000053
177,11.119798387799944,14.746174812316895,78.48282541547502,95.35549354553225,44.227364069467534,87.53903882871222,100.0,100.0,5,21.29000000000053,30.0,30.0,29.193541666666736,27.580625000000214,21.41000000000055,21.29000000000053
178,11.179299763270787,11.589644295828682,80.33900942121234,100.0,48.97559481271646,93.75832387379238,100.0,100.0,11,21.29000000000053,30.0,30.0,28.42520833333352,25.27562500000056,21.41000000000055,21.29000000000053
179,5.440441131591797,11.439323425292969,84.51306206839425,100.0,45.6956088961011,94.75768327713013,100.0,100.0,12,20.840000000000455,29.500000000000394,30.0,28.267708333333534,24.803125000000605,21.24500000000052,20.840000000000455
180,11.152090072631838,16.553870609828405,79.29864610944475,100.0,50.66537577790973,93.51325103214808,100.0,100.0,11,20.840000000000455,30.0,30.0,28.560000000000212,25.680000000000625,21.24500000000052,20.840000000000455
181,5.786216190883091,11.507178715297155,100.0,100.0,48.50540200068019,97.40608589989799,100.0,100.0,14,20.840000000000455,25.96000000000126,30.0,28.094166666666922,24.28250000000076,21.225000000000517,20.840000000000455
182,5.8033823285784045,16.86417852129255,100.0,100.0,51.57279031546752,97.00579762458801,100.0,100.0,13,20.840000000000455,28.097500000001588,30.0,28.305625000000248,24.91687500000074,21.182500000000513,20.840000000000455
183,5.7759519304547995,11.210624149867467,78.81592750549316,100.0,41.6768109281655,91.38336522238595,100.0,100.0,10,20.840000000000455,30.0,30.0,28.555208333333496,25.665625000000503,21.182500000000513,20.840000000000455
184,11.120577948434013,16.65886061532157,93.50562368120465,100.0,51.4437882278855,96.34208359284126,100.0,100.0,10,20.840000000000455,30.0,30.0,28.440625000000153,25.32187500000045,21.182500000000513,20.840000000000455
185,5.875578199114118,16.912076132638113,100.0,100.0,55.920230892688174,100.0,100.0,100.0,16,20.840000000000455,25.26750000000115,30.0,27.89541666666697,23.686250000000904,21.182500000000513,20.840000000000455
186,5.839812687465123,11.117687225341797,84.40865107945034,100.0,49.505311536657956,94.72291503633772,100.0,100.0,12,20.840000000000455,29.192500000000347,30.0,28.24208333333353,24.726250000000594,21.182500000000513,20.840000000000455
187,5.554134368896484,16.71497072492327,100.0,100.0,51.257477242035144,97.10134385121796,100.0,100.0,13,20.840000000000455,26.2450000000013,30.0,28.204791666666896,24.614375000000695,21.182500000000513,20.840000000000455
188,9.485384804861887,16.943182264055523,95.53725991930278,100.0,49.9807401345227,97.52086077417646,100.0,100.0,12,20.840000000000455,29.91500000000046,30.0,28.502500000000236,25.507500000000714,21.182500000000513,20.840000000000455
189,11.334727423531668,19.59766387939453,100.0,100.0,63.04788118317013,100.0,100.0,100.0,21,20.840000000000455,24.125000000000973,30.0,27.35229166666708,23.08750000000081,21.182500000000513,20.840000000000455
190,9.601511819022043,11.33500167301723,79.02586936950682,100.0,46.23990570495179,93.39703491755894,100.0,100.0,11,20.840000000000455,30.0,30.0,28.34541666666684,25.03625000000052,21.052500000000492,20.840000000000455
191,11.03191021510533,11.305732727050781,79.10107476370675,100.0,49.8899142415562,92.14263507298061,100.0,100.0,10,20.840000000000455,30.0,30.0,28.376666666666807,25.130000000000422,21.052500000000492,20.840000000000455
192,10.993300574166431,11.230592046465192,95.10279519217355,100.0,41.56633909625139,95.81821135112217,100.0,100.0,12,20.840000000000455,28.8975000000003,30.0,28.146875000000183,24.440625000000548,21.027500000000487,20.840000000000455
193,10.693667003086633,15.925652640206472,100.0,100.0,50.769763959674016,99.62143403260066,100.0,100.0,14,19.850000000000303,26.445000000001336,30.0,28.018333333333572,24.055000000000724,20.687500000000433,19.850000000000303
194,5.780943189348493,10.950412069048198,78.35597174508231,100.0,40.398791649195466,90.34592083522251,100.0,100.0,10,19.850000000000303,30.0,30.0,28.498541666666824,25.495625000000476,20.687500000000433,19.850000000000303
195,5.825880323137556,14.141056878226141,84.21903473990304,100.0,47.359195487835905,94.02993679046631,100.0,100.0,12,19.850000000000303,29.047500000000323,30.0,28.221666666666863,24.665000000000585,20.687500000000433,19.850000000000303
196,5.8473276410784045,11.170387268066406,100.0,100.0,49.001662844703304,98.69054044995988,100.0,100.0,15,19.850000000000303,25.810000000001235,30.0,28.195416666666972,24.586250000000923,20.687500000000433,19.850000000000303
197,9.648508071899416,16.70644760131836,100.0,100.0,59.18622553089083,100.0,100.0,100.0,20,19.850000000000303,24.462500000001025,30.0,27.39437500000038,23.10750000000081,20.687500000000433,19.850000000000303
198,5.843835558210102,11.362895965576172,100.0,100.0,49.88606049568906,97.44100877216884,100.0,100.0,14,19.850000000000303,24.175000000000978,30.0,27.801666666666875,23.40500000000062,20.687500000000433,19.850000000000303
199,9.31373132978167,11.54226507459368,95.1850312096732,100.0,47.727135765800256,95.95126870663381,100.0,100.0,12,19.850000000000303,29.582500000000408,30.0,28.12291666666685,24.36875000000054,20.687500000000433,19.850000000000303
200,9.379159382411412,15.554494176592145,100.0,100.0,50.05600859200505,98.49937966891697,100.0,100.0,13,19.850000000000303,29.03250000000174,30.0,28.4245833333336,25.273750000000796,20.687500000000433,19.850000000000303
201,11.011837823050364,11.344397408621653,100.0,100.0,54.56136232243142,100.0,100.0,100.0,19,19.850000000000303,24.155000000000975,30.0,27.551666666667032,23.0368750000008,20.65750000000043,19.850000000000303
202,11.07227270943778,11.366691589355469,100.0,100.0,53.267436305967244,100.0,100.0,100.0,16,19.850000000000303,25.755000000001225,30.0,27.732291666666942,23.196875000000826,20.65750000000043,19.850000000000303
203,9.29615102495466,11.488276209150042,92.80344486236574,100.0,47.11067272580067,95.81653952598572,100.0,100.0,11,19.850000000000303,30.0,30.0,28.521458333333538,25.564375000000606,20.65750000000043,19.850000000000303
204,5.918334415980748,15.488684517996651,100.0,100.0,55.28014767322236,100.0,100.0,100.0,17,19.850000000000303,26.132500000001286,30.0,27.90187500000034,23.73750000000091,20.435000000000393,19.850000000000303
205,9.306883675711495,16.86375754220145,100.0,100.0,52.560757697151296,99.62865539959499,100.0,100.0,15,19.850000000000303,26.16000000000129,30.0,27.818958333333583,23.45687500000075,20.435000000000393,19.850000000000303
206,5.758794512067523,16.614995683942524,100.0,100.0,48.43410644994597,96.91331420625959,100.0,100.0,13,19.850000000000303,24.49500000000103,30.0,27.892708333333513,23.678125000000545,20.435000000000393,19.850000000000303
207,5.504633222307477,10.373540605817523,79.17904581342425,100.0,39.75450876862038,90.2110321181161,100.0,100.0,9,19.850000000000303,30.0,30.0,28.496041666666784,25.48812500000036,20.435000000000393,19.850000000000303
208,5.8066477094377795,11.426070077078684,100.0,100.0,50.76626085497585,99.80340682599912,100.0,100.0,15,19.850000000000303,27.15750000000144,30.0,28.01750000000028,24.05250000000084,20.435000000000393,19.850000000000303
209,9.114773341587611,11.313113485063825,100.0,100.0,53.33930412928263,99.6293534551348,100.0,100.0,15,19.850000000000303,25.105000000001127,30.0,27.885416666666927,23.65625000000078,20.435000000000393,19.850000000000303
210,5.867977687290737,11.333729199000768,100.0,100.0,52.09587278382963,100.0,100.0,100.0,17,19.850000000000303,23.635000000000893,30.0,27.337708333333584,22.26312500000068,20.352500000000383,19.850000000000303
211,5.631136757986886,16.84067862374442,100.0,100.0,51.594610777824585,100.0,100.0,100.0,18,19.58000000000026,24.527500000001034,30.0,27.380416666666964,22.546250000000725,20.037500000000332,19.58000000000026
212,5.235891614641462,5.869926725115095,100.0,100.0,47.30356253434289,99.69816238978737,100.0,100.0,15,19.58000000000026,22.972500000000792,30.0,27.543125000000202,22.62937500000062,20.037500000000332,19.58000000000026
213,10.709340504237584,11.39980043683733,93.48953996385848,100.0,45.482738622250686,95.5704823562077,100.0,100.0,12,19.58000000000026,29.520000000000397,30.0,28.35020833333355,25.050625000000643,20.037500000000332,19.58000000000026
214,9.715781893048968,16.955347061157227,100.0,100.0,60.21481247077224,100.0,100.0,100.0,16,19.58000000000026,25.882500000001247,30.0,27.954791666666978,23.864375000000933,20.037500000000332,19.58000000000026
215,5.844832829066685,11.240615844726562,78.93722125462124,100.0,44.078651861939996,93.32120282309396,100.0,100.0,11,19.58000000000026,30.0,30.0,28.344583333333507,25.033750000000524,20.037500000000332,19.58000000000026
216,5.866179874965123,16.78595542907715,100.0,100.0,55.73476547766279,100.0,100.0,100.0,19,19.58000000000026,24.260000000000993,30.0,27.334166666667,22.308125000000686,20.037500000000332,19.58000000000026
217,5.702466147286551,9.595223154340472,100.0,100.0,47.547678984776645,98.68619441986084,100.0,100.0,15,19.58000000000026,24.262500000000994,30.0,27.650833333333555,22.95250000000067,19.870000000000307,19.58000000000026
218,5.759187970842634,11.085186004638672,100.0,100.0,42.656749900912146,97.0192745753697,100.0,100.0,13,18.99000000000017,24.850000000001085,30.0,27.7870833333335,23.361250000000496,19.585000000000264,18.99000000000017
219,5.790379115513393,15.418989998953684,100.0,100.0,57.719669558871146,100.0,100.0,100.0,17,18.99000000000017,23.92000000000094,30.0,27.408750000000264,22.45000000000071,19.585000000000264,18.99000000000017
220,5.881710597446986,11.390596798488072,100.0,100.0,56.59915680468212,100.0,100.0,100.0,20,18.99000000000017,23.6625000000009,30.0,27.05500000000033,22.195625000000675,19.585000000000264,18.99000000000017
221,5.769045148577009,11.105244500296456,100.0,100.0,48.997877368177036,99.82142857142857,100.0,100.0,15,18.99000000000017,24.027500000000956,30.0,27.555000000000206,22.665000000000624,19.585000000000264,18.99000000000017
222,5.5477431161063055,5.837970461164202,100.0,100.0,49.02186488308168,100.0,100.0,100.0,16,18.99000000000017,24.842500000001085,30.0,27.621666666666925,22.865000000000773,19.585000000000264,18.99000000000017
223,5.450325557163783,10.893151419503347,100.0,100.0,47.14822977735967,100.0,100.0,100.0,17,18.99000000000017,24.260000000000996,30.0,27.384166666666925,22.233750000000676,19.585000000000264,18.99000000000017
224,5.796336582728794,19.67428888593401,100.0,100.0,58.49419856164221,100.0,100.0,100.0,20,18.99000000000017,22.84000000000077,30.0,26.702916666666937,21.23437500000052,19.585000000000264,18.99000000000017
225,5.641532352992466,11.090316091264997,100.0,100.0,51.11801921963923,98.50214072636196,100.0,100.0,14,18.99000000000017,23.810000000000922,30.0,27.585000000000175,22.75500000000052,19.585000000000264,18.99000000000017
226,5.41894749232701,5.856831414358957,100.0,100.0,51.30584519796219,100.0,100.0,100.0,18,18.99000000000017,23.805000000000923,30.0,27.26166666666695,22.055000000000646,19.570000000000263,18.99000000000017
227,5.51497541155134,11.285691261291504,100.0,100.0,63.725570693962645,100.0,100.0,100.0,22,18.99000000000017,22.91000000000078,30.0,26.668125000000344,21.35187500000054,19.347500000000224,18.99000000000017
228,5.819693429129464,11.263500622340612,100.0,100.0,59.91953434098806,100.0,100.0,100.0,23,18.99000000000017,22.08500000000065,30.0,26.190833333333643,20.859375000000462,19.31250000000022,18.99000000000017
229,5.528538840157646,5.91088022504534,100.0,100.0,46.529378020089034,99.23436829021999,100.0,100.0,14,18.130000000000035,24.602500000001047,30.0,27.429791666666816,22.289375000000447,18.945000000000164,18.130000000000035
230,5.803624834333148,11.152290616716659,100.0,100.0,51.91410210585405,99.99324185870174,100.0,100.0,15,18.130000000000035,23.970000000000947,30.0,27.436666666666856,22.31000000000057,18.945000000000164,18.130000000000035
231,5.818087986537389,11.539413588387625,100.0,100.0,52.238138142539185,98.25374756540572,100.0,100.0,13,18.130000000000035,24.57000000000104,30.0,27.70854166666682,23.12562500000046,18.945000000000164,18.130000000000035
232,5.860749925885882,11.445193971906388,100.0,100.0,58.17363948324169,100.0,100.0,100.0,18,18.130000000000035,23.93000000000094,30.0,27.162708333333597,21.82437500000061,18.910000000000156,18.130000000000035
233,5.717216491699219,11.254955700465612,100.0,100.0,53.81486790278981,100.0,100.0,100.0,19,18.130000000000035,23.470000000000873,30.0,26.836458333333585,21.311250000000534,18.900000000000155,18.130000000000035
234,5.563294546944754,15.265675272260394,100.0,100.0,56.68621568813821,100.0,100.0,100.0,20,18.130000000000035,22.155000000000662,30.0,26.455833333333562,20.4900000000004,18.637500000000113,18.130000000000035
235,5.718408857073102,11.138454845973424,100.0,100.0,43.05927666510228,96.0259703227452,100.0,100.0,13,18.130000000000035,26.35250000000132,30.0,27.52270833333346,22.56812500000037,18.587500000000105,18.130000000000035
236,5.795749664306641,11.26194953918457,79.47996820722308,100.0,42.35055106902636,90.15340873173305,100.0,100.0,9,18.130000000000035,30.0,30.0,28.517708333333456,25.553125000000367,18.587500000000105,18.130000000000035
237,5.930983952113561,14.577346529279438,100.0,100.0,48.33193428116874,98.2831784919742,100.0,100.0,13,18.130000000000035,25.022500000001116,30.0,27.44791666666678,22.34375000000034,18.587500000000105,18.130000000000035
238,5.846359252929688,11.16497380392892,100.0,100.0,52.15711895352581,100.0,100.0,100.0,19,18.130000000000035,21.655000000000584,30.0,26.55645833333354,20.40687500000039,18.475000000000087,18.130000000000035
239,5.4767962864467075,11.432137489318848,100.0,100.0,55.36847568169504,100.0,100.0,100.0,18,18.130000000000035,21.63000000000058,30.0,26.695833333333525,20.498125000000407,18.475000000000087,18.130000000000035
240,5.6741774422781805,11.487033026559011,100.0,100.0,49.00008798140065,99.26952736718314,100.0,100.0,15,18.130000000000035,25.092500000001124,30.0,27.35770833333351,22.073125000000534,18.475000000000087,18.130000000000035
241,11.209882463727679,21.0318306514195,100.0,100.0,60.05746053139094,100.0,100.0,100.0,21,18.130000000000035,22.092500000000655,30.0,26.31437500000025,20.38937500000039,18.41250000000008,18.130000000000035
242,11.232587814331056,21.824754987444198,100.0,100.0,65.88875900623636,100.0,100.0,100.0,21,18.130000000000035,21.67500000000059,30.0,26.220625000000236,20.442500000000393,18.41250000000008,18.130000000000035
243,5.786562238420759,11.381681987217494,100.0,100.0,55.92984589169896,100.0,100.0,100.0,19,18.130000000000035,20.97250000000048,30.0,26.41375000000019,20.158750000000353,18.395000000000074,18.130000000000035
244,11.027785437447683,11.165740149361746,100.0,100.0,47.59673129600469,97.62446959987403,100.0,100.0,14,18.130000000000035,24.530000000001035,30.0,27.376666666666807,22.130000000000422,18.395000000000074,18.130000000000035
245,5.810963221958706,11.315644809177943,100.0,100.0,55.515573819478355,100.0,100.0,100.0,20,18.130000000000035,22.085000000000655,30.0,26.50395833333357,20.451875000000395,18.395000000000074,18.130000000000035
246,5.571666717529297,10.854740142822266,100.0,100.0,58.12460343043009,100.0,100.0,100.0,21,18.130000000000035,21.24000000000052,30.0,26.318125000000247,19.982500000000325,18.387500000000074,18.130000000000035
247,5.449210030691964,16.874189376831055,100.0,100.0,53.829828127196606,100.0,100.0,100.0,18,17.91,21.452500000000555,30.0,26.60833333333351,20.119375000000346,18.210000000000047,17.91
248,9.371231351579938,15.956933157784599,100.0,100.0,53.040161036086126,100.0,100.0,100.0,19,17.91,21.045000000000492,30.0,26.25604166666683,19.802500000000293,18.202500000000043,17.91
249,5.854985918317523,14.763476508004326,100.0,100.0,54.02475362256942,100.0,100.0,100.0,19,17.359999999999914,20.06500000000034,30.0,26.036875000000126,19.108750000000185,17.905,17.359999999999914
250,10.780347006661552,11.529209273202078,100.0,100.0,50.1865410545284,100.0,100.0,100.0,16,17.359999999999914,21.23500000000052,30.0,26.61520833333343,19.845625000000304,17.905,17.359999999999914
251,9.301091057913645,14.18130806514195,100.0,100.0,46.64290848030877,96.1226977620806,100.0,100.0,13,17.359999999999914,22.59000000000073,30.0,27.175208333333405,21.52562500000021,17.752499999999976,17.359999999999914
252,8.52943583897182,11.290438515799384,100.0,100.0,59.967989648252775,100.0,100.0,100.0,21,17.359999999999914,21.027500000000487,30.0,26.128541666666887,19.50812500000025,17.584999999999948,17.359999999999914
253,8.492836271013534,11.186874253409249,100.0,100.0,46.73296879018778,100.0,100.0,100.0,17,17.359999999999914,21.595000000000574,30.0,26.56000000000013,19.915000000000312,17.574999999999946,17.359999999999914
254,5.897827693394253,11.163187708173478,100.0,100.0,48.214356569563186,100.0,100.0,100.0,17,17.359999999999914,21.692500000000592,30.0,26.43145833333345,19.735000000000287,17.532499999999942,17.359999999999914
255,10.427530561174665,11.23032706124442,100.0,100.0,46.96344357778438,100.0,100.0,100.0,16,17.359999999999914,21.610000000000582,30.0,26.80750000000013,20.422500000000394,17.532499999999942,17.359999999999914
256,11.064557756696429,16.19790349687849,100.0,100.0,54.26119267490778,100.0,100.0,100.0,19,17.359999999999914,21.175000000000512,30.0,26.224583333333488,19.636250000000267,17.532499999999942,17.359999999999914
257,9.046592712402344,11.424922943115234,100.0,100.0,43.79911070778255,96.1441901751927,100.0,100.0,13,17.359999999999914,22.990000000000794,30.0,27.09000000000006,21.270000000000174,17.532499999999942,17.359999999999914
258,8.199404035295759,11.206728390284947,100.0,100.0,44.61880582773892,97.40318945475987,100.0,100.0,14,17.359999999999914,24.407500000001015,30.0,27.112708333333433,21.338125000000304,17.532499999999942,17.359999999999914
259,10.520612716674805,14.56371034894671,100.0,100.0,49.59169558807175,97.41476024900163,100.0,100.0,14,17.359999999999914,21.737500000000598,30.0,26.938958333333407,20.816875000000216,17.532499999999942,17.359999999999914
260,5.810486384800502,11.256412097385953,100.0,100.0,50.23993956628734,100.0,100.0,100.0,16,17.359999999999914,23.367500000000852,30.0,27.037291666666835,21.1118750000005,17.532499999999942,17.359999999999914
261,10.493551526750837,16.512942995343888,100.0,100.0,58.36278538554526,100.0,100.0,100.0,18,17.359999999999914,21.502500000000563,30.0,26.58187500000017,20.113750000000344,17.532499999999942,17.359999999999914
262,5.678413391113281,11.441567965916224,100.0,100.0,57.844101110699114,100.0,100.0,100.0,20,17.359999999999914,20.155000000000353,30.0,25.590208333333432,18.99250000000017,17.532499999999942,17.359999999999914
263,9.018025806971961,11.243171691894531,100.0,100.0,55.82108203411582,100.0,100.0,100.0,20,17.359999999999914,19.02250000000017,30.0,25.686458333333448,18.498125000000094,17.524999999999938,17.359999999999914
264,5.562583378383092,16.855203083583287,100.0,100.0,62.29027330513694,100.0,100.0,100.0,25,17.32999999999991,19.24750000000021,30.0,24.765000000000168,18.428750000000083,17.439999999999927,17.32999999999991
265,11.024227142333984,16.758012771606445,100.0,100.0,53.621699656250435,100.0,100.0,100.0,16,17.32999999999991,19.772500000000292,30.0,26.328541666666723,18.98562500000017,17.394999999999918,17.32999999999991
266,5.737669808523996,11.243853569030762,100.0,100.0,48.81640013390569,97.06935729299272,100.0,100.0,13,17.32999999999991,21.1025000000005,30.0,26.9616666666667,20.88500000000011,17.394999999999918,17.32999999999991
267,5.689278193882533,11.429165431431361,100.0,100.0,47.74079079051222,100.0,100.0,100.0,16,17.32999999999991,21.02500000000049,30.0,26.495416666666753,19.486250000000247,17.394999999999918,17.32999999999991
268,5.748207092285156,11.199260439191544,100.0,100.0,44.91397698115836,98.71079683303833,100.0,100.0,15,17.32999999999991,21.25500000000052,30.0,26.740833333333413,20.22250000000024,17.394999999999918,17.32999999999991
269,9.86812537057059,14.537839208330425,100.0,100.0,50.3737828710677,100.0,100.0,100.0,17,17.32999999999991,20.677500000000432,30.0,26.435625000000112,19.69250000000028,17.394999999999918,17.32999999999991
270,10.417945044381279,11.303886686052595,100.0,100.0,50.595461139038186,99.60224100521633,100.0,100.0,15,17.32999999999991,22.57000000000073,30.0,26.870416666666767,20.611250000000304,17.394999999999918,17.32999999999991
271,5.880982535226004,14.427000454493932,100.0,100.0,58.388815230842305,100.0,100.0,100.0,21,17.32999999999991,19.882500000000306,30.0,25.612708333333472,18.894375000000153,17.394999999999918,17.32999999999991
272,5.69690431867327,11.331363405500138,100.0,100.0,55.359975501253636,100.0,100.0,100.0,21,17.32999999999991,20.812500000000455,30.0,25.840000000000174,19.420000000000236,17.394999999999918,17.32999999999991
273,5.433627537318638,5.8973475864955365,100.0,100.0,43.09348277705877,100.0,100.0,100.0,16,17.32999999999991,21.62000000000058,30.0,26.695208333333444,20.08562500000034,17.394999999999918,17.32999999999991
274,5.515652792794364,11.184893335614886,100.0,100.0,53.30769954034397,100.0,100.0,100.0,21,17.32999999999991,19.69000000000028,30.0,25.617083333333472,18.789375000000135,17.364999999999913,17.32999999999991
275,9.093108858381001,11.3940007346017,79.0952137538365,100.0,47.082088277598054,92.58136800357275,100.0,100.0,11,17.32999999999991,30.0,30.0,27.479375000000044,22.438125000000117,17.364999999999913,17.32999999999991
276,5.654891422816686,11.142300197056361,79.182528087071,100.0,44.62908605650807,93.42448813574654,100.0,100.0,11,17.32999999999991,30.0,30.0,27.63375000000006,22.90125000000019,17.364999999999913,17.32999999999991
277,5.75767571585519,11.189120156424387,100.0,100.0,54.395756551100284,98.329176732472,100.0,100.0,14,17.32999999999991,23.910000000000938,30.0,27.104791666666767,21.314375000000297,17.364999999999913,17.32999999999991
278,5.868497031075614,11.237119947160991,72.21446775964267,100.0,36.560493352001934,84.43781030769952,100.0,100.0,10,17.32999999999991,30.0,30.0,27.73687500000004,23.21062500000012,17.364999999999913,17.32999999999991
279,5.474875858851842,11.07759816305978,100.0,100.0,47.72912149391423,96.11674070358276,100.0,100.0,13,17.32999999999991,24.417500000001017,30.0,27.044166666666722,21.13250000000015,17.364999999999913,17.32999999999991
280,5.281362261090959,5.801036017281668,62.79987883998977,100.0,32.81839143202556,77.43976133317597,100.0,100.0,8,17.32999999999991,30.0,30.0,28.25750000000004,24.772500000000125,17.364999999999913,17.32999999999991
281,10.24031938825335,11.466059684753418,79.40171377999442,100.0,44.65909657581613,89.70456395830428,100.0,100.0,8,17.32999999999991,30.0,30.0,28.10312500000002,24.309375000000053,17.364999999999913,17.32999999999991
282,5.621344975062779,11.18964059012277,100.0,100.0,46.21426444749474,98.33834801401412,100.0,100.0,14,17.32999999999991,22.390000000000704,30.0,27.06479166666676,21.194375000000278,17.364999999999913,17.32999999999991
283,10.901498522077286,15.761519840785436,100.0,100.0,56.69148887649453,99.71645213213333,100.0,100.0,14,17.32999999999991,23.82000000000092,30.0,27.107708333333434,21.323125000000296,17.364999999999913,17.32999999999991
284,5.770475115094866,11.247236388070244,100.0,100.0,58.35330212841061,100.0,100.0,100.0,20,17.32999999999991,21.262500000000525,30.0,26.179375000000192,19.493125000000248,17.364999999999913,17.32999999999991
285,5.647373744419643,11.148642812456405,100.0,100.0,52.52124934795116,100.0,100.0,100.0,18,17.32999999999991,22.327500000000693,30.0,26.497500000000162,20.004375000000326,17.364999999999913,17.32999999999991
286,5.276035853794643,11.296583584376744,100.0,100.0,49.71205294322692,100.0,100.0,100.0,19,17.32999999999991,21.997500000000638,30.0,26.396875000000183,20.052500000000336,17.364999999999913,17.32999999999991
287,5.254033769880023,5.890199116298131,100.0,100.0,42.652813476651644,97.01525534902301,100.0,100.0,13,17.32999999999991,25.247500000001146,30.0,27.283541666666753,21.850625000000264,17.364999999999913,17.32999999999991
288,8.644043513706754,11.526289667401995,100.0,100.0,54.696726437495705,99.61666107177734,100.0,100.0,15,17.32999999999991,26.260000000001305,30.0,27.343125000000175,22.029375000000528,17.364999999999913,17.32999999999991
289,5.583159310477121,11.334141322544642,100.0,100.0,49.59409737497699,100.0,100.0,100.0,18,17.32999999999991,20.73000000000044,30.0,26.391250000000145,19.664375000000277,17.364999999999913,17.32999999999991
290,11.073822021484375,11.432339123317176,100.0,100.0,47.42535209460751,96.7233007294791,100.0,100.0,13,17.32999999999991,25.810000000001235,30.0,27.345000000000095,22.03500000000029,17.364999999999913,17.32999999999991
291,5.5287644522530695,11.442782538277765,100.0,100.0,44.25397712981063,98.29466376985823,100.0,100.0,14,17.32999999999991,24.935000000001097,30.0,27.346875000000136,22.04062500000041,17.364999999999913,17.32999999999991
292,5.863861628941128,11.300574711390901,79.53829492841449,100.0,41.3814860184487,91.05243142694229,100.0,100.0,11,17.32999999999991,30.0,30.0,27.73750000000008,23.21250000000024,17.364999999999913,17.32999999999991
293,5.668294634137835,11.148181642804825,100.0,100.0,46.793845712928324,100.0,100.0,100.0,16,17.32999999999991,22.90250000000078,30.0,26.910416666666816,20.731250000000443,17.364999999999913,17.32999999999991
294,10.562454768589566,11.234802518572126,100.0,100.0,49.13728795715959,100.0,100.0,100.0,16,17.32999999999991,20.950000000000475,30.0,26.64104166666677,19.92312500000031,17.364999999999913,17.32999999999991
295,9.052308491298131,11.337973049708776,100.0,100.0,48.08143815907039,96.21931961205304,100.0,100.0,13,17.32999999999991,26.99750000000142,30.0,27.549583333333462,22.648750000000383,17.364999999999913,17.32999999999991
296,5.930741446358818,11.462952068873815,100.0,100.0,47.8924253513707,97.0607556615557,100.0,100.0,13,17.32999999999991,25.88750000000125,30.0,27.23562500000008,21.706875000000238,17.364999999999913,17.32999999999991
297,8.421754019601005,11.156904356820242,100.0,100.0,43.99846206983841,98.73003210340227,100.0,100.0,15,17.32999999999991,23.392500000000858,30.0,27.134583333333477,21.40375000000043,17.364999999999913,17.32999999999991
298,10.646222250802177,11.504808834620885,100.0,100.0,48.992368510175226,96.32626296758768,100.0,100.0,13,17.32999999999991,28.622500000001676,30.0,27.490625000000122,22.47187500000036,17.364999999999913,17.32999999999991
299,10.865788868495397,15.829909188406809,100.0,100.0,51.19924109641763,97.48239891664662,100.0,100.0,14,17.32999999999991,26.087500000001278,30.0,27.27708333333346,21.831250000000377,17.364999999999913,17.32999999999991
300,7.615030016217913,11.293858800615583,100.0,100.0,50.36675066732093,98.71503727776664,100.0,100.0,15,17.32999999999991,24.04750000000096,30.0,27.224791666666828,21.674375000000474,17.364999999999913,17.32999999999991
