timestamp_utc,generation,cached_evaluations,evaluated_count,population_size,dist_avg,dist_best_gen,dist_best_global,time_avg,time_best_gen,time_best_global,finish_count,crash_count,timeout_count,finish_rate,crash_rate,timeout_rate,best_finished,best_crashes,best_progress,best_dense_progress,best_ranking_progress,best_ranking_key,mean_discrete_progress,mean_dense_progress,mean_ranking_progress,std_dense_progress,std_ranking_progress,best_distance,best_time,best_reward,best_fitness,selection_mode,front0_size,best_selection_rank,best_selection_crowding,best_selection_objectives,selection_objective_names,virtual_time_sum,virtual_distance_sum,evaluation_steps_sum
2026-05-02T22:44:36Z,1,0,48,48,3.312505006790161,8.06196757725307,8.06196757725307,45.0,45.0,45.0,0,48,0,0.0,1.0,0.0,0,1,5.714285714285714,8.06196757725307,8.06196757725307,"[0.0, 8.06196757725307, -1.0, -3.490000009536743]",2.0833332538604736,3.312505006790161,3.312505006790161,3.036585807800293,3.036585807800293,75.35150909423828,3.490000009536743,8061966577249.579,8061966577249.579,lexicographic,,0,0.0,"[0.0, 8.06196757725307, -1.0, -3.490000009536743]","[""ranking_0"", ""ranking_1"", ""ranking_2"", ""ranking_3""]",168.3699951171875,1480.054443359375,18943
2026-05-02T22:48:24Z,2,0,48,48,3.855464220046997,10.652858189174106,10.652858189174106,45.0,45.0,45.0,0,48,0,0.0,1.0,0.0,0,1,8.571428571428571,10.652858189174106,10.652858189174106,"[0.0, 10.652858189174106, -1.0, -3.8399999141693115]",2.5,3.855464220046997,3.855464220046997,2.859440803527832,2.859440803527832,91.0261001586914,3.8399999141693115,10652857189170.266,10652857189170.266,lexicographic,,0,0.0,"[0.0, 10.652858189174106, -1.0, -3.8399999141693115]","[""ranking_0"", ""ranking_1"", ""ranking_2"", ""ranking_3""]",152.1400146484375,1603.6087646484375,17195
2026-05-02T22:52:04Z,3,0,48,48,3.342961549758911,10.651430402483259,10.652858189174106,45.0,45.0,45.0,0,48,0,0.0,1.0,0.0,0,1,8.571428571428571,10.651430402483259,10.651430402483259,"[0.0, 10.651430402483259, -1.0, -3.880000114440918]",1.8452380895614624,3.342961549758911,3.342961549758911,2.677638530731201,2.677638530731201,91.24554443359375,3.880000114440918,10651429402479.377,10651429402479.377,lexicographic,,0,0.0,"[0.0, 10.651430402483259, -1.0, -3.880000114440918]","[""ranking_0"", ""ranking_1"", ""ranking_2"", ""ranking_3""]",143.010009765625,1234.3070068359375,16198
2026-05-02T22:56:06Z,4,0,48,48,4.426756381988525,11.024341583251953,11.024341583251953,45.0,45.0,45.0,0,48,0,0.0,1.0,0.0,0,1,8.571428571428571,11.024341583251953,11.024341583251953,"[0.0, 11.024341583251953, -1.0, -8.029999732971191]",2.9166667461395264,4.426756381988525,4.426756381988525,2.9274508953094482,2.9274508953094482,94.796875,8.029999732971191,11024340583243.924,11024340583243.924,lexicographic,,0,0.0,"[0.0, 11.024341583251953, -1.0, -8.029999732971191]","[""ranking_0"", ""ranking_1"", ""ranking_2"", ""ranking_3""]",166.3000030517578,1703.6337890625,19331
2026-05-02T22:59:56Z,5,0,48,48,4.154789924621582,11.006052834647043,11.024341583251953,45.0,45.0,45.0,0,48,0,0.0,1.0,0.0,0,1,8.571428571428571,11.006052834647043,11.006052834647043,"[0.0, 11.006052834647043, -1.0, -8.050000190734863]",2.6190474033355713,4.154789924621582,4.154789924621582,2.7573373317718506,2.7573373317718506,94.36270141601562,8.050000190734863,11006051834638.992,11006051834638.992,lexicographic,,0,0.0,"[0.0, 11.006052834647043, -1.0, -8.050000190734863]","[""ranking_0"", ""ranking_1"", ""ranking_2"", ""ranking_3""]",153.5500030517578,1627.1558837890625,17855
2026-05-02T23:04:05Z,6,0,48,48,4.683949947357178,10.852816445486885,11.024341583251953,45.0,45.0,45.0,0,48,0,0.0,1.0,0.0,0,1,8.571428571428571,10.852816445486885,10.852816445486885,"[0.0, 10.852816445486885, -1.0, -9.390000343322754]",3.2142858505249023,4.683949947357178,4.683949947357178,2.8214638233184814,2.8214638233184814,91.67989349365234,9.390000343322754,10852815445477.494,10852815445477.494,lexicographic,,0,0.0,"[0.0, 10.852816445486885, -1.0, -9.390000343322754]","[""ranking_0"", ""ranking_1"", ""ranking_2"", ""ranking_3""]",171.48001098632812,1824.2557373046875,19576
2026-05-02T23:08:10Z,7,0,48,48,4.523904323577881,10.976518903459821,11.024341583251953,45.0,45.0,45.0,0,48,0,0.0,1.0,0.0,0,1,8.571428571428571,10.976518903459821,10.976518903459821,"[0.0, 10.976518903459821, -1.0, -8.140000343322754]",2.9761905670166016,4.523904323577881,4.523904323577881,2.817902088165283,2.817902088165283,93.0771713256836,8.140000343322754,10976517903451.68,10976517903451.68,lexicographic,,0,0.0,"[0.0, 10.976518903459821, -1.0, -8.140000343322754]","[""ranking_0"", ""ranking_1"", ""ranking_2"", ""ranking_3""]",169.16000366210938,1738.016357421875,19301
2026-05-02T23:12:40Z,8,0,48,48,4.864383220672607,20.237606593540736,20.237606593540736,45.0,45.0,45.0,0,48,0,0.0,1.0,0.0,0,1,20.0,20.237606593540736,20.237606593540736,"[0.0, 20.237606593540736, -1.0, -27.049999237060547]",3.5119049549102783,4.864383220672607,4.864383220672607,3.717463970184326,3.717463970184326,209.79537963867188,27.049999237060547,20237605593513.684,20237605593513.684,lexicographic,,0,0.0,"[0.0, 20.237606593540736, -1.0, -27.049999237060547]","[""ranking_0"", ""ranking_1"", ""ranking_2"", ""ranking_3""]",192.88999938964844,1932.73974609375,22038
2026-05-02T23:17:14Z,9,0,48,48,4.6014838218688965,20.62495367867606,20.62495367867606,45.0,45.0,45.0,0,48,0,0.0,1.0,0.0,0,1,20.0,20.62495367867606,20.62495367867606,"[0.0, 20.62495367867606, -1.0, -25.6200008392334]",3.2142858505249023,4.6014838218688965,4.6014838218688965,3.334954023361206,3.334954023361206,199.72201538085938,25.6200008392334,20624952678650.44,20624952678650.44,lexicographic,,0,0.0,"[0.0, 20.62495367867606, -1.0, -25.6200008392334]","[""ranking_0"", ""ranking_1"", ""ranking_2"", ""ranking_3""]",197.61000061035156,1802.8416748046875,22581
2026-05-02T23:21:31Z,10,0,48,48,4.424509525299072,19.815799168178014,20.62495367867606,45.0,45.0,45.0,0,48,0,0.0,1.0,0.0,0,1,17.142857142857142,19.815799168178014,19.815799168178014,"[0.0, 19.815799168178014, -1.0, -25.549999237060547]",2.73809552192688,4.424509525299072,4.424509525299072,3.2950022220611572,3.2950022220611572,199.60694885253906,25.549999237060547,19815798168152.465,19815798168152.465,lexicographic,,0,0.0,"[0.0, 19.815799168178014, -1.0, -25.549999237060547]","[""ranking_0"", ""ranking_1"", ""ranking_2"", ""ranking_3""]",180.73001098632812,1752.7135009765625,20679
2026-05-02T23:25:59Z,11,0,48,48,4.9902167320251465,19.74562508719308,20.62495367867606,45.0,45.0,45.0,0,48,0,0.0,1.0,0.0,0,1,17.142857142857142,19.74562508719308,19.74562508719308,"[0.0, 19.74562508719308, -1.0, -25.610000610351562]",3.392857313156128,4.9902167320251465,4.9902167320251465,3.5609121322631836,3.5609121322631836,199.77969360351562,25.610000610351562,19745624087167.47,19745624087167.47,lexicographic,,0,0.0,"[0.0, 19.74562508719308, -1.0, -25.610000610351562]","[""ranking_0"", ""ranking_1"", ""ranking_2"", ""ranking_3""]",191.27001953125,2005.35205078125,22023
2026-05-02T23:30:08Z,12,0,48,48,4.282710552215576,19.67832020350865,20.62495367867606,45.0,45.0,45.0,0,48,0,0.0,1.0,0.0,0,1,17.142857142857142,19.67832020350865,19.67832020350865,"[0.0, 19.67832020350865, -1.0, -24.540000915527344]",2.6190478801727295,4.282710552215576,4.282710552215576,3.5578980445861816,3.5578980445861816,188.13458251953125,24.540000915527344,19678319203484.113,19678319203484.113,lexicographic,,0,0.0,"[0.0, 19.67832020350865, -1.0, -24.540000915527344]","[""ranking_0"", ""ranking_1"", ""ranking_2"", ""ranking_3""]",172.24000549316406,1705.918701171875,19172
2026-05-02T23:34:12Z,13,0,48,48,4.60439920425415,20.000980922154017,20.62495367867606,45.0,45.0,45.0,0,48,0,0.0,1.0,0.0,0,1,20.0,20.000980922154017,20.000980922154017,"[0.0, 20.000980922154017, -1.0, -23.739999771118164]",2.9761905670166016,4.60439920425415,4.60439920425415,3.636220932006836,3.636220932006836,185.77427673339844,23.739999771118164,20000979922130.277,20000979922130.277,lexicographic,,0,0.0,"[0.0, 20.000980922154017, -1.0, -23.739999771118164]","[""ranking_0"", ""ranking_1"", ""ranking_2"", ""ranking_3""]",167.50999450683594,1782.7391357421875,19054
2026-05-02T23:38:40Z,14,0,48,48,5.754995822906494,19.74328449794224,20.62495367867606,45.0,45.0,45.0,0,48,0,0.0,1.0,0.0,0,1,17.142857142857142,19.74328449794224,19.74328449794224,"[0.0, 19.74328449794224, -1.0, -24.649999618530273]",4.345238208770752,5.754995822906494,5.754995822906494,3.8091139793395996,3.8091139793395996,192.82827758789062,24.649999618530273,19743283497917.594,19743283497917.594,lexicographic,,0,0.0,"[0.0, 19.74328449794224, -1.0, -24.649999618530273]","[""ranking_0"", ""ranking_1"", ""ranking_2"", ""ranking_3""]",191.97000122070312,2335.85595703125,21989
2026-05-02T23:42:40Z,15,0,48,48,4.383672714233398,20.068040575299946,20.62495367867606,45.0,45.0,45.0,0,48,0,0.0,1.0,0.0,0,1,20.0,20.068040575299946,20.068040575299946,"[0.0, 20.068040575299946, -1.0, -23.790000915527344]",3.0357143878936768,4.383672714233398,4.383672714233398,2.994873285293579,2.994873285293579,185.38099670410156,23.790000915527344,20068039575276.156,20068039575276.156,lexicographic,,0,0.0,"[0.0, 20.068040575299946, -1.0, -23.790000915527344]","[""ranking_0"", ""ranking_1"", ""ranking_2"", ""ranking_3""]",163.79000854492188,1686.406982421875,18881
2026-05-02T23:47:11Z,16,0,48,48,5.176570892333984,31.600446180828246,31.600446180828246,45.0,45.0,45.0,0,47,1,0.0,0.9791666666666666,0.020833333333333332,0,0,31.428571428571427,31.600446180828246,31.600446180828246,"[0.0, 31.600446180828246, -0.0, -45.0]",3.6309525966644287,5.176570892333984,5.176570892333984,4.570124626159668,4.570124626159668,355.4002685546875,45.0,31600446180783.246,31600446180783.246,lexicographic,,0,0.0,"[0.0, 31.600446180828246, -0.0, -45.0]","[""ranking_0"", ""ranking_1"", ""ranking_2"", ""ranking_3""]",194.13999938964844,2184.396484375,22538
2026-05-02T23:51:33Z,17,0,48,48,5.181483745574951,19.95298113141741,31.600446180828246,45.0,45.0,45.0,0,48,0,0.0,1.0,0.0,0,1,17.142857142857142,19.95298113141741,19.95298113141741,"[0.0, 19.95298113141741, -1.0, -24.600000381469727]",3.5714290142059326,5.181483745574951,5.181483745574951,3.4710299968719482,3.4710299968719482,192.3742218017578,24.600000381469727,19952980131392.81,19952980131392.81,lexicographic,,0,0.0,"[0.0, 19.95298113141741, -1.0, -24.600000381469727]","[""ranking_0"", ""ranking_1"", ""ranking_2"", ""ranking_3""]",185.13999938964844,2102.0087890625,21143
2026-05-02T23:55:40Z,18,0,48,48,4.725423336029053,19.867679050990514,31.600446180828246,45.0,45.0,45.0,0,48,0,0.0,1.0,0.0,0,1,17.142857142857142,19.867679050990514,19.867679050990514,"[0.0, 19.867679050990514, -1.0, -24.40999984741211]",3.392857313156128,4.725423336029053,4.725423336029053,3.109760046005249,3.109760046005249,189.85366821289062,24.40999984741211,19867678050966.105,19867678050966.105,lexicographic,,0,0.0,"[0.0, 19.867679050990514, -1.0, -24.40999984741211]","[""ranking_0"", ""ranking_1"", ""ranking_2"", ""ranking_3""]",170.77999877929688,1882.07373046875,19578
2026-05-02T23:59:59Z,19,0,48,48,4.922028064727783,19.653726305280415,31.600446180828246,45.0,45.0,45.0,0,48,0,0.0,1.0,0.0,0,1,17.142857142857142,19.653726305280415,19.653726305280415,"[0.0, 19.653726305280415, -1.0, -23.479999542236328]",3.6309525966644287,4.922028064727783,4.922028064727783,3.4116013050079346,3.4116013050079346,183.19728088378906,23.479999542236328,19653725305256.934,19653725305256.934,lexicographic,,0,0.0,"[0.0, 19.653726305280415, -1.0, -23.479999542236328]","[""ranking_0"", ""ranking_1"", ""ranking_2"", ""ranking_3""]",182.24000549316406,1967.050048828125,20843
2026-05-03T00:04:27Z,20,0,48,48,5.22837495803833,20.026185171944753,31.600446180828246,45.0,45.0,45.0,0,48,0,0.0,1.0,0.0,0,1,20.0,20.026185171944753,20.026185171944753,"[0.0, 20.026185171944753, -1.0, -25.829999923706055]",3.690476179122925,5.22837495803833,5.22837495803833,3.362706184387207,3.362706184387207,199.77822875976562,25.829999923706055,20026184171918.926,20026184171918.926,lexicographic,,0,0.0,"[0.0, 20.026185171944753, -1.0, -25.829999923706055]","[""ranking_0"", ""ranking_1"", ""ranking_2"", ""ranking_3""]",191.64999389648438,2114.78369140625,21861
2026-05-03T00:08:46Z,21,0,48,48,4.7787933349609375,20.268699101039342,31.600446180828246,45.0,45.0,45.0,0,48,0,0.0,1.0,0.0,0,1,20.0,20.268699101039342,20.268699101039342,"[0.0, 20.268699101039342, -1.0, -24.84000015258789]",3.452381134033203,4.7787933349609375,4.7787933349609375,3.1787140369415283,3.1787140369415283,193.12057495117188,24.84000015258789,20268698101014.504,20268698101014.504,lexicographic,,0,0.0,"[0.0, 20.268699101039342, -1.0, -24.84000015258789]","[""ranking_0"", ""ranking_1"", ""ranking_2"", ""ranking_3""]",182.73001098632812,1903.38427734375,20818
2026-05-03T00:13:00Z,22,0,48,48,4.933254718780518,19.496220179966517,31.600446180828246,45.0,45.0,45.0,0,48,0,0.0,1.0,0.0,0,1,17.142857142857142,19.496220179966517,19.496220179966517,"[0.0, 19.496220179966517, -1.0, -23.969999313354492]",3.2738096714019775,4.933254718780518,4.933254718780518,3.2145836353302,3.2145836353302,184.26565551757812,23.969999313354492,19496219179942.547,19496219179942.547,lexicographic,,0,0.0,"[0.0, 19.496220179966517, -1.0, -23.969999313354492]","[""ranking_0"", ""ranking_1"", ""ranking_2"", ""ranking_3""]",177.04000854492188,1972.24951171875,20263
2026-05-03T00:17:30Z,23,0,48,48,5.66731595993042,20.3450311933245,31.600446180828246,45.0,45.0,45.0,0,48,0,0.0,1.0,0.0,0,1,20.0,20.3450311933245,20.3450311933245,"[0.0, 20.3450311933245, -1.0, -26.219999313354492]",4.345238208770752,5.66731595993042,5.66731595993042,3.4340782165527344,3.4340782165527344,206.1900634765625,26.219999313354492,20345030193298.28,20345030193298.28,lexicographic,,0,0.0,"[0.0, 20.3450311933245, -1.0, -26.219999313354492]","[""ranking_0"", ""ranking_1"", ""ranking_2"", ""ranking_3""]",193.47000122070312,2351.440185546875,21935
2026-05-03T00:21:53Z,24,0,48,48,4.822986125946045,19.878191266741073,31.600446180828246,45.0,45.0,45.0,0,48,0,0.0,1.0,0.0,0,1,17.142857142857142,19.878191266741073,19.878191266741073,"[0.0, 19.878191266741073, -1.0, -24.25]",3.2142858505249023,4.822986125946045,4.822986125946045,3.2473883628845215,3.2473883628845215,187.91665649414062,24.25,19878190266716.824,19878190266716.824,lexicographic,,0,0.0,"[0.0, 19.878191266741073, -1.0, -24.25]","[""ranking_0"", ""ranking_1"", ""ranking_2"", ""ranking_3""]",186.94000244140625,1962.494140625,20954
2026-05-03T00:26:10Z,25,0,48,48,4.797862529754639,20.42167936052595,31.600446180828246,45.0,45.0,45.0,0,48,0,0.0,1.0,0.0,0,1,20.0,20.42167936052595,20.42167936052595,"[0.0, 20.42167936052595, -1.0, -27.1299991607666]",3.2738094329833984,4.797862529754639,4.797862529754639,3.342883348464966,3.342883348464966,210.90438842773438,27.1299991607666,20421678360498.82,20421678360498.82,lexicographic,,0,0.0,"[0.0, 20.42167936052595, -1.0, -27.1299991607666]","[""ranking_0"", ""ranking_1"", ""ranking_2"", ""ranking_3""]",179.77999877929688,1968.334716796875,20503
2026-05-03T00:30:24Z,26,0,48,48,5.182112216949463,19.888839721679688,31.600446180828246,45.0,45.0,45.0,0,48,0,0.0,1.0,0.0,0,1,17.142857142857142,19.888839721679688,19.888839721679688,"[0.0, 19.888839721679688, -1.0, -24.950000762939453]",3.8690478801727295,5.182112216949463,5.182112216949463,3.5952117443084717,3.5952117443084717,193.76571655273438,24.950000762939453,19888838721654.74,19888838721654.74,lexicographic,,0,0.0,"[0.0, 19.888839721679688, -1.0, -24.950000762939453]","[""ranking_0"", ""ranking_1"", ""ranking_2"", ""ranking_3""]",176.6899871826172,2110.846435546875,20114
2026-05-03T00:34:36Z,27,0,48,48,5.243582725524902,11.546669006347656,31.600446180828246,45.0,45.0,45.0,0,48,0,0.0,1.0,0.0,0,1,11.428571428571429,11.546669006347656,11.546669006347656,"[0.0, 11.546669006347656, -1.0, -6.159999847412109]",3.630952835083008,5.243582725524902,5.243582725524902,2.7489211559295654,2.7489211559295654,99.81192016601562,6.159999847412109,11546668006341.496,11546668006341.496,lexicographic,,0,0.0,"[0.0, 11.546669006347656, -1.0, -6.159999847412109]","[""ranking_0"", ""ranking_1"", ""ranking_2"", ""ranking_3""]",175.6800079345703,2151.75,19917
2026-05-03T00:38:52Z,28,0,48,48,5.2737650871276855,19.65358461652483,31.600446180828246,45.0,45.0,45.0,0,48,0,0.0,1.0,0.0,0,1,17.142857142857142,19.65358461652483,19.65358461652483,"[0.0, 19.65358461652483, -1.0, -23.8700008392334]",3.690476179122925,5.2737650871276855,5.2737650871276855,3.5342400074005127,3.5342400074005127,184.1763916015625,23.8700008392334,19653583616500.96,19653583616500.96,lexicographic,,0,0.0,"[0.0, 19.65358461652483, -1.0, -23.8700008392334]","[""ranking_0"", ""ranking_1"", ""ranking_2"", ""ranking_3""]",179.48001098632812,2161.72216796875,20357
2026-05-03T00:43:09Z,29,0,48,48,5.215426921844482,19.93861062186105,31.600446180828246,45.0,45.0,45.0,0,48,0,0.0,1.0,0.0,0,1,17.142857142857142,19.93861062186105,19.93861062186105,"[0.0, 19.93861062186105, -1.0, -25.56999969482422]",3.98809552192688,5.215426921844482,5.215426921844482,3.4969263076782227,3.4969263076782227,198.72386169433594,25.56999969482422,19938609621835.477,19938609621835.477,lexicographic,,0,0.0,"[0.0, 19.93861062186105, -1.0, -25.56999969482422]","[""ranking_0"", ""ranking_1"", ""ranking_2"", ""ranking_3""]",180.72999572753906,2142.274169921875,20514
2026-05-03T00:47:22Z,30,0,48,48,5.480541706085205,14.02778080531529,31.600446180828246,45.0,45.0,45.0,0,48,0,0.0,1.0,0.0,0,1,11.428571428571429,14.02778080531529,14.02778080531529,"[0.0, 14.02778080531529, -1.0, -4.570000171661377]",3.9285717010498047,5.480541706085205,5.480541706085205,3.1110520362854004,3.1110520362854004,128.10430908203125,4.570000171661377,14027779805310.719,14027779805310.719,lexicographic,,0,0.0,"[0.0, 14.02778080531529, -1.0, -4.570000171661377]","[""ranking_0"", ""ranking_1"", ""ranking_2"", ""ranking_3""]",176.2899932861328,2304.44482421875,19931
2026-05-03T00:51:31Z,31,0,48,48,5.464672565460205,14.145960126604354,31.600446180828246,45.0,45.0,45.0,0,48,0,0.0,1.0,0.0,0,1,11.428571428571429,14.145960126604354,14.145960126604354,"[0.0, 14.145960126604354, -1.0, -4.650000095367432]",3.9285717010498047,5.464672565460205,5.464672565460205,3.2451326847076416,3.2451326847076416,125.50579071044922,4.650000095367432,14145959126599.703,14145959126599.703,lexicographic,,0,0.0,"[0.0, 14.145960126604354, -1.0, -4.650000095367432]","[""ranking_0"", ""ranking_1"", ""ranking_2"", ""ranking_3""]",172.20999145507812,2255.84130859375,19608
2026-05-03T00:55:41Z,32,0,48,48,5.3509840965271,14.056876046316965,31.600446180828246,45.0,45.0,45.0,0,48,0,0.0,1.0,0.0,0,1,11.428571428571429,14.056876046316965,14.056876046316965,"[0.0, 14.056876046316965, -1.0, -4.900000095367432]",3.98809552192688,5.3509840965271,5.3509840965271,2.6083552837371826,2.6083552837371826,129.32786560058594,4.900000095367432,14056875046312.064,14056875046312.064,lexicographic,,0,0.0,"[0.0, 14.056876046316965, -1.0, -4.900000095367432]","[""ranking_0"", ""ranking_1"", ""ranking_2"", ""ranking_3""]",173.77999877929688,2204.5634765625,19414
2026-05-03T00:59:40Z,33,0,48,48,5.354045867919922,13.831759861537387,31.600446180828246,45.0,45.0,45.0,0,48,0,0.0,1.0,0.0,0,1,11.428571428571429,13.831759861537387,13.831759861537387,"[0.0, 13.831759861537387, -1.0, -4.679999828338623]",3.8690478801727295,5.354045867919922,5.354045867919922,2.83723783493042,2.83723783493042,125.90966796875,4.679999828338623,13831758861532.707,13831758861532.707,lexicographic,,0,0.0,"[0.0, 13.831759861537387, -1.0, -4.679999828338623]","[""ranking_0"", ""ranking_1"", ""ranking_2"", ""ranking_3""]",161.94000244140625,2260.13818359375,17590
2026-05-03T01:03:37Z,34,0,48,48,5.048851013183594,13.831138610839844,31.600446180828246,45.0,45.0,45.0,0,48,0,0.0,1.0,0.0,0,1,11.428571428571429,13.831138610839844,13.831138610839844,"[0.0, 13.831138610839844, -1.0, -4.699999809265137]",3.8095242977142334,5.048851013183594,5.048851013183594,2.962111473083496,2.962111473083496,127.07411193847656,4.699999809265137,13831137610835.145,13831137610835.145,lexicographic,,0,0.0,"[0.0, 13.831138610839844, -1.0, -4.699999809265137]","[""ranking_0"", ""ranking_1"", ""ranking_2"", ""ranking_3""]",159.97000122070312,2042.4810791015625,18186
2026-05-03T01:07:39Z,35,0,48,48,5.632694244384766,13.682419913155691,31.600446180828246,45.0,45.0,45.0,0,48,0,0.0,1.0,0.0,0,1,11.428571428571429,13.682419913155691,13.682419913155691,"[0.0, 13.682419913155691, -1.0, -4.789999961853027]",4.285714626312256,5.632694244384766,5.632694244384766,2.8517496585845947,2.8517496585845947,126.05575561523438,4.789999961853027,13682418913150.902,13682418913150.902,lexicographic,,0,0.0,"[0.0, 13.682419913155691, -1.0, -4.789999961853027]","[""ranking_0"", ""ranking_1"", ""ranking_2"", ""ranking_3""]",165.41000366210938,2353.28955078125,18549
2026-05-03T01:11:29Z,36,0,48,48,5.071004867553711,13.804348536900113,31.600446180828246,45.0,45.0,45.0,0,48,0,0.0,1.0,0.0,0,1,11.428571428571429,13.804348536900113,13.804348536900113,"[0.0, 13.804348536900113, -1.0, -4.579999923706055]",3.6309525966644287,5.071004867553711,5.071004867553711,3.0423967838287354,3.0423967838287354,124.50672149658203,4.579999923706055,13804347536895.533,13804347536895.533,lexicographic,,0,0.0,"[0.0, 13.804348536900113, -1.0, -4.579999923706055]","[""ranking_0"", ""ranking_1"", ""ranking_2"", ""ranking_3""]",153.35000610351562,2050.804931640625,17353
2026-05-03T01:15:26Z,37,0,48,48,5.22204065322876,13.88525826590402,31.600446180828246,45.0,45.0,45.0,0,48,0,0.0,1.0,0.0,0,1,11.428571428571429,13.88525826590402,13.88525826590402,"[0.0, 13.88525826590402, -1.0, -4.659999847412109]",3.5119049549102783,5.22204065322876,5.22204065322876,3.3071160316467285,3.3071160316467285,126.10599517822266,4.659999847412109,13885257265899.36,13885257265899.36,lexicographic,,0,0.0,"[0.0, 13.88525826590402, -1.0, -4.659999847412109]","[""ranking_0"", ""ranking_1"", ""ranking_2"", ""ranking_3""]",161.010009765625,2121.960693359375,18194
2026-05-03T01:19:16Z,38,0,48,48,5.337013244628906,13.818620954241071,31.600446180828246,45.0,45.0,45.0,0,48,0,0.0,1.0,0.0,0,1,11.428571428571429,13.818620954241071,13.818620954241071,"[0.0, 13.818620954241071, -1.0, -4.730000019073486]",3.9285717010498047,5.337013244628906,5.337013244628906,3.058478593826294,3.058478593826294,125.90198516845703,4.730000019073486,13818619954236.34,13818619954236.34,lexicographic,,0,0.0,"[0.0, 13.818620954241071, -1.0, -4.730000019073486]","[""ranking_0"", ""ranking_1"", ""ranking_2"", ""ranking_3""]",153.010009765625,2183.200439453125,17179
2026-05-03T01:23:01Z,39,0,48,48,5.405575275421143,13.881002153669083,31.600446180828246,45.0,45.0,45.0,0,48,0,0.0,1.0,0.0,0,1,11.428571428571429,13.881002153669083,13.881002153669083,"[0.0, 13.881002153669083, -1.0, -4.71999979019165]",4.047619342803955,5.405575275421143,5.405575275421143,2.7628729343414307,2.7628729343414307,124.58565521240234,4.71999979019165,13881001153664.363,13881001153664.363,lexicographic,,0,0.0,"[0.0, 13.881002153669083, -1.0, -4.71999979019165]","[""ranking_0"", ""ranking_1"", ""ranking_2"", ""ranking_3""]",148.24002075195312,2231.83447265625,16205
2026-05-03T01:26:50Z,40,0,48,48,5.123152256011963,13.820446559361049,31.600446180828246,45.0,45.0,45.0,0,48,0,0.0,1.0,0.0,0,1,11.428571428571429,13.820446559361049,13.820446559361049,"[0.0, 13.820446559361049, -1.0, -4.78000020980835]",3.809523820877075,5.123152256011963,5.123152256011963,2.727902412414551,2.727902412414551,124.69666290283203,4.78000020980835,13820445559356.27,13820445559356.27,lexicographic,,0,0.0,"[0.0, 13.820446559361049, -1.0, -4.78000020980835]","[""ranking_0"", ""ranking_1"", ""ranking_2"", ""ranking_3""]",152.33999633789062,2115.4013671875,17052
2026-05-03T01:30:44Z,41,0,48,48,5.419931888580322,13.614022391183036,31.600446180828246,45.0,45.0,45.0,0,48,0,0.0,1.0,0.0,0,1,11.428571428571429,13.614022391183036,13.614022391183036,"[0.0, 13.614022391183036, -1.0, -4.579999923706055]",4.285714626312256,5.419931888580322,5.419931888580322,3.1007943153381348,3.1007943153381348,123.10176849365234,4.579999923706055,13614021391178.457,13614021391178.457,lexicographic,,0,0.0,"[0.0, 13.614022391183036, -1.0, -4.579999923706055]","[""ranking_0"", ""ranking_1"", ""ranking_2"", ""ranking_3""]",157.3300018310547,2227.101318359375,17544
2026-05-03T01:34:39Z,42,0,48,48,5.456764221191406,14.341615949358259,31.600446180828246,45.0,45.0,45.0,0,48,0,0.0,1.0,0.0,0,1,14.285714285714285,14.341615949358259,14.341615949358259,"[0.0, 14.341615949358259, -1.0, -8.470000267028809]",4.1666669845581055,5.456764221191406,5.456764221191406,3.305877923965454,3.305877923965454,128.9385223388672,8.470000267028809,14341614949349.787,14341614949349.787,lexicographic,,0,0.0,"[0.0, 14.341615949358259, -1.0, -8.470000267028809]","[""ranking_0"", ""ranking_1"", ""ranking_2"", ""ranking_3""]",157.88999938964844,2251.314453125,17518
2026-05-03T01:38:28Z,43,0,48,48,5.502474308013916,13.871356419154576,31.600446180828246,45.0,45.0,45.0,0,48,0,0.0,1.0,0.0,0,1,11.428571428571429,13.871356419154576,13.871356419154576,"[0.0, 13.871356419154576, -1.0, -4.570000171661377]",4.047619342803955,5.502474308013916,5.502474308013916,3.035348892211914,3.035348892211914,124.8984603881836,4.570000171661377,13871355419150.006,13871355419150.006,lexicographic,,0,0.0,"[0.0, 13.871356419154576, -1.0, -4.570000171661377]","[""ranking_0"", ""ranking_1"", ""ranking_2"", ""ranking_3""]",153.1300048828125,2275.49462890625,17130
2026-05-03T01:42:33Z,44,0,48,48,6.192224025726318,14.191431318010602,31.600446180828246,45.0,45.0,45.0,0,48,0,0.0,1.0,0.0,0,1,11.428571428571429,14.191431318010602,14.191431318010602,"[0.0, 14.191431318010602, -1.0, -4.809999942779541]",4.642857551574707,6.192224025726318,6.192224025726318,3.5890650749206543,3.5890650749206543,128.7930145263672,4.809999942779541,14191430318005.791,14191430318005.791,lexicographic,,0,0.0,"[0.0, 14.191431318010602, -1.0, -4.809999942779541]","[""ranking_0"", ""ranking_1"", ""ranking_2"", ""ranking_3""]",168.20999145507812,2602.452880859375,18605
2026-05-03T01:46:26Z,45,0,48,48,5.952940464019775,14.447947910853795,31.600446180828246,45.0,45.0,45.0,0,48,0,0.0,1.0,0.0,0,1,14.285714285714285,14.447947910853795,14.447947910853795,"[0.0, 14.447947910853795, -1.0, -4.860000133514404]",4.583333492279053,5.952940464019775,5.952940464019775,3.561159133911133,3.561159133911133,130.9857177734375,4.860000133514404,14447946910848.936,14447946910848.936,lexicographic,,0,0.0,"[0.0, 14.447947910853795, -1.0, -4.860000133514404]","[""ranking_0"", ""ranking_1"", ""ranking_2"", ""ranking_3""]",156.0,2476.630126953125,17367
2026-05-03T01:50:15Z,46,0,48,48,5.622111797332764,14.936250959123884,31.600446180828246,45.0,45.0,45.0,0,48,0,0.0,1.0,0.0,0,1,14.285714285714285,14.936250959123884,14.936250959123884,"[0.0, 14.936250959123884, -1.0, -5.269999980926514]",4.404762268066406,5.622111797332764,5.622111797332764,3.4337358474731445,3.4337358474731445,146.26356506347656,5.269999980926514,14936249959118.613,14936249959118.613,lexicographic,,0,0.0,"[0.0, 14.936250959123884, -1.0, -5.269999980926514]","[""ranking_0"", ""ranking_1"", ""ranking_2"", ""ranking_3""]",152.0,2319.49365234375,16816
2026-05-03T01:54:09Z,47,0,48,48,5.568977355957031,14.81957571847098,31.600446180828246,45.0,45.0,45.0,0,48,0,0.0,1.0,0.0,0,1,14.285714285714285,14.81957571847098,14.81957571847098,"[0.0, 14.81957571847098, -1.0, -5.309999942779541]",4.1666669845581055,5.568977355957031,5.568977355957031,3.4293863773345947,3.4293863773345947,149.13929748535156,5.309999942779541,14819574718465.67,14819574718465.67,lexicographic,,0,0.0,"[0.0, 14.81957571847098, -1.0, -5.309999942779541]","[""ranking_0"", ""ranking_1"", ""ranking_2"", ""ranking_3""]",157.44000244140625,2303.948974609375,17523
2026-05-03T01:58:06Z,48,0,48,48,5.75189208984375,13.76075199672154,31.600446180828246,45.0,45.0,45.0,0,48,0,0.0,1.0,0.0,0,1,11.428571428571429,13.76075199672154,13.76075199672154,"[0.0, 13.76075199672154, -1.0, -4.889999866485596]",4.226190567016602,5.75189208984375,5.75189208984375,2.955395460128784,2.955395460128784,136.10911560058594,4.889999866485596,13760750996716.648,13760750996716.648,lexicographic,,0,0.0,"[0.0, 13.76075199672154, -1.0, -4.889999866485596]","[""ranking_0"", ""ranking_1"", ""ranking_2"", ""ranking_3""]",160.7100067138672,2421.8388671875,17320
2026-05-03T02:01:44Z,49,0,48,48,5.288475036621094,15.602564130510602,31.600446180828246,45.0,45.0,45.0,0,48,0,0.0,1.0,0.0,0,1,14.285714285714285,15.602564130510602,15.602564130510602,"[0.0, 15.602564130510602, -1.0, -5.130000114440918]",3.750000238418579,5.288475036621094,5.288475036621094,3.4329843521118164,3.4329843521118164,135.88623046875,5.130000114440918,15602563130505.47,15602563130505.47,lexicographic,,0,0.0,"[0.0, 15.602564130510602, -1.0, -5.130000114440918]","[""ranking_0"", ""ranking_1"", ""ranking_2"", ""ranking_3""]",140.60000610351562,2162.6025390625,14419
2026-05-03T02:05:18Z,50,0,48,48,4.8458685874938965,15.599032810756139,31.600446180828246,45.0,45.0,45.0,0,48,0,0.0,1.0,0.0,0,1,14.285714285714285,15.599032810756139,15.599032810756139,"[0.0, 15.599032810756139, -1.0, -5.670000076293945]",3.1547622680664062,4.8458685874938965,4.8458685874938965,3.2326619625091553,3.2326619625091553,155.26480102539062,5.670000076293945,15599031810750.469,15599031810750.469,lexicographic,,0,0.0,"[0.0, 15.599032810756139, -1.0, -5.670000076293945]","[""ranking_0"", ""ranking_1"", ""ranking_2"", ""ranking_3""]",138.010009765625,1969.4610595703125,12831
2026-05-03T02:09:03Z,51,0,48,48,5.533626556396484,15.041640145438059,31.600446180828246,45.0,45.0,45.0,0,48,0,0.0,1.0,0.0,0,1,14.285714285714285,15.041640145438059,15.041640145438059,"[0.0, 15.041640145438059, -1.0, -5.019999980926514]",3.9285717010498047,5.533626556396484,5.533626556396484,3.3294811248779297,3.3294811248779297,131.68304443359375,5.019999980926514,15041639145433.04,15041639145433.04,lexicographic,,0,0.0,"[0.0, 15.041640145438059, -1.0, -5.019999980926514]","[""ranking_0"", ""ranking_1"", ""ranking_2"", ""ranking_3""]",147.85000610351562,2299.79833984375,16125
2026-05-03T02:12:45Z,52,0,48,48,4.939473628997803,15.329627990722654,31.600446180828246,45.0,45.0,45.0,0,48,0,0.0,1.0,0.0,0,1,14.285714285714285,15.329627990722654,15.329627990722654,"[0.0, 15.329627990722654, -1.0, -5.03000020980835]",3.5714290142059326,4.939473628997803,4.939473628997803,3.1228959560394287,3.1228959560394287,132.73614501953125,5.03000020980835,15329626990717.625,15329626990717.625,lexicographic,,0,0.0,"[0.0, 15.329627990722654, -1.0, -5.03000020980835]","[""ranking_0"", ""ranking_1"", ""ranking_2"", ""ranking_3""]",145.67001342773438,2036.3555908203125,16185
2026-05-03T02:16:22Z,53,0,48,48,5.016380310058594,14.835221426827566,31.600446180828246,45.0,45.0,45.0,0,48,0,0.0,1.0,0.0,0,1,14.285714285714285,14.835221426827566,14.835221426827566,"[0.0, 14.835221426827566, -1.0, -5.539999961853027]",3.392857313156128,5.016380310058594,5.016380310058594,3.459080934524536,3.459080934524536,130.61459350585938,5.539999961853027,14835220426822.027,14835220426822.027,lexicographic,,0,0.0,"[0.0, 14.835221426827566, -1.0, -5.539999961853027]","[""ranking_0"", ""ranking_1"", ""ranking_2"", ""ranking_3""]",140.66000366210938,2027.999267578125,15638
2026-05-03T02:19:55Z,54,0,48,48,4.805009365081787,15.970807756696429,31.600446180828246,45.0,45.0,45.0,0,48,0,0.0,1.0,0.0,0,1,14.285714285714285,15.970807756696429,15.970807756696429,"[0.0, 15.970807756696429, -1.0, -5.369999885559082]",3.392857313156128,4.805009365081787,4.805009365081787,3.2996490001678467,3.2996490001678467,141.8870391845703,5.369999885559082,15970806756691.06,15970806756691.06,lexicographic,,0,0.0,"[0.0, 15.970807756696429, -1.0, -5.369999885559082]","[""ranking_0"", ""ranking_1"", ""ranking_2"", ""ranking_3""]",135.52999877929688,1922.150390625,15068
2026-05-03T02:23:37Z,55,0,48,48,5.270156383514404,14.619740077427457,31.600446180828246,45.0,45.0,45.0,0,48,0,0.0,1.0,0.0,0,1,14.285714285714285,14.619740077427457,14.619740077427457,"[0.0, 14.619740077427457, -1.0, -5.050000190734863]",3.75,5.270156383514404,5.270156383514404,3.43345308303833,3.43345308303833,145.04322814941406,5.050000190734863,14619739077422.406,14619739077422.406,lexicographic,,0,0.0,"[0.0, 14.619740077427457, -1.0, -5.050000190734863]","[""ranking_0"", ""ranking_1"", ""ranking_2"", ""ranking_3""]",145.3300018310547,2162.796875,16231
2026-05-03T02:27:29Z,56,0,48,48,5.376448154449463,16.161771501813615,31.600446180828246,45.0,45.0,45.0,0,48,0,0.0,1.0,0.0,0,1,14.285714285714285,16.161771501813615,16.161771501813615,"[0.0, 16.161771501813615, -1.0, -5.300000190734863]",4.107142925262451,5.376448154449463,5.376448154449463,3.197533369064331,3.197533369064331,142.99130249023438,5.300000190734863,16161770501808.314,16161770501808.314,lexicographic,,0,0.0,"[0.0, 16.161771501813615, -1.0, -5.300000190734863]","[""ranking_0"", ""ranking_1"", ""ranking_2"", ""ranking_3""]",155.35000610351562,2243.61767578125,17150
2026-05-03T02:31:22Z,57,0,48,48,5.806987762451172,16.068856375558035,31.600446180828246,45.0,45.0,45.0,0,48,0,0.0,1.0,0.0,0,1,14.285714285714285,16.068856375558035,16.068856375558035,"[0.0, 16.068856375558035, -1.0, -5.019999980926514]",4.285714626312256,5.806987762451172,5.806987762451172,3.8979098796844482,3.8979098796844482,140.59913635253906,5.019999980926514,16068855375553.016,16068855375553.016,lexicographic,,0,0.0,"[0.0, 16.068856375558035, -1.0, -5.019999980926514]","[""ranking_0"", ""ranking_1"", ""ranking_2"", ""ranking_3""]",156.3300018310547,2430.84423828125,16695
2026-05-03T02:35:16Z,58,0,48,48,5.985170364379883,15.389317103794642,31.600446180828246,45.0,45.0,45.0,0,48,0,0.0,1.0,0.0,0,1,14.285714285714285,15.389317103794642,15.389317103794642,"[0.0, 15.389317103794642, -1.0, -4.940000057220459]",4.345238208770752,5.985170364379883,5.985170364379883,3.4836156368255615,3.4836156368255615,136.3119354248047,4.940000057220459,15389316103789.703,15389316103789.703,lexicographic,,0,0.0,"[0.0, 15.389317103794642, -1.0, -4.940000057220459]","[""ranking_0"", ""ranking_1"", ""ranking_2"", ""ranking_3""]",157.5800018310547,2524.923828125,17077
2026-05-03T02:38:54Z,59,0,48,48,5.119868755340576,15.664258684430804,31.600446180828246,45.0,45.0,45.0,0,48,0,0.0,1.0,0.0,0,1,14.285714285714285,15.664258684430804,15.664258684430804,"[0.0, 15.664258684430804, -1.0, -4.929999828338623]",3.750000238418579,5.119868755340576,5.119868755340576,3.290580987930298,3.290580987930298,137.71893310546875,4.929999828338623,15664257684425.875,15664257684425.875,lexicographic,,0,0.0,"[0.0, 15.664258684430804, -1.0, -4.929999828338623]","[""ranking_0"", ""ranking_1"", ""ranking_2"", ""ranking_3""]",141.74000549316406,2092.67431640625,15483
2026-05-03T02:42:51Z,60,0,48,48,6.029216766357422,16.220812116350448,31.600446180828246,45.0,45.0,45.0,0,48,0,0.0,1.0,0.0,0,1,14.285714285714285,16.220812116350448,16.220812116350448,"[0.0, 16.220812116350448, -1.0, -5.340000152587891]",4.464285850524902,6.029216766357422,6.029216766357422,3.8366780281066895,3.8366780281066895,143.41929626464844,5.340000152587891,16220811116345.107,16220811116345.107,lexicographic,,0,0.0,"[0.0, 16.220812116350448, -1.0, -5.340000152587891]","[""ranking_0"", ""ranking_1"", ""ranking_2"", ""ranking_3""]",160.36001586914062,2516.68115234375,17266
2026-05-03T02:46:37Z,61,0,48,48,5.4740166664123535,15.947194780622208,31.600446180828246,45.0,45.0,45.0,0,48,0,0.0,1.0,0.0,0,1,14.285714285714285,15.947194780622208,15.947194780622208,"[0.0, 15.947194780622208, -1.0, -5.119999885559082]",4.166666507720947,5.4740166664123535,5.4740166664123535,3.3077147006988525,3.3077147006988525,139.54718017578125,5.119999885559082,15947193780617.09,15947193780617.09,lexicographic,,0,0.0,"[0.0, 15.947194780622208, -1.0, -5.119999885559082]","[""ranking_0"", ""ranking_1"", ""ranking_2"", ""ranking_3""]",149.73001098632812,2214.10693359375,16311
2026-05-03T02:50:29Z,62,0,48,48,5.664621353149414,16.323934282575333,31.600446180828246,45.0,45.0,45.0,0,48,0,0.0,1.0,0.0,0,1,14.285714285714285,16.323934282575333,16.323934282575333,"[0.0, 16.323934282575333, -1.0, -5.510000228881836]",4.404762268066406,5.664621353149414,5.664621353149414,3.481226682662964,3.481226682662964,144.2224578857422,5.510000228881836,16323933282569.824,16323933282569.824,lexicographic,,0,0.0,"[0.0, 16.323934282575333, -1.0, -5.510000228881836]","[""ranking_0"", ""ranking_1"", ""ranking_2"", ""ranking_3""]",155.58999633789062,2350.21337890625,16967
2026-05-03T02:54:07Z,63,0,48,48,4.951767444610596,14.825782775878906,31.600446180828246,45.0,45.0,45.0,0,48,0,0.0,1.0,0.0,0,1,14.285714285714285,14.825782775878906,14.825782775878906,"[0.0, 14.825782775878906, -1.0, -4.849999904632568]",3.5119049549102783,4.951767444610596,4.951767444610596,2.9314794540405273,2.9314794540405273,135.11878967285156,4.849999904632568,14825781775874.057,14825781775874.057,lexicographic,,0,0.0,"[0.0, 14.825782775878906, -1.0, -4.849999904632568]","[""ranking_0"", ""ranking_1"", ""ranking_2"", ""ranking_3""]",141.82000732421875,2007.082763671875,15577
2026-05-03T02:57:52Z,64,0,48,48,5.302586555480957,15.553174700055802,31.600446180828246,45.0,45.0,45.0,0,48,0,0.0,1.0,0.0,0,1,14.285714285714285,15.553174700055802,15.553174700055802,"[0.0, 15.553174700055802, -1.0, -5.019999980926514]",3.8690478801727295,5.302586555480957,5.302586555480957,3.483973264694214,3.483973264694214,137.8794708251953,5.019999980926514,15553173700050.783,15553173700050.783,lexicographic,,0,0.0,"[0.0, 15.553174700055802, -1.0, -5.019999980926514]","[""ranking_0"", ""ranking_1"", ""ranking_2"", ""ranking_3""]",147.8900146484375,2185.10693359375,16229
2026-05-03T03:01:43Z,65,0,48,48,5.815990447998047,15.841195242745535,31.600446180828246,45.0,45.0,45.0,0,48,0,0.0,1.0,0.0,0,1,14.285714285714285,15.841195242745535,15.841195242745535,"[0.0, 15.841195242745535, -1.0, -5.019999980926514]",4.523809909820557,5.815990447998047,5.815990447998047,3.775588274002075,3.775588274002075,141.91287231445312,5.019999980926514,15841194242740.516,15841194242740.516,lexicographic,,0,0.0,"[0.0, 15.841195242745535, -1.0, -5.019999980926514]","[""ranking_0"", ""ranking_1"", ""ranking_2"", ""ranking_3""]",154.36001586914062,2401.1298828125,16684
2026-05-03T03:05:33Z,66,0,48,48,6.061607360839844,15.221246991838727,31.600446180828246,45.0,45.0,45.0,0,48,0,0.0,1.0,0.0,0,1,14.285714285714285,15.221246991838727,15.221246991838727,"[0.0, 15.221246991838727, -1.0, -4.929999828338623]",4.523809909820557,6.061607360839844,6.061607360839844,3.6921443939208984,3.6921443939208984,136.71900939941406,4.929999828338623,15221245991833.797,15221245991833.797,lexicographic,,0,0.0,"[0.0, 15.221246991838727, -1.0, -4.929999828338623]","[""ranking_0"", ""ranking_1"", ""ranking_2"", ""ranking_3""]",153.04000854492188,2550.64013671875,16640
2026-05-03T03:09:17Z,67,0,48,48,5.60098123550415,15.241007123674667,31.600446180828246,45.0,45.0,45.0,0,48,0,0.0,1.0,0.0,0,1,14.285714285714285,15.241007123674667,15.241007123674667,"[0.0, 15.241007123674667, -1.0, -4.75]",4.1666669845581055,5.60098123550415,5.60098123550415,3.636770725250244,3.636770725250244,134.33580017089844,4.75,15241006123669.916,15241006123669.916,lexicographic,,0,0.0,"[0.0, 15.241007123674667, -1.0, -4.75]","[""ranking_0"", ""ranking_1"", ""ranking_2"", ""ranking_3""]",147.86001586914062,2316.470703125,16154
2026-05-03T03:13:06Z,68,0,48,48,5.963670253753662,14.558061872209821,31.600446180828246,45.0,45.0,45.0,0,48,0,0.0,1.0,0.0,0,1,14.285714285714285,14.558061872209821,14.558061872209821,"[0.0, 14.558061872209821, -1.0, -4.849999904632568]",4.523809909820557,5.963670253753662,5.963670253753662,3.887129068374634,3.887129068374634,135.26429748535156,4.849999904632568,14558060872204.97,14558060872204.97,lexicographic,,0,0.0,"[0.0, 14.558061872209821, -1.0, -4.849999904632568]","[""ranking_0"", ""ranking_1"", ""ranking_2"", ""ranking_3""]",152.0,2463.728515625,16585
2026-05-03T03:17:12Z,69,0,48,48,6.168443202972412,29.64578356061663,31.600446180828246,45.0,45.0,45.0,0,48,0,0.0,1.0,0.0,0,1,28.57142857142857,29.64578356061663,29.64578356061663,"[0.0, 29.64578356061663, -1.0, -13.130000114440918]",4.761905193328857,6.168443202972412,6.168443202972412,4.983499050140381,4.983499050140381,300.1650695800781,13.130000114440918,29645782560603.5,29645782560603.5,lexicographic,,0,0.0,"[0.0, 29.64578356061663, -1.0, -13.130000114440918]","[""ranking_0"", ""ranking_1"", ""ranking_2"", ""ranking_3""]",170.02999877929688,2578.02880859375,18485
2026-05-03T03:20:57Z,70,0,48,48,5.063554286956787,14.578726632254465,31.600446180828246,45.0,45.0,45.0,0,48,0,0.0,1.0,0.0,0,1,14.285714285714285,14.578726632254465,14.578726632254465,"[0.0, 14.578726632254465, -1.0, -4.75]",3.690476417541504,5.063554286956787,5.063554286956787,3.1492514610290527,3.1492514610290527,134.8636932373047,4.75,14578725632249.715,14578725632249.715,lexicographic,,0,0.0,"[0.0, 14.578726632254465, -1.0, -4.75]","[""ranking_0"", ""ranking_1"", ""ranking_2"", ""ranking_3""]",148.66000366210938,2085.822021484375,16304
2026-05-03T03:24:43Z,71,0,48,48,6.098251819610596,15.486319405691965,31.600446180828246,45.0,45.0,45.0,0,48,0,0.0,1.0,0.0,0,1,14.285714285714285,15.486319405691965,15.486319405691965,"[0.0, 15.486319405691965, -1.0, -5.170000076293945]",4.940476417541504,6.098251819610596,6.098251819610596,4.1509785652160645,4.1509785652160645,133.58045959472656,5.170000076293945,15486318405686.795,15486318405686.795,lexicographic,,0,0.0,"[0.0, 15.486319405691965, -1.0, -5.170000076293945]","[""ranking_0"", ""ranking_1"", ""ranking_2"", ""ranking_3""]",148.92001342773438,2461.2294921875,16107
2026-05-03T03:28:37Z,72,0,48,48,6.052857875823975,15.40848868233817,31.600446180828246,45.0,45.0,45.0,0,48,0,0.0,1.0,0.0,0,1,14.285714285714285,15.40848868233817,15.40848868233817,"[0.0, 15.40848868233817, -1.0, -5.110000133514404]",4.523809909820557,6.052857875823975,6.052857875823975,3.939624547958374,3.939624547958374,134.79415893554688,5.110000133514404,15408487682333.06,15408487682333.06,lexicographic,,0,0.0,"[0.0, 15.40848868233817, -1.0, -5.110000133514404]","[""ranking_0"", ""ranking_1"", ""ranking_2"", ""ranking_3""]",156.510009765625,2482.98291015625,16376
2026-05-03T03:32:29Z,73,0,48,48,5.548145771026611,15.759119306291852,31.600446180828246,45.0,45.0,45.0,0,48,0,0.0,1.0,0.0,0,1,14.285714285714285,15.759119306291852,15.759119306291852,"[0.0, 15.759119306291852, -1.0, -5.760000228881836]",3.98809552192688,5.548145771026611,5.548145771026611,3.9025330543518066,3.9025330543518066,144.9121551513672,5.760000228881836,15759118306286.092,15759118306286.092,lexicographic,,0,0.0,"[0.0, 15.759119306291852, -1.0, -5.760000228881836]","[""ranking_0"", ""ranking_1"", ""ranking_2"", ""ranking_3""]",155.11000061035156,2282.03857421875,16774
2026-05-03T03:36:14Z,74,0,48,48,5.280874729156494,15.482068743024554,31.600446180828246,45.0,45.0,45.0,0,48,0,0.0,1.0,0.0,0,1,14.285714285714285,15.482068743024554,15.482068743024554,"[0.0, 15.482068743024554, -1.0, -5.570000171661377]",3.75,5.280874729156494,5.280874729156494,3.405822277069092,3.405822277069092,144.75180053710938,5.570000171661377,15482067743018.984,15482067743018.984,lexicographic,,0,0.0,"[0.0, 15.482068743024554, -1.0, -5.570000171661377]","[""ranking_0"", ""ranking_1"", ""ranking_2"", ""ranking_3""]",149.16000366210938,2188.843505859375,16136
2026-05-03T03:40:13Z,75,0,48,48,6.288440704345703,21.18598393031529,31.600446180828246,45.0,45.0,45.0,0,48,0,0.0,1.0,0.0,0,1,20.0,21.18598393031529,21.18598393031529,"[0.0, 21.18598393031529, -1.0, -8.010000228881836]",4.8214287757873535,6.288440704345703,6.288440704345703,4.495848655700684,4.495848655700684,186.30380249023438,8.010000228881836,21185982930307.28,21185982930307.28,lexicographic,,0,0.0,"[0.0, 21.18598393031529, -1.0, -8.010000228881836]","[""ranking_0"", ""ranking_1"", ""ranking_2"", ""ranking_3""]",162.74002075195312,2593.18701171875,17461
2026-05-03T03:44:03Z,76,0,48,48,5.546738147735596,16.751376560756135,31.600446180828246,45.0,45.0,45.0,0,48,0,0.0,1.0,0.0,0,1,14.285714285714285,16.751376560756135,16.751376560756135,"[0.0, 16.751376560756135, -1.0, -7.260000228881836]",4.047619342803955,5.546738147735596,5.546738147735596,3.8768680095672607,3.8768680095672607,151.09999084472656,7.260000228881836,16751375560748.875,16751375560748.875,lexicographic,,0,0.0,"[0.0, 16.751376560756135, -1.0, -7.260000228881836]","[""ranking_0"", ""ranking_1"", ""ranking_2"", ""ranking_3""]",151.57000732421875,2281.6103515625,16228
2026-05-03T03:47:54Z,77,0,48,48,5.75105094909668,22.483288901192804,31.600446180828246,45.0,45.0,45.0,0,48,0,0.0,1.0,0.0,0,1,20.0,22.483288901192804,22.483288901192804,"[0.0, 22.483288901192804, -1.0, -7.730000019073486]",4.22619104385376,5.75105094909668,5.75105094909668,4.536191463470459,4.536191463470459,203.3007049560547,7.730000019073486,22483287901185.074,22483287901185.074,lexicographic,,0,0.0,"[0.0, 22.483288901192804, -1.0, -7.730000019073486]","[""ranking_0"", ""ranking_1"", ""ranking_2"", ""ranking_3""]",154.99000549316406,2389.734619140625,16835
2026-05-03T03:51:50Z,78,0,48,48,6.074995040893555,21.8114253452846,31.600446180828246,45.0,45.0,45.0,0,48,0,0.0,1.0,0.0,0,1,20.0,21.8114253452846,21.8114253452846,"[0.0, 21.8114253452846, -1.0, -8.5600004196167]",4.583333492279053,6.074995040893555,6.074995040893555,4.526036262512207,4.526036262512207,190.92129516601562,8.5600004196167,21811424345276.043,21811424345276.043,lexicographic,,0,0.0,"[0.0, 21.8114253452846, -1.0, -8.5600004196167]","[""ranking_0"", ""ranking_1"", ""ranking_2"", ""ranking_3""]",158.5500030517578,2574.016845703125,17067
2026-05-03T03:55:43Z,79,0,48,48,6.328426361083984,21.777567182268413,31.600446180828246,45.0,45.0,45.0,0,48,0,0.0,1.0,0.0,0,1,20.0,21.777567182268413,21.777567182268413,"[0.0, 21.777567182268413, -1.0, -8.329999923706055]",4.8214287757873535,6.328426361083984,6.328426361083984,4.460936546325684,4.460936546325684,190.5543670654297,8.329999923706055,21777566182260.086,21777566182260.086,lexicographic,,0,0.0,"[0.0, 21.777567182268413, -1.0, -8.329999923706055]","[""ranking_0"", ""ranking_1"", ""ranking_2"", ""ranking_3""]",156.45001220703125,2656.594482421875,16831
2026-05-03T03:59:45Z,80,0,48,48,6.874897003173828,19.266608101981028,31.600446180828246,45.0,45.0,45.0,0,48,0,0.0,1.0,0.0,0,1,17.142857142857142,19.266608101981028,19.266608101981028,"[0.0, 19.266608101981028, -1.0, -6.510000228881836]",5.654762268066406,6.874897003173828,6.874897003173828,4.1133294105529785,4.1133294105529785,196.6118927001953,6.510000228881836,19266607101974.516,19266607101974.516,lexicographic,,0,0.0,"[0.0, 19.266608101981028, -1.0, -6.510000228881836]","[""ranking_0"", ""ranking_1"", ""ranking_2"", ""ranking_3""]",166.02999877929688,2935.77685546875,17709
2026-05-03T04:03:54Z,81,0,48,48,7.137545108795166,21.06024333408901,31.600446180828246,45.0,45.0,45.0,0,48,0,0.0,1.0,0.0,0,1,20.0,21.06024333408901,21.06024333408901,"[0.0, 21.06024333408901, -1.0, -8.3100004196167]",5.654762268066406,7.137545108795166,7.137545108795166,4.789078235626221,4.789078235626221,189.83285522460938,8.3100004196167,21060242334080.7,21060242334080.7,lexicographic,,0,0.0,"[0.0, 21.06024333408901, -1.0, -8.3100004196167]","[""ranking_0"", ""ranking_1"", ""ranking_2"", ""ranking_3""]",171.88999938964844,3074.8330078125,18398
2026-05-03T04:07:59Z,82,0,48,48,6.786384582519531,22.392311096191406,31.600446180828246,45.0,45.0,45.0,0,48,0,0.0,1.0,0.0,0,1,20.0,22.392311096191406,22.392311096191406,"[0.0, 22.392311096191406, -1.0, -7.539999961853027]",5.357143402099609,6.786384582519531,6.786384582519531,5.0405144691467285,5.0405144691467285,203.7128448486328,7.539999961853027,22392310096183.867,22392310096183.867,lexicographic,,0,0.0,"[0.0, 22.392311096191406, -1.0, -7.539999961853027]","[""ranking_0"", ""ranking_1"", ""ranking_2"", ""ranking_3""]",168.83999633789062,2894.373046875,18066
2026-05-03T04:12:08Z,83,0,48,48,6.97333288192749,20.486796242850165,31.600446180828246,45.0,45.0,45.0,0,48,0,0.0,1.0,0.0,0,1,20.0,20.486796242850165,20.486796242850165,"[0.0, 20.486796242850165, -1.0, -8.319999694824219]",5.47619104385376,6.97333288192749,6.97333288192749,4.947943687438965,4.947943687438965,187.2125701904297,8.319999694824219,20486795242841.844,20486795242841.844,lexicographic,,0,0.0,"[0.0, 20.486796242850165, -1.0, -8.319999694824219]","[""ranking_0"", ""ranking_1"", ""ranking_2"", ""ranking_3""]",172.25,2963.201171875,18394
2026-05-03T04:16:20Z,84,0,48,48,6.749933242797852,21.548500061035156,31.600446180828246,45.0,45.0,45.0,0,48,0,0.0,1.0,0.0,0,1,20.0,21.548500061035156,21.548500061035156,"[0.0, 21.548500061035156, -1.0, -8.1899995803833]",5.297619342803955,6.749933242797852,6.749933242797852,5.024590969085693,5.024590969085693,189.57196044921875,8.1899995803833,21548499061026.965,21548499061026.965,lexicographic,,0,0.0,"[0.0, 21.548500061035156, -1.0, -8.1899995803833]","[""ranking_0"", ""ranking_1"", ""ranking_2"", ""ranking_3""]",175.3800048828125,2840.2685546875,18862
2026-05-03T04:20:22Z,85,0,48,48,6.213013172149658,30.062693316740386,31.600446180828246,45.0,45.0,45.0,0,48,0,0.0,1.0,0.0,0,1,28.57142857142857,30.062693316740386,30.062693316740386,"[0.0, 30.062693316740386, -1.0, -14.010000228881836]",4.642857551574707,6.213013172149658,6.213013172149658,5.435299873352051,5.435299873352051,309.7830810546875,14.010000228881836,30062692316726.375,30062692316726.375,lexicographic,,0,0.0,"[0.0, 30.062693316740386, -1.0, -14.010000228881836]","[""ranking_0"", ""ranking_1"", ""ranking_2"", ""ranking_3""]",165.07000732421875,2594.4091796875,17666
2026-05-03T04:24:32Z,86,0,48,48,6.647355556488037,30.02420914978466,31.600446180828246,45.0,45.0,45.0,0,48,0,0.0,1.0,0.0,0,1,28.57142857142857,30.02420914978466,30.02420914978466,"[0.0, 30.02420914978466, -1.0, -16.40999984741211]",5.000000476837158,6.647355556488037,6.647355556488037,5.636155605316162,5.636155605316162,307.2890319824219,16.40999984741211,30024208149768.25,30024208149768.25,lexicographic,,0,0.0,"[0.0, 30.02420914978466, -1.0, -16.40999984741211]","[""ranking_0"", ""ranking_1"", ""ranking_2"", ""ranking_3""]",173.69000244140625,2790.3427734375,18338
2026-05-03T04:28:36Z,87,0,48,48,7.033438205718994,21.629221779959543,31.600446180828246,45.0,45.0,45.0,0,48,0,0.0,1.0,0.0,0,1,20.0,21.629221779959543,21.629221779959543,"[0.0, 21.629221779959543, -1.0, -6.059999942779541]",5.595238208770752,7.033438205718994,7.033438205718994,5.684963226318359,5.684963226318359,192.52676391601562,6.059999942779541,21629220779953.484,21629220779953.484,lexicographic,,0,0.0,"[0.0, 21.629221779959543, -1.0, -6.059999942779541]","[""ranking_0"", ""ranking_1"", ""ranking_2"", ""ranking_3""]",167.80001831054688,2889.1435546875,17731
2026-05-03T04:32:48Z,88,0,48,48,7.176912784576416,20.88428769792829,31.600446180828246,45.0,45.0,45.0,0,48,0,0.0,1.0,0.0,0,1,20.0,20.88428769792829,20.88428769792829,"[0.0, 20.88428769792829, -1.0, -8.25]",5.714285373687744,7.176912784576416,7.176912784576416,5.6799092292785645,5.6799092292785645,196.0710906982422,8.25,20884286697920.04,20884286697920.04,lexicographic,,0,0.0,"[0.0, 20.88428769792829, -1.0, -8.25]","[""ranking_0"", ""ranking_1"", ""ranking_2"", ""ranking_3""]",175.23001098632812,3027.953125,18671
2026-05-03T04:37:26Z,89,0,48,48,8.488411903381348,38.30491202218192,38.30491202218192,45.0,45.0,45.0,0,48,0,0.0,1.0,0.0,0,1,37.142857142857146,38.30491202218192,38.30491202218192,"[0.0, 38.30491202218192, -1.0, -27.360000610351562]",7.38095235824585,8.488411903381348,8.488411903381348,7.219971179962158,7.219971179962158,388.7275390625,27.360000610351562,38304911022154.555,38304911022154.555,lexicographic,,0,0.0,"[0.0, 38.30491202218192, -1.0, -27.360000610351562]","[""ranking_0"", ""ranking_1"", ""ranking_2"", ""ranking_3""]",201.3800048828125,3694.25048828125,21337
2026-05-03T04:42:08Z,90,0,48,48,7.9073486328125,38.56840951102121,38.56840951102121,45.0,45.0,45.0,0,48,0,0.0,1.0,0.0,0,1,37.142857142857146,38.56840951102121,38.56840951102121,"[0.0, 38.56840951102121, -1.0, -26.0]",6.25,7.9073486328125,7.9073486328125,7.3815531730651855,7.3815531730651855,391.375732421875,26.0,38568408510995.21,38568408510995.21,lexicographic,,0,0.0,"[0.0, 38.56840951102121, -1.0, -26.0]","[""ranking_0"", ""ranking_1"", ""ranking_2"", ""ranking_3""]",205.3300018310547,3431.1728515625,21852
2026-05-03T04:47:13Z,91,0,48,48,9.284626007080078,66.34658813476562,66.34658813476562,45.0,45.0,45.0,0,48,0,0.0,1.0,0.0,0,1,65.71428571428571,66.34658813476562,66.34658813476562,"[0.0, 66.34658813476562, -1.0, -27.600000381469727]",7.797618865966797,9.284626007080078,9.284626007080078,11.024888038635254,11.024888038635254,732.15625,27.600000381469727,66346587134738.02,66346587134738.02,lexicographic,,0,0.0,"[0.0, 66.34658813476562, -1.0, -27.600000381469727]","[""ranking_0"", ""ranking_1"", ""ranking_2"", ""ranking_3""]",227.67999267578125,4152.61181640625,24512
2026-05-03T04:51:41Z,92,0,48,48,7.212090969085693,40.01420974731445,66.34658813476562,45.0,45.0,45.0,0,48,0,0.0,1.0,0.0,0,1,40.0,40.01420974731445,40.01420974731445,"[0.0, 40.01420974731445, -1.0, -20.540000915527344]",5.773809909820557,7.212090969085693,7.212090969085693,7.8211445808410645,7.8211445808410645,431.70013427734375,20.540000915527344,40014208747293.914,40014208747293.914,lexicographic,,0,0.0,"[0.0, 40.01420974731445, -1.0, -20.540000915527344]","[""ranking_0"", ""ranking_1"", ""ranking_2"", ""ranking_3""]",191.85000610351562,3139.3515625,20649
2026-05-03T04:56:09Z,93,0,48,48,8.44884967803955,48.57142857142857,66.34658813476562,45.0,45.0,45.0,0,48,0,0.0,1.0,0.0,0,1,45.714285714285715,48.57142857142857,48.57142857142857,"[0.0, 48.57142857142857, -1.0, -15.050000190734863]",6.726190567016602,8.44884967803955,8.44884967803955,8.24850845336914,8.24850845336914,562.0214233398438,15.050000190734863,48571427571413.52,48571427571413.52,lexicographic,,0,0.0,"[0.0, 48.57142857142857, -1.0, -15.050000190734863]","[""ranking_0"", ""ranking_1"", ""ranking_2"", ""ranking_3""]",191.47999572753906,3708.984375,20229
2026-05-03T05:00:45Z,94,0,48,48,8.500073432922363,42.857142857142854,66.34658813476562,45.0,45.0,45.0,0,48,0,0.0,1.0,0.0,0,1,40.0,42.857142857142854,42.857142857142854,"[0.0, 42.857142857142854, -1.0, -14.579999923706055]",7.38095235824585,8.500073432922363,8.500073432922363,8.786688804626465,8.786688804626465,473.68829345703125,14.579999923706055,42857141857128.27,42857141857128.27,lexicographic,,0,0.0,"[0.0, 42.857142857142854, -1.0, -14.579999923706055]","[""ranking_0"", ""ranking_1"", ""ranking_2"", ""ranking_3""]",200.04000854492188,3804.826416015625,21130
2026-05-03T05:05:05Z,95,0,48,48,7.611963748931885,40.872178758893696,66.34658813476562,45.0,45.0,45.0,0,48,0,0.0,1.0,0.0,0,1,40.0,40.872178758893696,40.872178758893696,"[0.0, 40.872178758893696, -1.0, -16.110000610351562]",5.773809909820557,7.611963748931885,7.611963748931885,8.030166625976562,8.030166625976562,443.65667724609375,16.110000610351562,40872177758877.586,40872177758877.586,lexicographic,,0,0.0,"[0.0, 40.872178758893696, -1.0, -16.110000610351562]","[""ranking_0"", ""ranking_1"", ""ranking_2"", ""ranking_3""]",183.23001098632812,3339.009521484375,19259
2026-05-03T05:09:19Z,96,0,48,48,7.049421310424805,39.479015895298545,66.34658813476562,45.0,45.0,45.0,0,48,0,0.0,1.0,0.0,0,1,37.142857142857146,39.479015895298545,39.479015895298545,"[0.0, 39.479015895298545, -1.0, -15.600000381469727]",5.595237731933594,7.049421310424805,7.049421310424805,7.943829536437988,7.943829536437988,429.4761657714844,15.600000381469727,39479014895282.945,39479014895282.945,lexicographic,,0,0.0,"[0.0, 39.479015895298545, -1.0, -15.600000381469727]","[""ranking_0"", ""ranking_1"", ""ranking_2"", ""ranking_3""]",177.9199981689453,3046.09619140625,18689
2026-05-03T05:13:39Z,97,0,48,48,7.603639125823975,39.02790887015207,66.34658813476562,45.0,45.0,45.0,0,48,0,0.0,1.0,0.0,0,1,37.142857142857146,39.02790887015207,39.02790887015207,"[0.0, 39.02790887015207, -1.0, -14.329999923706055]",6.0714287757873535,7.603639125823975,7.603639125823975,6.636861801147461,6.636861801147461,390.40869140625,14.329999923706055,39027907870137.74,39027907870137.74,lexicographic,,0,0.0,"[0.0, 39.02790887015207, -1.0, -14.329999923706055]","[""ranking_0"", ""ranking_1"", ""ranking_2"", ""ranking_3""]",183.5,3244.153564453125,19127
2026-05-03T05:18:04Z,98,0,48,48,7.784881591796875,24.29003590314103,66.34658813476562,45.0,45.0,45.0,0,48,0,0.0,1.0,0.0,0,1,22.857142857142858,24.29003590314103,24.29003590314103,"[0.0, 24.29003590314103, -1.0, -8.949999809265137]",6.36904764175415,7.784881591796875,7.784881591796875,6.399910926818848,6.399910926818848,239.1341094970703,8.949999809265137,24290034903132.08,24290034903132.08,lexicographic,,0,0.0,"[0.0, 24.29003590314103, -1.0, -8.949999809265137]","[""ranking_0"", ""ranking_1"", ""ranking_2"", ""ranking_3""]",187.4600067138672,3295.469482421875,19527
2026-05-03T05:22:51Z,99,0,48,48,8.409530639648438,35.121590750558035,66.34658813476562,45.0,45.0,45.0,0,48,0,0.0,1.0,0.0,0,1,34.285714285714285,35.121590750558035,35.121590750558035,"[0.0, 35.121590750558035, -1.0, -13.109999656677246]",6.726190567016602,8.409530639648438,8.409530639648438,7.332550048828125,7.332550048828125,359.8312072753906,13.109999656677246,35121589750544.926,35121589750544.926,lexicographic,,0,0.0,"[0.0, 35.121590750558035, -1.0, -13.109999656677246]","[""ranking_0"", ""ranking_1"", ""ranking_2"", ""ranking_3""]",210.4600067138672,3647.697021484375,21938
2026-05-03T05:28:33Z,100,0,48,48,9.90170669555664,48.13798903227834,66.34658813476562,45.0,45.0,45.0,0,48,0,0.0,1.0,0.0,0,1,45.714285714285715,48.13798903227834,48.13798903227834,"[0.0, 48.13798903227834, -1.0, -33.33000183105469]",8.273809432983398,9.90170669555664,9.90170669555664,10.339634895324707,10.339634895324707,498.7871398925781,33.33000183105469,48137988032245.016,48137988032245.016,lexicographic,,0,0.0,"[0.0, 48.13798903227834, -1.0, -33.33000183105469]","[""ranking_0"", ""ranking_1"", ""ranking_2"", ""ranking_3""]",265.2799987792969,4353.8037109375,27381
2026-05-03T05:33:56Z,101,0,48,48,10.751503944396973,65.57285853794643,66.34658813476562,45.0,45.0,45.0,0,48,0,0.0,1.0,0.0,0,1,62.857142857142854,65.57285853794643,65.57285853794643,"[0.0, 65.57285853794643, -1.0, -20.049999237060547]",9.226190567016602,10.751503944396973,10.751503944396973,12.19412899017334,12.19412899017334,760.8297729492188,20.049999237060547,65572857537926.38,65572857537926.38,lexicographic,,0,0.0,"[0.0, 65.57285853794643, -1.0, -20.049999237060547]","[""ranking_0"", ""ranking_1"", ""ranking_2"", ""ranking_3""]",246.8699951171875,4879.6455078125,25726
2026-05-03T05:39:21Z,102,0,48,48,9.908244132995605,60.0,66.34658813476562,45.0,45.0,45.0,0,48,0,0.0,1.0,0.0,0,1,57.14285714285714,60.0,60.0,"[0.0, 60.0, -1.0, -22.8700008392334]",8.214285850524902,9.908244132995605,9.908244132995605,11.081149101257324,11.081149101257324,722.2194213867188,22.8700008392334,59999998999977.13,59999998999977.13,lexicographic,,0,0.0,"[0.0, 60.0, -1.0, -22.8700008392334]","[""ranking_0"", ""ranking_1"", ""ranking_2"", ""ranking_3""]",248.0500030517578,4580.384765625,25811
2026-05-03T05:44:20Z,103,0,48,48,8.41439151763916,33.9166259765625,66.34658813476562,45.0,45.0,45.0,0,48,0,0.0,1.0,0.0,0,1,31.428571428571427,33.9166259765625,33.9166259765625,"[0.0, 33.9166259765625, -1.0, -13.170000076293945]",6.964285373687744,8.41439151763916,8.41439151763916,7.928252696990967,7.928252696990967,350.2639465332031,13.170000076293945,33916624976549.33,33916624976549.33,lexicographic,,0,0.0,"[0.0, 33.9166259765625, -1.0, -13.170000076293945]","[""ranking_0"", ""ranking_1"", ""ranking_2"", ""ranking_3""]",222.39999389648438,3759.31396484375,21016
2026-05-03T05:49:07Z,104,0,48,48,8.404598236083984,32.857142857142854,66.34658813476562,45.0,45.0,45.0,0,48,0,0.0,1.0,0.0,0,1,31.428571428571427,32.857142857142854,32.857142857142854,"[0.0, 32.857142857142854, -1.0, -13.739999771118164]",6.726190567016602,8.404598236083984,8.404598236083984,7.057907581329346,7.057907581329346,338.2444152832031,13.739999771118164,32857141857129.117,32857141857129.117,lexicographic,,0,0.0,"[0.0, 32.857142857142854, -1.0, -13.739999771118164]","[""ranking_0"", ""ranking_1"", ""ranking_2"", ""ranking_3""]",210.11000061035156,3647.8291015625,11125
2026-05-03T05:55:12Z,105,0,48,48,11.331562042236328,39.00029591151647,66.34658813476562,45.0,45.0,45.0,0,48,0,0.0,1.0,0.0,0,1,37.142857142857146,39.00029591151647,39.00029591151647,"[0.0, 39.00029591151647, -1.0, -37.86000061035156]",9.702380180358887,11.331562042236328,11.331562042236328,10.168027877807617,10.168027877807617,393.1814880371094,37.86000061035156,39000294911478.61,39000294911478.61,lexicographic,,0,0.0,"[0.0, 39.00029591151647, -1.0, -37.86000061035156]","[""ranking_0"", ""ranking_1"", ""ranking_2"", ""ranking_3""]",288.0199890136719,5058.2177734375,15490
2026-05-03T06:01:51Z,106,0,48,48,12.675655364990234,62.86180223737444,66.34658813476562,45.0,45.0,45.0,0,48,0,0.0,1.0,0.0,0,1,62.857142857142854,62.86180223737444,62.86180223737444,"[0.0, 62.86180223737444, -1.0, -44.939998626708984]",11.071429252624512,12.675655364990234,12.675655364990234,13.678098678588867,13.678098678588867,672.3458251953125,44.939998626708984,62861801237329.5,62861801237329.5,lexicographic,,0,0.0,"[0.0, 62.86180223737444, -1.0, -44.939998626708984]","[""ranking_0"", ""ranking_1"", ""ranking_2"", ""ranking_3""]",323.2099914550781,5861.322265625,33365
2026-05-03T06:08:22Z,107,0,48,48,11.537863731384277,75.65362657819476,75.65362657819476,45.0,45.0,45.0,0,48,0,0.0,1.0,0.0,0,1,74.28571428571429,75.65362657819476,75.65362657819476,"[0.0, 75.65362657819476, -1.0, -34.02000045776367]",10.119047164916992,11.537863731384277,11.537863731384277,12.933856010437012,12.933856010437012,882.8296508789062,34.02000045776367,75653625578160.75,75653625578160.75,lexicographic,,0,0.0,"[0.0, 75.65362657819476, -1.0, -34.02000045776367]","[""ranking_0"", ""ranking_1"", ""ranking_2"", ""ranking_3""]",314.52001953125,5350.0498046875,32222
2026-05-03T06:16:42Z,108,0,48,48,15.733809471130371,64.28571428571429,75.65362657819476,45.0,45.0,45.0,0,48,0,0.0,1.0,0.0,0,1,62.857142857142854,64.28571428571429,64.28571428571429,"[0.0, 64.28571428571429, -1.0, -37.54999923706055]",14.226189613342285,15.733809471130371,15.733809471130371,15.165199279785156,15.165199279785156,717.94775390625,37.54999923706055,64285713285676.74,64285713285676.74,lexicographic,,0,0.0,"[0.0, 64.28571428571429, -1.0, -37.54999923706055]","[""ranking_0"", ""ranking_1"", ""ranking_2"", ""ranking_3""]",423.3900146484375,7339.88525390625,44276
2026-05-03T06:24:21Z,109,0,48,48,16.770055770874023,70.85227966308594,75.65362657819476,45.0,45.0,45.0,0,48,0,0.0,1.0,0.0,0,1,68.57142857142857,70.85227966308594,70.85227966308594,"[0.0, 70.85227966308594, -1.0, -30.920000076293945]",15.2380952835083,16.770055770874023,16.770055770874023,17.55624771118164,17.55624771118164,845.272216796875,30.920000076293945,70852278663055.02,70852278663055.02,lexicographic,,0,0.0,"[0.0, 70.85227966308594, -1.0, -30.920000076293945]","[""ranking_0"", ""ranking_1"", ""ranking_2"", ""ranking_3""]",381.72998046875,8013.90771484375,39634
2026-05-03T06:31:32Z,110,0,48,48,15.757771492004395,66.73678806849888,75.65362657819476,45.0,45.0,45.0,0,48,0,0.0,1.0,0.0,0,1,65.71428571428571,66.73678806849888,66.73678806849888,"[0.0, 66.73678806849888, -1.0, -21.860000610351562]",14.226191520690918,15.757771492004395,15.757771492004395,17.604459762573242,17.604459762573242,757.0798950195312,21.860000610351562,66736787068477.02,66736787068477.02,lexicographic,,0,0.0,"[0.0, 66.73678806849888, -1.0, -21.860000610351562]","[""ranking_0"", ""ranking_1"", ""ranking_2"", ""ranking_3""]",354.5,7617.78076171875,35923
2026-05-03T06:37:53Z,111,0,48,48,14.525420188903809,75.67483629499164,75.67483629499164,45.0,45.0,45.0,0,48,0,0.0,1.0,0.0,0,1,74.28571428571429,75.67483629499164,75.67483629499164,"[0.0, 75.67483629499164, -1.0, -29.969999313354492]",12.976189613342285,14.525420188903809,14.525420188903809,18.578094482421875,18.578094482421875,901.8521728515625,29.969999313354492,75674835294961.67,75674835294961.67,lexicographic,,0,0.0,"[0.0, 75.67483629499164, -1.0, -29.969999313354492]","[""ranking_0"", ""ranking_1"", ""ranking_2"", ""ranking_3""]",303.9100036621094,7142.00048828125,31392
2026-05-03T06:46:11Z,112,0,48,48,18.344083786010742,75.63695635114397,75.67483629499164,45.0,45.0,45.0,0,47,1,0.0,0.9791666666666666,0.020833333333333332,0,1,74.28571428571429,75.63695635114397,75.63695635114397,"[0.0, 75.63695635114397, -1.0, -32.20000076293945]",16.78571319580078,18.344083786010742,18.344083786010742,21.26850700378418,21.26850700378418,886.7527465820312,32.20000076293945,75636955351111.77,75636955351111.77,lexicographic,,0,0.0,"[0.0, 75.63695635114397, -1.0, -32.20000076293945]","[""ranking_0"", ""ranking_1"", ""ranking_2"", ""ranking_3""]",421.90997314453125,9021.5859375,44140
2026-05-03T06:53:20Z,113,0,48,48,15.582600593566895,79.40321241106307,79.40321241106307,45.0,45.0,45.0,0,47,1,0.0,0.9791666666666666,0.020833333333333332,0,0,77.14285714285715,79.40321241106307,79.40321241106307,"[0.0, 79.40321241106307, -0.0, -45.0]",14.166665077209473,15.582600593566895,15.582600593566895,18.91050148010254,18.91050148010254,914.5910034179688,45.0,79403212411018.06,79403212411018.06,lexicographic,,0,0.0,"[0.0, 79.40321241106307, -0.0, -45.0]","[""ranking_0"", ""ranking_1"", ""ranking_2"", ""ranking_3""]",352.0299987792969,7469.32958984375,36797
2026-05-03T07:00:18Z,114,0,48,48,14.416816711425781,78.12847137451172,79.40321241106307,45.0,45.0,45.0,0,48,0,0.0,1.0,0.0,0,1,77.14285714285715,78.12847137451172,78.12847137451172,"[0.0, 78.12847137451172, -1.0, -22.260000228881836]",12.797618865966797,14.416816711425781,14.416816711425781,16.340709686279297,16.340709686279297,902.921142578125,22.260000228881836,78128470374489.45,78128470374489.45,lexicographic,,0,0.0,"[0.0, 78.12847137451172, -1.0, -22.260000228881836]","[""ranking_0"", ""ranking_1"", ""ranking_2"", ""ranking_3""]",341.41998291015625,6830.73779296875,35444
2026-05-03T07:07:55Z,115,0,48,48,15.181445121765137,70.34053802490234,79.40321241106307,45.0,45.0,45.0,0,47,1,0.0,0.9791666666666666,0.020833333333333332,0,0,68.57142857142857,70.34053802490234,70.34053802490234,"[0.0, 70.34053802490234, -0.0, -45.0]",13.75,15.181445121765137,15.181445121765137,14.973359107971191,14.973359107971191,822.0428466796875,45.0,70340538024857.34,70340538024857.34,lexicographic,,0,0.0,"[0.0, 70.34053802490234, -0.0, -45.0]","[""ranking_0"", ""ranking_1"", ""ranking_2"", ""ranking_3""]",380.4599914550781,7150.6337890625,39584
2026-05-03T07:15:08Z,116,0,48,48,15.713582038879395,76.94014957972935,79.40321241106307,45.0,45.0,45.0,0,47,1,0.0,0.9791666666666666,0.020833333333333332,0,1,74.28571428571429,76.94014957972935,76.94014957972935,"[0.0, 76.94014957972935, -1.0, -24.540000915527344]",14.107142448425293,15.713582038879395,15.713582038879395,16.867475509643555,16.867475509643555,888.1043701171875,24.540000915527344,76940148579704.8,76940148579704.8,lexicographic,,0,0.0,"[0.0, 76.94014957972935, -1.0, -24.540000915527344]","[""ranking_0"", ""ranking_1"", ""ranking_2"", ""ranking_3""]",355.5899963378906,7440.435546875,29881
2026-05-03T07:21:31Z,117,0,48,48,13.951851844787598,77.66338893345423,79.40321241106307,45.0,45.0,45.0,0,48,0,0.0,1.0,0.0,0,1,77.14285714285715,77.66338893345423,77.66338893345423,"[0.0, 77.66338893345423, -1.0, -24.530000686645508]",12.5,13.951851844787598,13.951851844787598,15.929720878601074,15.929720878601074,890.9273681640625,24.530000686645508,77663387933429.7,77663387933429.7,lexicographic,,0,0.0,"[0.0, 77.66338893345423, -1.0, -24.530000686645508]","[""ranking_0"", ""ranking_1"", ""ranking_2"", ""ranking_3""]",306.0199890136719,6580.76806640625,16188
2026-05-03T07:27:00Z,118,0,48,48,11.653246879577637,77.27049691336495,79.40321241106307,45.0,45.0,45.0,0,48,0,0.0,1.0,0.0,0,1,77.14285714285715,77.27049691336495,77.27049691336495,"[0.0, 77.27049691336495, -1.0, -24.81999969482422]",9.821428298950195,11.653246879577637,11.653246879577637,12.695768356323242,12.695768356323242,887.6079711914062,24.81999969482422,77270495913340.14,77270495913340.14,lexicographic,,0,0.0,"[0.0, 77.27049691336495, -1.0, -24.81999969482422]","[""ranking_0"", ""ranking_1"", ""ranking_2"", ""ranking_3""]",251.9199981689453,5297.91552734375,14101
2026-05-03T07:33:56Z,119,0,48,48,16.63731575012207,76.98203495570591,79.40321241106307,45.0,45.0,45.0,0,48,0,0.0,1.0,0.0,0,1,74.28571428571429,76.98203495570591,76.98203495570591,"[0.0, 76.98203495570591, -1.0, -25.31999969482422]",14.999999046325684,16.63731575012207,16.63731575012207,15.504412651062012,15.504412651062012,891.2645874023438,25.31999969482422,76982033955680.6,76982033955680.6,lexicographic,,0,0.0,"[0.0, 76.98203495570591, -1.0, -25.31999969482422]","[""ranking_0"", ""ranking_1"", ""ranking_2"", ""ranking_3""]",339.2099914550781,7958.48291015625,17545
2026-05-03T07:41:29Z,120,0,48,48,19.53172492980957,100.0,100.0,44.708126068115234,30.989999771118164,30.989999771118164,1,47,0,0.020833333333333332,0.9791666666666666,0.0,1,0,100.0,100.0,100.0,"[1.0, 100.0, -0.0, -30.989999771118164]",18.03571319580078,19.53172492980957,19.53172492980957,20.089506149291992,20.089506149291992,1246.2098388671875,30.989999771118164,1.0001e+18,1.0001e+18,lexicographic,,0,0.0,"[1.0, 100.0, -0.0, -30.989999771118164]","[""ranking_0"", ""ranking_1"", ""ranking_2"", ""ranking_3""]",374.22998046875,9636.421875,19429
2026-05-03T07:48:25Z,121,0,48,48,17.795251846313477,77.74393354143415,100.0,45.0,45.0,30.989999771118164,0,48,0,0.0,1.0,0.0,0,1,77.14285714285715,77.74393354143415,77.74393354143415,"[0.0, 77.74393354143415, -1.0, -24.549999237060547]",15.952380180358887,17.795251846313477,17.795251846313477,18.4694766998291,18.4694766998291,890.7337036132812,24.549999237060547,77743932541409.6,77743932541409.6,lexicographic,,0,0.0,"[0.0, 77.74393354143415, -1.0, -24.549999237060547]","[""ranking_0"", ""ranking_1"", ""ranking_2"", ""ranking_3""]",338.83001708984375,8708.654296875,17385
2026-05-03T07:55:21Z,122,0,48,48,18.04933738708496,77.63573237827845,100.0,45.0,45.0,30.989999771118164,0,48,0,0.0,1.0,0.0,0,1,77.14285714285715,77.63573237827845,77.63573237827845,"[0.0, 77.63573237827845, -1.0, -24.940000534057617]",16.369047164916992,18.04933738708496,18.04933738708496,17.788421630859375,17.788421630859375,890.0068969726562,24.940000534057617,77635731378253.52,77635731378253.52,lexicographic,,0,0.0,"[0.0, 77.63573237827845, -1.0, -24.940000534057617]","[""ranking_0"", ""ranking_1"", ""ranking_2"", ""ranking_3""]",339.3599853515625,8768.9482421875,21031
2026-05-03T08:02:55Z,123,0,48,48,19.456071853637695,76.48687635149275,100.0,45.0,45.0,30.989999771118164,0,48,0,0.0,1.0,0.0,0,1,74.28571428571429,76.48687635149275,76.48687635149275,"[0.0, 76.48687635149275, -1.0, -24.280000686645508]",17.91666603088379,19.456071853637695,19.456071853637695,20.512048721313477,20.512048721313477,886.1973266601562,24.280000686645508,76486875351468.47,76486875351468.47,lexicographic,,0,0.0,"[0.0, 76.48687635149275, -1.0, -24.280000686645508]","[""ranking_0"", ""ranking_1"", ""ranking_2"", ""ranking_3""]",377.79998779296875,9626.6015625,25634
2026-05-03T08:09:18Z,124,0,48,48,15.4624662399292,77.02538626534599,100.0,45.0,45.0,30.989999771118164,0,48,0,0.0,1.0,0.0,0,1,74.28571428571429,77.02538626534599,77.02538626534599,"[0.0, 77.02538626534599, -1.0, -24.479999542236328]",13.928570747375488,15.4624662399292,15.4624662399292,16.818870544433594,16.818870544433594,886.38818359375,24.479999542236328,77025385265321.5,77025385265321.5,lexicographic,,0,0.0,"[0.0, 77.02538626534599, -1.0, -24.479999542236328]","[""ranking_0"", ""ranking_1"", ""ranking_2"", ""ranking_3""]",305.17999267578125,7312.0849609375,16306
2026-05-03T08:16:03Z,125,0,48,48,16.967065811157227,100.0,100.0,44.696044921875,30.40999984741211,30.40999984741211,1,47,0,0.020833333333333332,0.9791666666666666,0.0,1,0,100.0,100.0,100.0,"[1.0, 100.0, -0.0, -30.40999984741211]",15.357142448425293,16.967065811157227,16.967065811157227,18.902664184570312,18.902664184570312,1229.2384033203125,30.40999984741211,1.0001e+18,1.0001e+18,lexicographic,,0,0.0,"[1.0, 100.0, -0.0, -30.40999984741211]","[""ranking_0"", ""ranking_1"", ""ranking_2"", ""ranking_3""]",326.9100036621094,8163.546875,17490
2026-05-03T08:22:31Z,126,0,48,48,16.30071258544922,77.27010999407086,100.0,45.0,45.0,30.40999984741211,0,48,0,0.0,1.0,0.0,0,1,77.14285714285715,77.27010999407086,77.27010999407086,"[0.0, 77.27010999407086, -1.0, -24.030000686645508]",14.821427345275879,16.30071258544922,16.30071258544922,18.218273162841797,18.218273162841797,891.8005981445312,24.030000686645508,77270108994046.83,77270108994046.83,lexicographic,,0,0.0,"[0.0, 77.27010999407086, -1.0, -24.030000686645508]","[""ranking_0"", ""ranking_1"", ""ranking_2"", ""ranking_3""]",310.67999267578125,7773.59912109375,16544
2026-05-03T08:28:51Z,127,0,48,48,16.26781463623047,77.3807144165039,100.0,45.0,45.0,30.40999984741211,0,48,0,0.0,1.0,0.0,0,1,77.14285714285715,77.3807144165039,77.3807144165039,"[0.0, 77.3807144165039, -1.0, -24.68000030517578]",14.64285659790039,16.26781463623047,16.26781463623047,17.8942928314209,17.8942928314209,888.53125,24.68000030517578,77380713416479.22,77380713416479.22,lexicographic,,0,0.0,"[0.0, 77.3807144165039, -1.0, -24.68000030517578]","[""ranking_0"", ""ranking_1"", ""ranking_2"", ""ranking_3""]",303.2699890136719,7733.81884765625,16208
2026-05-03T08:35:00Z,128,0,48,48,16.405250549316406,76.96285247802734,100.0,45.0,45.0,30.40999984741211,0,48,0,0.0,1.0,0.0,0,1,74.28571428571429,76.96285247802734,76.96285247802734,"[0.0, 76.96285247802734, -1.0, -24.520000457763672]",14.702380180358887,16.405250549316406,16.405250549316406,18.761354446411133,18.761354446411133,884.7781372070312,24.520000457763672,76962851478002.83,76962851478002.83,lexicographic,,0,0.0,"[0.0, 76.96285247802734, -1.0, -24.520000457763672]","[""ranking_0"", ""ranking_1"", ""ranking_2"", ""ranking_3""]",292.3499755859375,7838.11962890625,15610
2026-05-03T08:41:10Z,129,0,48,48,16.45341682434082,77.26139068603516,100.0,45.0,45.0,30.40999984741211,0,48,0,0.0,1.0,0.0,0,1,77.14285714285715,77.26139068603516,77.26139068603516,"[0.0, 77.26139068603516, -1.0, -24.299999237060547]",14.999999046325684,16.45341682434082,16.45341682434082,17.13118553161621,17.13118553161621,887.186767578125,24.299999237060547,77261389686010.86,77261389686010.86,lexicographic,,0,0.0,"[0.0, 77.26139068603516, -1.0, -24.299999237060547]","[""ranking_0"", ""ranking_1"", ""ranking_2"", ""ranking_3""]",292.6100158691406,7852.37109375,14594
2026-05-03T08:47:47Z,130,0,48,48,17.099567413330078,100.0,100.0,44.898956298828125,40.150001525878906,30.40999984741211,1,47,0,0.020833333333333332,0.9791666666666666,0.0,1,0,100.0,100.0,100.0,"[1.0, 100.0, -0.0, -40.150001525878906]",15.476189613342285,17.099567413330078,17.099567413330078,19.43972396850586,19.43972396850586,1190.1363525390625,40.150001525878906,1.0001e+18,1.0001e+18,lexicographic,,0,0.0,"[1.0, 100.0, -0.0, -40.150001525878906]","[""ranking_0"", ""ranking_1"", ""ranking_2"", ""ranking_3""]",318.80999755859375,8247.5419921875,21536
2026-05-03T08:54:55Z,131,0,48,48,18.72159767150879,77.30838775634766,100.0,45.0,45.0,30.40999984741211,0,48,0,0.0,1.0,0.0,0,1,77.14285714285715,77.30838775634766,77.30838775634766,"[0.0, 77.30838775634766, -1.0, -24.270000457763672]",17.321428298950195,18.72159767150879,18.72159767150879,21.319185256958008,21.319185256958008,890.1901245117188,24.270000457763672,77308386756323.39,77308386756323.39,lexicographic,,0,0.0,"[0.0, 77.30838775634766, -1.0, -24.270000457763672]","[""ranking_0"", ""ranking_1"", ""ranking_2"", ""ranking_3""]",350.9599914550781,9309.544921875,24149
2026-05-03T09:01:21Z,132,0,48,48,16.688133239746094,76.9921657017299,100.0,45.0,45.0,30.40999984741211,0,48,0,0.0,1.0,0.0,0,1,74.28571428571429,76.9921657017299,76.9921657017299,"[0.0, 76.9921657017299, -1.0, -24.469999313354492]",15.119046211242676,16.688133239746094,16.688133239746094,17.582109451293945,17.582109451293945,890.1388549804688,24.469999313354492,76992164701705.44,76992164701705.44,lexicographic,,0,0.0,"[0.0, 76.9921657017299, -1.0, -24.469999313354492]","[""ranking_0"", ""ranking_1"", ""ranking_2"", ""ranking_3""]",308.4499816894531,8164.7666015625,16453
2026-05-03T09:09:39Z,133,0,48,48,21.728628158569336,84.66118403843471,100.0,45.0,45.0,30.40999984741211,0,47,1,0.0,0.9791666666666666,0.020833333333333332,0,0,82.85714285714286,84.66118403843471,84.66118403843471,"[0.0, 84.66118403843471, -0.0, -45.0099983215332]",20.297618865966797,21.728628158569336,21.728628158569336,20.65973663330078,20.65973663330078,1006.0653686523438,45.0099983215332,84661184038389.7,84661184038389.7,lexicographic,,0,0.0,"[0.0, 84.66118403843471, -0.0, -45.0099983215332]","[""ranking_0"", ""ranking_1"", ""ranking_2"", ""ranking_3""]",421.1300048828125,10757.58203125,22487
2026-05-03T09:16:57Z,134,0,48,48,18.14454460144043,84.97720990862166,100.0,45.0,45.0,30.40999984741211,0,47,1,0.0,0.9791666666666666,0.020833333333333332,0,0,82.85714285714286,84.97720990862166,84.97720990862166,"[0.0, 84.97720990862166, -0.0, -45.0099983215332]",16.607141494750977,18.14454460144043,18.14454460144043,20.966670989990234,20.966670989990234,1009.7443237304688,45.0099983215332,84977209908576.64,84977209908576.64,lexicographic,,0,0.0,"[0.0, 84.97720990862166, -0.0, -45.0099983215332]","[""ranking_0"", ""ranking_1"", ""ranking_2"", ""ranking_3""]",360.8800048828125,8961.48828125,25666
2026-05-03T09:23:19Z,135,0,48,48,16.29506492614746,76.42651694161552,100.0,45.0,45.0,30.40999984741211,0,48,0,0.0,1.0,0.0,0,1,74.28571428571429,76.42651694161552,76.42651694161552,"[0.0, 76.42651694161552, -1.0, -24.889999389648438]",14.880950927734375,16.29506492614746,16.29506492614746,13.763364791870117,13.763364791870117,888.8054809570312,24.889999389648438,76426515941590.62,76426515941590.62,lexicographic,,0,0.0,"[0.0, 76.42651694161552, -1.0, -24.889999389648438]","[""ranking_0"", ""ranking_1"", ""ranking_2"", ""ranking_3""]",304.95001220703125,7711.50390625,19464
