timestamp_utc,generation,cached_evaluations,evaluated_count,population_size,current_mutation_prob,current_mutation_sigma,mutation_decay_trigger,mutation_decay_active,mutation_decay_trigger_generation,effective_mutation_prob_decay,effective_mutation_sigma_decay,dist_avg,dist_best_gen,dist_best_global,time_avg,time_best_gen,time_best_global,finish_count,crash_count,timeout_count,finish_rate,crash_rate,timeout_rate,best_finished,best_crashes,best_progress,best_block_progress,best_ranking_progress,best_ranking_key,mean_progress,mean_block_progress,mean_ranking_progress,std_progress,std_ranking_progress,best_distance,best_time,best_reward,best_fitness,selection_mode,front0_size,best_selection_rank,best_selection_crowding,best_selection_objectives,selection_objective_names,virtual_time_sum,virtual_distance_sum,evaluation_steps_sum
2026-05-07T07:09:25Z,1,0,48,48,0.15,0.3,first_finish,0,,1.0,1.0,23.358713150024414,45.95528627053285,45.95528627053285,45.0,45.0,45.0,0,48,0,0.0,1.0,0.0,0,1,45.95528627053285,43.58974358974359,45.95528627053285,"[0.0, 45.95528627053285, -13.720000267028809, -1.0]",23.358713150024414,21.901708602905273,23.358713150024414,14.699037551879883,14.699037551879883,666.8963623046875,13.720000267028809,45955272550531.586,45955272550531.586,lexicographic,,0,0.0,"[0.0, 45.95528627053285, -13.720000267028809, -1.0]","[""ranking_0"", ""ranking_1"", ""ranking_2"", ""ranking_3""]",342.66998291015625,15141.6337890625,34775
2026-05-07T07:12:16Z,2,2,46,48,0.15,0.3,first_finish,0,,1.0,1.0,5.34332799911499,45.95528627053285,45.95528627053285,45.0,45.0,45.0,0,48,0,0.0,1.0,0.0,0,1,45.95528627053285,43.58974358974359,45.95528627053285,"[0.0, 45.95528627053285, -13.720000267028809, -1.0]",5.34332799911499,3.6858971118927,5.34332799911499,7.962678909301758,7.962678909301758,666.8963623046875,13.720000267028809,45955272550531.586,45955272550531.586,lexicographic,,0,0.0,"[0.0, 45.95528627053285, -13.720000267028809, -1.0]","[""ranking_0"", ""ranking_1"", ""ranking_2"", ""ranking_3""]",122.37999725341797,2786.96630859375,12633
2026-05-07T07:15:18Z,3,2,46,48,0.15,0.3,first_finish,0,,1.0,1.0,6.208333492279053,45.95528627053285,45.95528627053285,45.0,45.0,45.0,0,48,0,0.0,1.0,0.0,0,1,45.95528627053285,43.58974358974359,45.95528627053285,"[0.0, 45.95528627053285, -13.720000267028809, -1.0]",6.208333492279053,4.754273891448975,6.208333492279053,8.237327575683594,8.237327575683594,666.8963623046875,13.720000267028809,45955272550531.586,45955272550531.586,lexicographic,,0,0.0,"[0.0, 45.95528627053285, -13.720000267028809, -1.0]","[""ranking_0"", ""ranking_1"", ""ranking_2"", ""ranking_3""]",133.38999938964844,3217.97265625,13618
2026-05-07T07:18:23Z,4,2,46,48,0.15,0.3,first_finish,0,,1.0,1.0,6.275859355926514,45.95528627053285,45.95528627053285,45.0,45.0,45.0,0,48,0,0.0,1.0,0.0,0,1,45.95528627053285,43.58974358974359,45.95528627053285,"[0.0, 45.95528627053285, -13.720000267028809, -1.0]",6.275859355926514,4.861111164093018,6.275859355926514,8.156648635864258,8.156648635864258,666.8963623046875,13.720000267028809,45955272550531.586,45955272550531.586,lexicographic,,0,0.0,"[0.0, 45.95528627053285, -13.720000267028809, -1.0]","[""ranking_0"", ""ranking_1"", ""ranking_2"", ""ranking_3""]",135.66000366210938,3274.4404296875,13704
2026-05-07T07:21:30Z,5,2,46,48,0.15,0.3,first_finish,0,,1.0,1.0,6.378260135650635,45.95528627053285,45.95528627053285,45.0,45.0,45.0,0,48,0,0.0,1.0,0.0,0,1,45.95528627053285,43.58974358974359,45.95528627053285,"[0.0, 45.95528627053285, -13.720000267028809, -1.0]",6.378260135650635,5.07478666305542,6.378260135650635,7.955404758453369,7.955404758453369,666.8963623046875,13.720000267028809,45955272550531.586,45955272550531.586,lexicographic,,0,0.0,"[0.0, 45.95528627053285, -13.720000267028809, -1.0]","[""ranking_0"", ""ranking_1"", ""ranking_2"", ""ranking_3""]",137.72000122070312,3315.0341796875,14176
2026-05-07T07:24:31Z,6,2,46,48,0.15,0.3,first_finish,0,,1.0,1.0,6.03024435043335,45.95528627053285,45.95528627053285,45.0,45.0,45.0,0,48,0,0.0,1.0,0.0,0,1,45.95528627053285,43.58974358974359,45.95528627053285,"[0.0, 45.95528627053285, -13.720000267028809, -1.0]",6.03024435043335,4.594017028808594,6.03024435043335,8.00022029876709,8.00022029876709,666.8963623046875,13.720000267028809,45955272550531.586,45955272550531.586,lexicographic,,0,0.0,"[0.0, 45.95528627053285, -13.720000267028809, -1.0]","[""ranking_0"", ""ranking_1"", ""ranking_2"", ""ranking_3""]",132.67999267578125,3131.919189453125,13508
2026-05-07T07:27:27Z,7,2,46,48,0.15,0.3,first_finish,0,,1.0,1.0,5.585331439971924,45.95528627053285,45.95528627053285,45.0,45.0,45.0,0,48,0,0.0,1.0,0.0,0,1,45.95528627053285,43.58974358974359,45.95528627053285,"[0.0, 45.95528627053285, -13.720000267028809, -1.0]",5.585331439971924,4.059829235076904,5.585331439971924,7.97357177734375,7.97357177734375,666.8963623046875,13.720000267028809,45955272550531.586,45955272550531.586,lexicographic,,0,0.0,"[0.0, 45.95528627053285, -13.720000267028809, -1.0]","[""ranking_0"", ""ranking_1"", ""ranking_2"", ""ranking_3""]",126.0199966430664,2902.716796875,12879
2026-05-07T07:30:26Z,8,2,46,48,0.15,0.3,first_finish,0,,1.0,1.0,5.949277400970459,45.95528627053285,45.95528627053285,45.0,45.0,45.0,0,48,0,0.0,1.0,0.0,0,1,45.95528627053285,43.58974358974359,45.95528627053285,"[0.0, 45.95528627053285, -13.720000267028809, -1.0]",5.949277400970459,4.433760166168213,5.949277400970459,8.124543190002441,8.124543190002441,666.8963623046875,13.720000267028809,45955272550531.586,45955272550531.586,lexicographic,,0,0.0,"[0.0, 45.95528627053285, -13.720000267028809, -1.0]","[""ranking_0"", ""ranking_1"", ""ranking_2"", ""ranking_3""]",130.5399932861328,3071.07568359375,13241
2026-05-07T07:33:27Z,9,2,46,48,0.15,0.3,first_finish,0,,1.0,1.0,5.821529388427734,45.95528627053285,45.95528627053285,45.0,45.0,45.0,0,48,0,0.0,1.0,0.0,0,1,45.95528627053285,43.58974358974359,45.95528627053285,"[0.0, 45.95528627053285, -13.720000267028809, -1.0]",5.821529388427734,4.166666507720947,5.821529388427734,7.93215799331665,7.93215799331665,666.8963623046875,13.720000267028809,45955272550531.586,45955272550531.586,lexicographic,,0,0.0,"[0.0, 45.95528627053285, -13.720000267028809, -1.0]","[""ranking_0"", ""ranking_1"", ""ranking_2"", ""ranking_3""]",131.16000366210938,3064.0009765625,13330
2026-05-07T07:36:22Z,10,2,46,48,0.15,0.3,first_finish,0,,1.0,1.0,5.71188497543335,45.95528627053285,45.95528627053285,45.0,45.0,45.0,0,48,0,0.0,1.0,0.0,0,1,45.95528627053285,43.58974358974359,45.95528627053285,"[0.0, 45.95528627053285, -13.720000267028809, -1.0]",5.71188497543335,4.166666507720947,5.71188497543335,8.128992080688477,8.128992080688477,666.8963623046875,13.720000267028809,45955272550531.586,45955272550531.586,lexicographic,,0,0.0,"[0.0, 45.95528627053285, -13.720000267028809, -1.0]","[""ranking_0"", ""ranking_1"", ""ranking_2"", ""ranking_3""]",127.18000793457031,2981.032958984375,13071
2026-05-07T07:39:18Z,11,2,46,48,0.15,0.3,first_finish,0,,1.0,1.0,5.662201404571533,45.95528627053285,45.95528627053285,45.0,45.0,45.0,0,48,0,0.0,1.0,0.0,0,1,45.95528627053285,43.58974358974359,45.95528627053285,"[0.0, 45.95528627053285, -13.720000267028809, -1.0]",5.662201404571533,4.326923370361328,5.662201404571533,8.02319049835205,8.02319049835205,666.8963623046875,13.720000267028809,45955272550531.586,45955272550531.586,lexicographic,,0,0.0,"[0.0, 45.95528627053285, -13.720000267028809, -1.0]","[""ranking_0"", ""ranking_1"", ""ranking_2"", ""ranking_3""]",127.0,2957.06591796875,12862
2026-05-07T07:42:27Z,12,2,46,48,0.15,0.3,first_finish,0,,1.0,1.0,6.531496524810791,45.95528627053285,45.95528627053285,45.0,45.0,45.0,0,48,0,0.0,1.0,0.0,0,1,45.95528627053285,43.58974358974359,45.95528627053285,"[0.0, 45.95528627053285, -13.720000267028809, -1.0]",6.531496524810791,4.914529800415039,6.531496524810791,8.251596450805664,8.251596450805664,666.8963623046875,13.720000267028809,45955272550531.586,45955272550531.586,lexicographic,,0,0.0,"[0.0, 45.95528627053285, -13.720000267028809, -1.0]","[""ranking_0"", ""ranking_1"", ""ranking_2"", ""ranking_3""]",140.02999877929688,3437.760009765625,14261
2026-05-07T07:45:31Z,13,2,46,48,0.15,0.3,first_finish,0,,1.0,1.0,6.237115383148193,45.95528627053285,45.95528627053285,45.0,45.0,45.0,0,48,0,0.0,1.0,0.0,0,1,45.95528627053285,43.58974358974359,45.95528627053285,"[0.0, 45.95528627053285, -13.720000267028809, -1.0]",6.237115383148193,4.807692050933838,6.237115383148193,7.964069843292236,7.964069843292236,666.8963623046875,13.720000267028809,45955272550531.586,45955272550531.586,lexicographic,,0,0.0,"[0.0, 45.95528627053285, -13.720000267028809, -1.0]","[""ranking_0"", ""ranking_1"", ""ranking_2"", ""ranking_3""]",135.20001220703125,3244.3642578125,13657
2026-05-07T07:48:36Z,14,2,46,48,0.15,0.3,first_finish,0,,1.0,1.0,6.3941192626953125,45.95528627053285,45.95528627053285,45.0,45.0,45.0,0,48,0,0.0,1.0,0.0,0,1,45.95528627053285,43.58974358974359,45.95528627053285,"[0.0, 45.95528627053285, -13.720000267028809, -1.0]",6.3941192626953125,4.9679484367370605,6.3941192626953125,8.070916175842285,8.070916175842285,666.8963623046875,13.720000267028809,45955272550531.586,45955272550531.586,lexicographic,,0,0.0,"[0.0, 45.95528627053285, -13.720000267028809, -1.0]","[""ranking_0"", ""ranking_1"", ""ranking_2"", ""ranking_3""]",136.47000122070312,3301.48486328125,13829
2026-05-07T07:51:51Z,15,2,46,48,0.15,0.3,first_finish,0,,1.0,1.0,6.911838054656982,45.95528627053285,45.95528627053285,45.0,45.0,45.0,0,48,0,0.0,1.0,0.0,0,1,45.95528627053285,43.58974358974359,45.95528627053285,"[0.0, 45.95528627053285, -13.720000267028809, -1.0]",6.911838054656982,5.4487175941467285,6.911838054656982,7.860864162445068,7.860864162445068,666.8963623046875,13.720000267028809,45955272550531.586,45955272550531.586,lexicographic,,0,0.0,"[0.0, 45.95528627053285, -13.720000267028809, -1.0]","[""ranking_0"", ""ranking_1"", ""ranking_2"", ""ranking_3""]",146.36000061035156,3612.857666015625,14923
2026-05-07T07:54:55Z,16,2,46,48,0.15,0.3,first_finish,0,,1.0,1.0,6.278709411621094,45.95528627053285,45.95528627053285,45.0,45.0,45.0,0,48,0,0.0,1.0,0.0,0,1,45.95528627053285,43.58974358974359,45.95528627053285,"[0.0, 45.95528627053285, -13.720000267028809, -1.0]",6.278709411621094,4.754273414611816,6.278709411621094,8.11774730682373,8.11774730682373,666.8963623046875,13.720000267028809,45955272550531.586,45955272550531.586,lexicographic,,0,0.0,"[0.0, 45.95528627053285, -13.720000267028809, -1.0]","[""ranking_0"", ""ranking_1"", ""ranking_2"", ""ranking_3""]",134.66000366210938,3242.205078125,13628
2026-05-07T07:57:59Z,17,2,46,48,0.15,0.3,first_finish,0,,1.0,1.0,6.1796088218688965,45.95528627053285,45.95528627053285,45.0,45.0,45.0,0,48,0,0.0,1.0,0.0,0,1,45.95528627053285,43.58974358974359,45.95528627053285,"[0.0, 45.95528627053285, -13.720000267028809, -1.0]",6.1796088218688965,4.807692050933838,6.1796088218688965,7.966567516326904,7.966567516326904,666.8963623046875,13.720000267028809,45955272550531.586,45955272550531.586,lexicographic,,0,0.0,"[0.0, 45.95528627053285, -13.720000267028809, -1.0]","[""ranking_0"", ""ranking_1"", ""ranking_2"", ""ranking_3""]",134.61000061035156,3207.703125,13209
2026-05-07T08:01:10Z,18,2,46,48,0.15,0.3,first_finish,0,,1.0,1.0,6.625507831573486,45.95528627053285,45.95528627053285,45.0,45.0,45.0,0,48,0,0.0,1.0,0.0,0,1,45.95528627053285,43.58974358974359,45.95528627053285,"[0.0, 45.95528627053285, -13.720000267028809, -1.0]",6.625507831573486,5.288461685180664,6.625507831573486,8.02037525177002,8.02037525177002,666.8963623046875,13.720000267028809,45955272550531.586,45955272550531.586,lexicographic,,0,0.0,"[0.0, 45.95528627053285, -13.720000267028809, -1.0]","[""ranking_0"", ""ranking_1"", ""ranking_2"", ""ranking_3""]",141.9600067138672,3480.602783203125,14169
2026-05-07T08:04:21Z,19,2,46,48,0.15,0.3,first_finish,0,,1.0,1.0,6.7551140785217285,45.95528627053285,45.95528627053285,45.0,45.0,45.0,0,48,0,0.0,1.0,0.0,0,1,45.95528627053285,43.58974358974359,45.95528627053285,"[0.0, 45.95528627053285, -13.720000267028809, -1.0]",6.7551140785217285,5.288461208343506,6.7551140785217285,7.9856438636779785,7.9856438636779785,666.8963623046875,13.720000267028809,45955272550531.586,45955272550531.586,lexicographic,,0,0.0,"[0.0, 45.95528627053285, -13.720000267028809, -1.0]","[""ranking_0"", ""ranking_1"", ""ranking_2"", ""ranking_3""]",142.4199981689453,3496.5107421875,14340
2026-05-07T08:07:28Z,20,2,46,48,0.15,0.3,first_finish,0,,1.0,1.0,6.335977554321289,45.95528627053285,45.95528627053285,45.0,45.0,45.0,0,48,0,0.0,1.0,0.0,0,1,45.95528627053285,43.58974358974359,45.95528627053285,"[0.0, 45.95528627053285, -13.720000267028809, -1.0]",6.335977554321289,4.861111164093018,6.335977554321289,7.895895957946777,7.895895957946777,666.8963623046875,13.720000267028809,45955272550531.586,45955272550531.586,lexicographic,,0,0.0,"[0.0, 45.95528627053285, -13.720000267028809, -1.0]","[""ranking_0"", ""ranking_1"", ""ranking_2"", ""ranking_3""]",137.80999755859375,3299.692626953125,14029
2026-05-07T08:10:44Z,21,2,46,48,0.15,0.3,first_finish,0,,1.0,1.0,6.995431423187256,45.95528627053285,45.95528627053285,45.0,45.0,45.0,0,48,0,0.0,1.0,0.0,0,1,45.95528627053285,43.58974358974359,45.95528627053285,"[0.0, 45.95528627053285, -13.720000267028809, -1.0]",6.995431423187256,5.608974456787109,6.995431423187256,7.897456645965576,7.897456645965576,666.8963623046875,13.720000267028809,45955272550531.586,45955272550531.586,lexicographic,,0,0.0,"[0.0, 45.95528627053285, -13.720000267028809, -1.0]","[""ranking_0"", ""ranking_1"", ""ranking_2"", ""ranking_3""]",147.02999877929688,3632.9189453125,14803
2026-05-07T08:13:58Z,22,2,46,48,0.15,0.3,first_finish,0,,1.0,1.0,6.875637054443359,45.95528627053285,45.95528627053285,45.0,45.0,45.0,0,48,0,0.0,1.0,0.0,0,1,45.95528627053285,43.58974358974359,45.95528627053285,"[0.0, 45.95528627053285, -13.720000267028809, -1.0]",6.875637054443359,5.341880798339844,6.875637054443359,8.013306617736816,8.013306617736816,666.8963623046875,13.720000267028809,45955272550531.586,45955272550531.586,lexicographic,,0,0.0,"[0.0, 45.95528627053285, -13.720000267028809, -1.0]","[""ranking_0"", ""ranking_1"", ""ranking_2"", ""ranking_3""]",144.55999755859375,3565.59521484375,14476
2026-05-07T08:17:20Z,23,2,46,48,0.15,0.3,first_finish,0,,1.0,1.0,7.540889263153076,45.95528627053285,45.95528627053285,45.0,45.0,45.0,0,48,0,0.0,1.0,0.0,0,1,45.95528627053285,43.58974358974359,45.95528627053285,"[0.0, 45.95528627053285, -13.720000267028809, -1.0]",7.540889263153076,6.3034186363220215,7.540889263153076,7.924250602722168,7.924250602722168,666.8963623046875,13.720000267028809,45955272550531.586,45955272550531.586,lexicographic,,0,0.0,"[0.0, 45.95528627053285, -13.720000267028809, -1.0]","[""ranking_0"", ""ranking_1"", ""ranking_2"", ""ranking_3""]",154.02999877929688,3902.19677734375,15631
2026-05-07T08:20:41Z,24,2,46,48,0.15,0.3,first_finish,0,,1.0,1.0,7.3592987060546875,45.95528627053285,45.95528627053285,45.0,45.0,45.0,0,48,0,0.0,1.0,0.0,0,1,45.95528627053285,43.58974358974359,45.95528627053285,"[0.0, 45.95528627053285, -13.720000267028809, -1.0]",7.3592987060546875,5.929487228393555,7.3592987060546875,9.28952693939209,9.28952693939209,666.8963623046875,13.720000267028809,45955272550531.586,45955272550531.586,lexicographic,,0,0.0,"[0.0, 45.95528627053285, -13.720000267028809, -1.0]","[""ranking_0"", ""ranking_1"", ""ranking_2"", ""ranking_3""]",151.69000244140625,3981.11279296875,15236
2026-05-07T08:24:01Z,25,2,46,48,0.15,0.3,first_finish,0,,1.0,1.0,7.429531574249268,45.95528627053285,45.95528627053285,45.0,45.0,45.0,0,48,0,0.0,1.0,0.0,0,1,45.95528627053285,43.58974358974359,45.95528627053285,"[0.0, 45.95528627053285, -13.720000267028809, -1.0]",7.429531574249268,5.9294867515563965,7.429531574249268,8.189453125,8.189453125,666.8963623046875,13.720000267028809,45955272550531.586,45955272550531.586,lexicographic,,0,0.0,"[0.0, 45.95528627053285, -13.720000267028809, -1.0]","[""ranking_0"", ""ranking_1"", ""ranking_2"", ""ranking_3""]",153.1199951171875,3868.41015625,15302
2026-05-07T08:27:23Z,26,2,46,48,0.15,0.3,first_finish,0,,1.0,1.0,7.574086666107178,45.95528627053285,45.95528627053285,45.0,45.0,45.0,0,48,0,0.0,1.0,0.0,0,1,45.95528627053285,43.58974358974359,45.95528627053285,"[0.0, 45.95528627053285, -13.720000267028809, -1.0]",7.574086666107178,6.143162250518799,7.574086666107178,8.247024536132812,8.247024536132812,666.8963623046875,13.720000267028809,45955272550531.586,45955272550531.586,lexicographic,,0,0.0,"[0.0, 45.95528627053285, -13.720000267028809, -1.0]","[""ranking_0"", ""ranking_1"", ""ranking_2"", ""ranking_3""]",154.239990234375,3930.47021484375,15538
2026-05-07T08:30:51Z,27,2,46,48,0.15,0.3,first_finish,0,,1.0,1.0,7.954311370849609,45.95528627053285,45.95528627053285,45.0,45.0,45.0,0,48,0,0.0,1.0,0.0,0,1,45.95528627053285,43.58974358974359,45.95528627053285,"[0.0, 45.95528627053285, -13.720000267028809, -1.0]",7.954311370849609,6.410256862640381,7.954311370849609,7.972865581512451,7.972865581512451,666.8963623046875,13.720000267028809,45955272550531.586,45955272550531.586,lexicographic,,0,0.0,"[0.0, 45.95528627053285, -13.720000267028809, -1.0]","[""ranking_0"", ""ranking_1"", ""ranking_2"", ""ranking_3""]",160.97999572753906,4130.24072265625,15997
2026-05-07T08:34:16Z,28,2,46,48,0.15,0.3,first_finish,0,,1.0,1.0,7.8143792152404785,45.95528627053285,45.95528627053285,45.0,45.0,45.0,0,48,0,0.0,1.0,0.0,0,1,45.95528627053285,43.58974358974359,45.95528627053285,"[0.0, 45.95528627053285, -13.720000267028809, -1.0]",7.8143792152404785,6.3034186363220215,7.8143792152404785,8.175588607788086,8.175588607788086,666.8963623046875,13.720000267028809,45955272550531.586,45955272550531.586,lexicographic,,0,0.0,"[0.0, 45.95528627053285, -13.720000267028809, -1.0]","[""ranking_0"", ""ranking_1"", ""ranking_2"", ""ranking_3""]",157.0,4026.523681640625,15379
2026-05-07T08:37:46Z,29,2,46,48,0.15,0.3,first_finish,0,,1.0,1.0,8.089950561523438,45.95528627053285,45.95528627053285,45.0,45.0,45.0,0,48,0,0.0,1.0,0.0,0,1,45.95528627053285,43.58974358974359,45.95528627053285,"[0.0, 45.95528627053285, -13.720000267028809, -1.0]",8.089950561523438,6.6773505210876465,8.089950561523438,8.205743789672852,8.205743789672852,666.8963623046875,13.720000267028809,45955272550531.586,45955272550531.586,lexicographic,,0,0.0,"[0.0, 45.95528627053285, -13.720000267028809, -1.0]","[""ranking_0"", ""ranking_1"", ""ranking_2"", ""ranking_3""]",161.95999145507812,4223.02294921875,15998
2026-05-07T08:41:03Z,30,2,46,48,0.15,0.3,first_finish,0,,1.0,1.0,7.257772922515869,45.95528627053285,45.95528627053285,45.0,45.0,45.0,0,48,0,0.0,1.0,0.0,0,1,45.95528627053285,43.58974358974359,45.95528627053285,"[0.0, 45.95528627053285, -13.720000267028809, -1.0]",7.257772922515869,5.608974456787109,7.257772922515869,8.157344818115234,8.157344818115234,666.8963623046875,13.720000267028809,45955272550531.586,45955272550531.586,lexicographic,,0,0.0,"[0.0, 45.95528627053285, -13.720000267028809, -1.0]","[""ranking_0"", ""ranking_1"", ""ranking_2"", ""ranking_3""]",149.99000549316406,3754.1298828125,14958
2026-05-07T08:44:28Z,31,2,46,48,0.15,0.3,first_finish,0,,1.0,1.0,7.780858516693115,45.95528627053285,45.95528627053285,45.0,45.0,45.0,0,48,0,0.0,1.0,0.0,0,1,45.95528627053285,43.58974358974359,45.95528627053285,"[0.0, 45.95528627053285, -13.720000267028809, -1.0]",7.780858516693115,6.25,7.780858516693115,8.153239250183105,8.153239250183105,666.8963623046875,13.720000267028809,45955272550531.586,45955272550531.586,lexicographic,,0,0.0,"[0.0, 45.95528627053285, -13.720000267028809, -1.0]","[""ranking_0"", ""ranking_1"", ""ranking_2"", ""ranking_3""]",157.01998901367188,4019.601318359375,15513
2026-05-07T08:48:07Z,32,2,46,48,0.15,0.3,first_finish,0,,1.0,1.0,8.945537567138672,45.95528627053285,45.95528627053285,45.0,45.0,45.0,0,48,0,0.0,1.0,0.0,0,1,45.95528627053285,43.58974358974359,45.95528627053285,"[0.0, 45.95528627053285, -13.720000267028809, -1.0]",8.945537567138672,7.532051086425781,8.945537567138672,8.452103614807129,8.452103614807129,666.8963623046875,13.720000267028809,45955272550531.586,45955272550531.586,lexicographic,,0,0.0,"[0.0, 45.95528627053285, -13.720000267028809, -1.0]","[""ranking_0"", ""ranking_1"", ""ranking_2"", ""ranking_3""]",171.98001098632812,4667.11328125,17143
2026-05-07T08:51:45Z,33,2,46,48,0.15,0.3,first_finish,0,,1.0,1.0,8.792494773864746,45.95528627053285,45.95528627053285,45.0,45.0,45.0,0,48,0,0.0,1.0,0.0,0,1,45.95528627053285,43.58974358974359,45.95528627053285,"[0.0, 45.95528627053285, -13.720000267028809, -1.0]",8.792494773864746,7.211538314819336,8.792494773864746,8.529099464416504,8.529099464416504,666.8963623046875,13.720000267028809,45955272550531.586,45955272550531.586,lexicographic,,0,0.0,"[0.0, 45.95528627053285, -13.720000267028809, -1.0]","[""ranking_0"", ""ranking_1"", ""ranking_2"", ""ranking_3""]",170.35000610351562,4639.18603515625,16801
2026-05-07T08:55:17Z,34,2,46,48,0.15,0.3,first_finish,0,,1.0,1.0,8.453678131103516,45.95528627053285,45.95528627053285,45.0,45.0,45.0,0,48,0,0.0,1.0,0.0,0,1,45.95528627053285,43.58974358974359,45.95528627053285,"[0.0, 45.95528627053285, -13.720000267028809, -1.0]",8.453678131103516,6.944444179534912,8.453678131103516,8.911307334899902,8.911307334899902,666.8963623046875,13.720000267028809,45955272550531.586,45955272550531.586,lexicographic,,0,0.0,"[0.0, 45.95528627053285, -13.720000267028809, -1.0]","[""ranking_0"", ""ranking_1"", ""ranking_2"", ""ranking_3""]",164.69000244140625,4485.42578125,16183
2026-05-07T08:59:01Z,35,2,46,48,0.15,0.3,first_finish,0,,1.0,1.0,9.181394577026367,60.95360975999099,60.95360975999099,45.0,45.0,45.0,0,48,0,0.0,1.0,0.0,0,1,60.95360975999099,58.97435897435898,60.95360975999099,"[0.0, 60.95360975999099, -18.31999969482422, -1.0]",9.181394577026367,7.638887882232666,9.181394577026367,12.036993026733398,12.036993026733398,845.7809448242188,18.31999969482422,60953591439990.3,60953591439990.3,lexicographic,,0,0.0,"[0.0, 60.95360975999099, -18.31999969482422, -1.0]","[""ranking_0"", ""ranking_1"", ""ranking_2"", ""ranking_3""]",176.00999450683594,5064.9814453125,17254
2026-05-07T09:02:26Z,36,2,46,48,0.15,0.3,first_finish,0,,1.0,1.0,8.129695892333984,60.95360975999099,60.95360975999099,45.0,45.0,45.0,0,48,0,0.0,1.0,0.0,0,1,60.95360975999099,58.97435897435898,60.95360975999099,"[0.0, 60.95360975999099, -18.31999969482422, -1.0]",8.129695892333984,6.6773505210876465,8.129695892333984,10.242512702941895,10.242512702941895,845.7809448242188,18.31999969482422,60953591439990.3,60953591439990.3,lexicographic,,0,0.0,"[0.0, 60.95360975999099, -18.31999969482422, -1.0]","[""ranking_0"", ""ranking_1"", ""ranking_2"", ""ranking_3""]",163.75999450683594,4324.5361328125,16260
2026-05-07T09:06:17Z,37,2,46,48,0.15,0.3,first_finish,0,,1.0,1.0,9.812686920166016,70.49928322816507,70.49928322816507,45.0,45.0,45.0,0,48,0,0.0,1.0,0.0,0,1,70.49928322816507,69.23076923076923,70.49928322816507,"[0.0, 70.49928322816507, -23.110000610351562, -1.0]",9.812686920166016,8.226494789123535,9.812686920166016,13.44536304473877,13.44536304473877,979.7673950195312,23.110000610351562,70499260118163.45,70499260118163.45,lexicographic,,0,0.0,"[0.0, 70.49928322816507, -23.110000610351562, -1.0]","[""ranking_0"", ""ranking_1"", ""ranking_2"", ""ranking_3""]",189.20001220703125,5353.546875,18480
2026-05-07T09:09:45Z,38,2,46,48,0.15,0.3,first_finish,0,,1.0,1.0,8.965079307556152,70.49928322816507,70.49928322816507,45.0,45.0,45.0,0,48,0,0.0,1.0,0.0,0,1,70.49928322816507,69.23076923076923,70.49928322816507,"[0.0, 70.49928322816507, -23.110000610351562, -1.0]",8.965079307556152,7.532051086425781,8.965079307556152,12.394942283630371,12.394942283630371,979.7673950195312,23.110000610351562,70499260118163.45,70499260118163.45,lexicographic,,0,0.0,"[0.0, 70.49928322816507, -23.110000610351562, -1.0]","[""ranking_0"", ""ranking_1"", ""ranking_2"", ""ranking_3""]",175.36000061035156,4718.88525390625,16953
2026-05-07T09:13:06Z,39,2,46,48,0.15,0.3,first_finish,0,,1.0,1.0,8.352328300476074,70.49928322816507,70.49928322816507,45.0,45.0,45.0,0,48,0,0.0,1.0,0.0,0,1,70.49928322816507,69.23076923076923,70.49928322816507,"[0.0, 70.49928322816507, -23.110000610351562, -1.0]",8.352328300476074,6.73076868057251,8.352328300476074,12.473899841308594,12.473899841308594,979.7673950195312,23.110000610351562,70499260118163.45,70499260118163.45,lexicographic,,0,0.0,"[0.0, 70.49928322816507, -23.110000610351562, -1.0]","[""ranking_0"", ""ranking_1"", ""ranking_2"", ""ranking_3""]",169.08001708984375,4440.8212890625,16313
2026-05-07T09:17:01Z,40,2,46,48,0.15,0.3,first_finish,0,,1.0,1.0,10.973106384277344,70.49928322816507,70.49928322816507,45.0,45.0,45.0,0,48,0,0.0,1.0,0.0,0,1,70.49928322816507,69.23076923076923,70.49928322816507,"[0.0, 70.49928322816507, -23.110000610351562, -1.0]",10.973106384277344,9.455127716064453,10.973106384277344,12.602387428283691,12.602387428283691,979.7673950195312,23.110000610351562,70499260118163.45,70499260118163.45,lexicographic,,0,0.0,"[0.0, 70.49928322816507, -23.110000610351562, -1.0]","[""ranking_0"", ""ranking_1"", ""ranking_2"", ""ranking_3""]",202.77000427246094,5777.6728515625,18930
2026-05-07T09:27:05Z,41,2,46,48,0.15000000596046448,0.30000001192092896,first_finish,0,,1.0,1.0,10.74743366241455,70.49928283691406,70.49928283691406,45.0,45.0,45.0,0,48,0,0.0,1.0,0.0,0,1,70.49928283691406,69.23076629638672,70.49928283691406,"[0.0, 70.49928283691406, -23.110000610351562, -1.0]",10.74743366241455,9.29487133026123,10.74743366241455,12.96898078918457,12.96898078918457,979.7673950195312,23.110000610351562,70499262529536.0,70499262529536.0,lexicographic,,0,0.0,"[0.0, 70.49928283691406, -23.110000610351562, -1.0]","[""ranking_0"", ""ranking_1"", ""ranking_2"", ""ranking_3""]",210.35000610351562,5772.7626953125,26262
2026-05-07T09:30:54Z,42,2,46,48,0.15000000596046448,0.30000001192092896,first_finish,0,,1.0,1.0,10.5220365524292,70.49928283691406,70.49928283691406,45.0,45.0,45.0,0,48,0,0.0,1.0,0.0,0,1,70.49928283691406,69.23076629638672,70.49928283691406,"[0.0, 70.49928283691406, -23.110000610351562, -1.0]",10.5220365524292,9.134614944458008,10.5220365524292,12.852288246154785,12.852288246154785,979.7673950195312,23.110000610351562,70499262529536.0,70499262529536.0,lexicographic,,0,0.0,"[0.0, 70.49928283691406, -23.110000610351562, -1.0]","[""ranking_0"", ""ranking_1"", ""ranking_2"", ""ranking_3""]",197.4499969482422,5686.888671875,26163
2026-05-07T09:35:08Z,43,2,46,48,0.15000000596046448,0.30000001192092896,first_finish,0,,1.0,1.0,12.44983959197998,70.49928283691406,70.49928283691406,45.0,45.0,45.0,0,48,0,0.0,1.0,0.0,0,1,70.49928283691406,69.23076629638672,70.49928283691406,"[0.0, 70.49928283691406, -23.110000610351562, -1.0]",12.44983959197998,11.11111068725586,12.44983959197998,14.17872142791748,14.17872142791748,979.7673950195312,23.110000610351562,70499262529536.0,70499262529536.0,lexicographic,,0,0.0,"[0.0, 70.49928283691406, -23.110000610351562, -1.0]","[""ranking_0"", ""ranking_1"", ""ranking_2"", ""ranking_3""]",221.99000549316406,7252.35791015625,29710
2026-05-07T09:39:09Z,44,2,46,48,0.15000000596046448,0.30000001192092896,first_finish,0,,1.0,1.0,11.52342700958252,70.49928283691406,70.49928283691406,45.0,45.0,45.0,0,48,0,0.0,1.0,0.0,0,1,70.49928283691406,69.23076629638672,70.49928283691406,"[0.0, 70.49928283691406, -23.110000610351562, -1.0]",11.52342700958252,9.829059600830078,11.52342700958252,12.944818496704102,12.944818496704102,979.7673950195312,23.110000610351562,70499262529536.0,70499262529536.0,lexicographic,,0,0.0,"[0.0, 70.49928283691406, -23.110000610351562, -1.0]","[""ranking_0"", ""ranking_1"", ""ranking_2"", ""ranking_3""]",209.30999755859375,6243.958984375,27750
2026-05-07T09:42:55Z,45,2,46,48,0.15000000596046448,0.30000001192092896,first_finish,0,,1.0,1.0,10.229296684265137,70.49928283691406,70.49928283691406,45.0,45.0,45.0,0,48,0,0.0,1.0,0.0,0,1,70.49928283691406,69.23076629638672,70.49928283691406,"[0.0, 70.49928283691406, -23.110000610351562, -1.0]",10.229296684265137,8.4935884475708,10.229296684265137,14.61721420288086,14.61721420288086,979.7673950195312,23.110000610351562,70499262529536.0,70499262529536.0,lexicographic,,0,0.0,"[0.0, 70.49928283691406, -23.110000610351562, -1.0]","[""ranking_0"", ""ranking_1"", ""ranking_2"", ""ranking_3""]",193.510009765625,5605.037109375,25366
2026-05-07T09:46:56Z,46,2,46,48,0.15000000596046448,0.30000001192092896,first_finish,0,,1.0,1.0,11.56749439239502,70.49928283691406,70.49928283691406,45.0,45.0,45.0,0,48,0,0.0,1.0,0.0,0,1,70.49928283691406,69.23076629638672,70.49928283691406,"[0.0, 70.49928283691406, -23.110000610351562, -1.0]",11.56749439239502,10.096153259277344,11.56749439239502,12.811278343200684,12.811278343200684,979.7673950195312,23.110000610351562,70499262529536.0,70499262529536.0,lexicographic,,0,0.0,"[0.0, 70.49928283691406, -23.110000610351562, -1.0]","[""ranking_0"", ""ranking_1"", ""ranking_2"", ""ranking_3""]",210.22000122070312,6275.0869140625,28855
2026-05-07T09:50:41Z,47,2,46,48,0.15000000596046448,0.30000001192092896,first_finish,0,,1.0,1.0,10.392285346984863,70.49928283691406,70.49928283691406,45.0,45.0,45.0,0,48,0,0.0,1.0,0.0,0,1,70.49928283691406,69.23076629638672,70.49928283691406,"[0.0, 70.49928283691406, -23.110000610351562, -1.0]",10.392285346984863,8.867521286010742,10.392285346984863,13.282922744750977,13.282922744750977,979.7673950195312,23.110000610351562,70499262529536.0,70499262529536.0,lexicographic,,0,0.0,"[0.0, 70.49928283691406, -23.110000610351562, -1.0]","[""ranking_0"", ""ranking_1"", ""ranking_2"", ""ranking_3""]",193.25,5625.57275390625,26390
2026-05-07T09:54:34Z,48,2,46,48,0.15000000596046448,0.30000001192092896,first_finish,0,,1.0,1.0,10.982586860656738,70.49928283691406,70.49928283691406,45.0,45.0,45.0,0,48,0,0.0,1.0,0.0,0,1,70.49928283691406,69.23076629638672,70.49928283691406,"[0.0, 70.49928283691406, -23.110000610351562, -1.0]",10.982586860656738,9.561965942382812,10.982586860656738,13.07537841796875,13.07537841796875,979.7673950195312,23.110000610351562,70499262529536.0,70499262529536.0,lexicographic,,0,0.0,"[0.0, 70.49928283691406, -23.110000610351562, -1.0]","[""ranking_0"", ""ranking_1"", ""ranking_2"", ""ranking_3""]",201.22000122070312,5874.80908203125,27430
2026-05-07T09:58:37Z,49,2,46,48,0.15000000596046448,0.30000001192092896,first_finish,0,,1.0,1.0,11.434197425842285,70.49928283691406,70.49928283691406,45.0,45.0,45.0,0,48,0,0.0,1.0,0.0,0,1,70.49928283691406,69.23076629638672,70.49928283691406,"[0.0, 70.49928283691406, -23.110000610351562, -1.0]",11.434197425842285,9.829059600830078,11.434197425842285,13.51619815826416,13.51619815826416,979.7673950195312,23.110000610351562,70499262529536.0,70499262529536.0,lexicographic,,0,0.0,"[0.0, 70.49928283691406, -23.110000610351562, -1.0]","[""ranking_0"", ""ranking_1"", ""ranking_2"", ""ranking_3""]",210.87001037597656,6289.046875,28762
2026-05-07T10:02:39Z,50,2,46,48,0.15000000596046448,0.30000001192092896,first_finish,0,,1.0,1.0,11.68139362335205,70.49928283691406,70.49928283691406,45.0,45.0,45.0,0,48,0,0.0,1.0,0.0,0,1,70.49928283691406,69.23076629638672,70.49928283691406,"[0.0, 70.49928283691406, -23.110000610351562, -1.0]",11.68139362335205,10.202991485595703,11.68139362335205,12.9066801071167,12.9066801071167,979.7673950195312,23.110000610351562,70499262529536.0,70499262529536.0,lexicographic,,0,0.0,"[0.0, 70.49928283691406, -23.110000610351562, -1.0]","[""ranking_0"", ""ranking_1"", ""ranking_2"", ""ranking_3""]",210.48001098632812,6223.9521484375,28754
2026-05-07T10:06:06Z,51,2,46,48,0.15000000596046448,0.30000001192092896,first_finish,0,,1.0,1.0,9.0206298828125,70.49928283691406,70.49928283691406,45.0,45.0,45.0,0,48,0,0.0,1.0,0.0,0,1,70.49928283691406,69.23076629638672,70.49928283691406,"[0.0, 70.49928283691406, -23.110000610351562, -1.0]",9.0206298828125,7.42521333694458,9.0206298828125,12.723637580871582,12.723637580871582,979.7673950195312,23.110000610351562,70499262529536.0,70499262529536.0,lexicographic,,0,0.0,"[0.0, 70.49928283691406, -23.110000610351562, -1.0]","[""ranking_0"", ""ranking_1"", ""ranking_2"", ""ranking_3""]",175.85000610351562,4765.20703125,23738
2026-05-07T10:10:13Z,52,2,46,48,0.15000000596046448,0.30000001192092896,first_finish,0,,1.0,1.0,11.908041954040527,70.49928283691406,70.49928283691406,45.0,45.0,45.0,0,48,0,0.0,1.0,0.0,0,1,70.49928283691406,69.23076629638672,70.49928283691406,"[0.0, 70.49928283691406, -23.110000610351562, -1.0]",11.908041954040527,10.576922416687012,11.908041954040527,12.923338890075684,12.923338890075684,979.7673950195312,23.110000610351562,70499262529536.0,70499262529536.0,lexicographic,,0,0.0,"[0.0, 70.49928283691406, -23.110000610351562, -1.0]","[""ranking_0"", ""ranking_1"", ""ranking_2"", ""ranking_3""]",215.4700164794922,6402.3818359375,29374
2026-05-07T10:14:20Z,53,2,46,48,0.15000000596046448,0.30000001192092896,first_finish,0,,1.0,1.0,11.890998840332031,70.49928283691406,70.49928283691406,45.0,45.0,45.0,0,48,0,0.0,1.0,0.0,0,1,70.49928283691406,69.23076629638672,70.49928283691406,"[0.0, 70.49928283691406, -23.110000610351562, -1.0]",11.890998840332031,10.576922416687012,11.890998840332031,13.582659721374512,13.582659721374512,979.7673950195312,23.110000610351562,70499262529536.0,70499262529536.0,lexicographic,,0,0.0,"[0.0, 70.49928283691406, -23.110000610351562, -1.0]","[""ranking_0"", ""ranking_1"", ""ranking_2"", ""ranking_3""]",215.8699951171875,6649.9873046875,29455
2026-05-07T10:18:21Z,54,2,46,48,0.15000000596046448,0.30000001192092896,first_finish,0,,1.0,1.0,11.509551048278809,70.49928283691406,70.49928283691406,45.0,45.0,45.0,0,48,0,0.0,1.0,0.0,0,1,70.49928283691406,69.23076629638672,70.49928283691406,"[0.0, 70.49928283691406, -23.110000610351562, -1.0]",11.509551048278809,9.9893159866333,11.509551048278809,14.467209815979004,14.467209815979004,979.7673950195312,23.110000610351562,70499262529536.0,70499262529536.0,lexicographic,,0,0.0,"[0.0, 70.49928283691406, -23.110000610351562, -1.0]","[""ranking_0"", ""ranking_1"", ""ranking_2"", ""ranking_3""]",209.5,6256.927734375,28644
2026-05-07T10:22:04Z,55,2,46,48,0.15000000596046448,0.30000001192092896,first_finish,0,,1.0,1.0,9.97547435760498,70.49928283691406,70.49928283691406,45.0,45.0,45.0,0,48,0,0.0,1.0,0.0,0,1,70.49928283691406,69.23076629638672,70.49928283691406,"[0.0, 70.49928283691406, -23.110000610351562, -1.0]",9.97547435760498,8.493590354919434,9.97547435760498,12.801607131958008,12.801607131958008,979.7673950195312,23.110000610351562,70499262529536.0,70499262529536.0,lexicographic,,0,0.0,"[0.0, 70.49928283691406, -23.110000610351562, -1.0]","[""ranking_0"", ""ranking_1"", ""ranking_2"", ""ranking_3""]",191.55999755859375,5361.892578125,26126
2026-05-07T10:26:21Z,56,2,46,48,0.15000000596046448,0.30000001192092896,first_finish,0,,1.0,1.0,12.488128662109375,70.49928283691406,70.49928283691406,45.0,45.0,45.0,0,48,0,0.0,1.0,0.0,0,1,70.49928283691406,69.23076629638672,70.49928283691406,"[0.0, 70.49928283691406, -23.110000610351562, -1.0]",12.488128662109375,11.164528846740723,12.488128662109375,12.981609344482422,12.981609344482422,979.7673950195312,23.110000610351562,70499262529536.0,70499262529536.0,lexicographic,,0,0.0,"[0.0, 70.49928283691406, -23.110000610351562, -1.0]","[""ranking_0"", ""ranking_1"", ""ranking_2"", ""ranking_3""]",225.26998901367188,6787.55859375,30649
2026-05-07T10:30:25Z,57,2,46,48,0.15000000596046448,0.30000001192092896,first_finish,0,,1.0,1.0,11.589228630065918,70.49928283691406,70.49928283691406,45.0,45.0,45.0,0,48,0,0.0,1.0,0.0,0,1,70.49928283691406,69.23076629638672,70.49928283691406,"[0.0, 70.49928283691406, -23.110000610351562, -1.0]",11.589228630065918,10.256409645080566,11.589228630065918,12.766515731811523,12.766515731811523,979.7673950195312,23.110000610351562,70499262529536.0,70499262529536.0,lexicographic,,0,0.0,"[0.0, 70.49928283691406, -23.110000610351562, -1.0]","[""ranking_0"", ""ranking_1"", ""ranking_2"", ""ranking_3""]",212.30001831054688,6188.7412109375,28976
2026-05-07T10:34:57Z,58,2,46,48,0.15000000596046448,0.30000001192092896,first_finish,0,,1.0,1.0,13.854153633117676,70.49928283691406,70.49928283691406,45.0,45.0,45.0,0,48,0,0.0,1.0,0.0,0,1,70.49928283691406,69.23076629638672,70.49928283691406,"[0.0, 70.49928283691406, -23.110000610351562, -1.0]",13.854153633117676,12.339743614196777,13.854153633117676,15.012407302856445,15.012407302856445,979.7673950195312,23.110000610351562,70499262529536.0,70499262529536.0,lexicographic,,0,0.0,"[0.0, 70.49928283691406, -23.110000610351562, -1.0]","[""ranking_0"", ""ranking_1"", ""ranking_2"", ""ranking_3""]",240.95001220703125,7587.5927734375,32988
2026-05-07T10:39:16Z,59,2,46,48,0.15000000596046448,0.30000001192092896,first_finish,0,,1.0,1.0,12.687000274658203,70.49928283691406,70.49928283691406,45.0,45.0,45.0,0,48,0,0.0,1.0,0.0,0,1,70.49928283691406,69.23076629638672,70.49928283691406,"[0.0, 70.49928283691406, -23.110000610351562, -1.0]",12.687000274658203,11.217948913574219,12.687000274658203,13.481049537658691,13.481049537658691,979.7673950195312,23.110000610351562,70499262529536.0,70499262529536.0,lexicographic,,0,0.0,"[0.0, 70.49928283691406, -23.110000610351562, -1.0]","[""ranking_0"", ""ranking_1"", ""ranking_2"", ""ranking_3""]",227.55999755859375,7073.41845703125,31218
2026-05-07T10:43:13Z,60,2,46,48,0.15000000596046448,0.30000001192092896,first_finish,0,,1.0,1.0,11.184903144836426,70.49928283691406,70.49928283691406,45.0,45.0,45.0,0,48,0,0.0,1.0,0.0,0,1,70.49928283691406,69.23076629638672,70.49928283691406,"[0.0, 70.49928283691406, -23.110000610351562, -1.0]",11.184903144836426,9.561965942382812,11.184903144836426,13.694411277770996,13.694411277770996,979.7673950195312,23.110000610351562,70499262529536.0,70499262529536.0,lexicographic,,0,0.0,"[0.0, 70.49928283691406, -23.110000610351562, -1.0]","[""ranking_0"", ""ranking_1"", ""ranking_2"", ""ranking_3""]",205.24002075195312,6257.134765625,27981
2026-05-07T10:47:14Z,61,2,46,48,0.15000000596046448,0.30000001192092896,first_finish,0,,1.0,1.0,11.5686616897583,70.49928283691406,70.49928283691406,45.0,45.0,45.0,0,48,0,0.0,1.0,0.0,0,1,70.49928283691406,69.23076629638672,70.49928283691406,"[0.0, 70.49928283691406, -23.110000610351562, -1.0]",11.5686616897583,9.9893159866333,11.5686616897583,12.746899604797363,12.746899604797363,979.7673950195312,23.110000610351562,70499262529536.0,70499262529536.0,lexicographic,,0,0.0,"[0.0, 70.49928283691406, -23.110000610351562, -1.0]","[""ranking_0"", ""ranking_1"", ""ranking_2"", ""ranking_3""]",210.08999633789062,6142.9521484375,28594
2026-05-07T10:50:57Z,62,2,46,48,0.15000000596046448,0.30000001192092896,first_finish,0,,1.0,1.0,10.039527893066406,70.49928283691406,70.49928283691406,45.0,45.0,45.0,0,48,0,0.0,1.0,0.0,0,1,70.49928283691406,69.23076629638672,70.49928283691406,"[0.0, 70.49928283691406, -23.110000610351562, -1.0]",10.039527893066406,8.440170288085938,10.039527893066406,12.669882774353027,12.669882774353027,979.7673950195312,23.110000610351562,70499262529536.0,70499262529536.0,lexicographic,,0,0.0,"[0.0, 70.49928283691406, -23.110000610351562, -1.0]","[""ranking_0"", ""ranking_1"", ""ranking_2"", ""ranking_3""]",190.50999450683594,5298.50634765625,25929
2026-05-07T10:54:44Z,63,2,46,48,0.15000000596046448,0.30000001192092896,first_finish,0,,1.0,1.0,10.586328506469727,70.49928283691406,70.49928283691406,45.0,45.0,45.0,0,48,0,0.0,1.0,0.0,0,1,70.49928283691406,69.23076629638672,70.49928283691406,"[0.0, 70.49928283691406, -23.110000610351562, -1.0]",10.586328506469727,9.081195831298828,10.586328506469727,13.27121639251709,13.27121639251709,979.7673950195312,23.110000610351562,70499262529536.0,70499262529536.0,lexicographic,,0,0.0,"[0.0, 70.49928283691406, -23.110000610351562, -1.0]","[""ranking_0"", ""ranking_1"", ""ranking_2"", ""ranking_3""]",195.42999267578125,5693.9306640625,26671
2026-05-07T10:58:26Z,64,2,46,48,0.15000000596046448,0.30000001192092896,first_finish,0,,1.0,1.0,10.07671070098877,70.49928283691406,70.49928283691406,45.0,45.0,45.0,0,48,0,0.0,1.0,0.0,0,1,70.49928283691406,69.23076629638672,70.49928283691406,"[0.0, 70.49928283691406, -23.110000610351562, -1.0]",10.07671070098877,8.547008514404297,10.07671070098877,12.694811820983887,12.694811820983887,979.7673950195312,23.110000610351562,70499262529536.0,70499262529536.0,lexicographic,,0,0.0,"[0.0, 70.49928283691406, -23.110000610351562, -1.0]","[""ranking_0"", ""ranking_1"", ""ranking_2"", ""ranking_3""]",190.6300048828125,5276.31640625,25847
2026-05-07T11:01:57Z,65,2,46,48,0.15000000596046448,0.30000001192092896,first_finish,0,,1.0,1.0,9.295011520385742,70.49928283691406,70.49928283691406,45.0,45.0,45.0,0,48,0,0.0,1.0,0.0,0,1,70.49928283691406,69.23076629638672,70.49928283691406,"[0.0, 70.49928283691406, -23.110000610351562, -1.0]",9.295011520385742,7.638888835906982,9.295011520385742,13.110088348388672,13.110088348388672,979.7673950195312,23.110000610351562,70499262529536.0,70499262529536.0,lexicographic,,0,0.0,"[0.0, 70.49928283691406, -23.110000610351562, -1.0]","[""ranking_0"", ""ranking_1"", ""ranking_2"", ""ranking_3""]",179.5,4924.0029296875,24370
2026-05-07T11:05:40Z,66,2,46,48,0.15000000596046448,0.30000001192092896,first_finish,0,,1.0,1.0,9.971600532531738,70.49928283691406,70.49928283691406,45.0,45.0,45.0,0,48,0,0.0,1.0,0.0,0,1,70.49928283691406,69.23076629638672,70.49928283691406,"[0.0, 70.49928283691406, -23.110000610351562, -1.0]",9.971600532531738,8.440170288085938,9.971600532531738,12.675399780273438,12.675399780273438,979.7673950195312,23.110000610351562,70499262529536.0,70499262529536.0,lexicographic,,0,0.0,"[0.0, 70.49928283691406, -23.110000610351562, -1.0]","[""ranking_0"", ""ranking_1"", ""ranking_2"", ""ranking_3""]",191.5800018310547,5332.4541015625,26035
2026-05-07T11:09:27Z,67,2,46,48,0.15000000596046448,0.30000001192092896,first_finish,0,,1.0,1.0,10.379974365234375,70.49928283691406,70.49928283691406,45.0,45.0,45.0,0,48,0,0.0,1.0,0.0,0,1,70.49928283691406,69.23076629638672,70.49928283691406,"[0.0, 70.49928283691406, -23.110000610351562, -1.0]",10.379974365234375,8.920939445495605,10.379974365234375,12.989920616149902,12.989920616149902,979.7673950195312,23.110000610351562,70499262529536.0,70499262529536.0,lexicographic,,0,0.0,"[0.0, 70.49928283691406, -23.110000610351562, -1.0]","[""ranking_0"", ""ranking_1"", ""ranking_2"", ""ranking_3""]",194.97000122070312,5616.15283203125,26452
2026-05-07T11:13:05Z,68,2,46,48,0.15000000596046448,0.30000001192092896,first_finish,0,,1.0,1.0,9.825766563415527,70.49928283691406,70.49928283691406,45.0,45.0,45.0,0,48,0,0.0,1.0,0.0,0,1,70.49928283691406,69.23076629638672,70.49928283691406,"[0.0, 70.49928283691406, -23.110000610351562, -1.0]",9.825766563415527,8.386752128601074,9.825766563415527,13.569007873535156,13.569007873535156,979.7673950195312,23.110000610351562,70499262529536.0,70499262529536.0,lexicographic,,0,0.0,"[0.0, 70.49928283691406, -23.110000610351562, -1.0]","[""ranking_0"", ""ranking_1"", ""ranking_2"", ""ranking_3""]",186.79998779296875,5301.1982421875,25057
2026-05-07T11:16:50Z,69,2,46,48,0.15000000596046448,0.30000001192092896,first_finish,0,,1.0,1.0,10.069741249084473,70.49928283691406,70.49928283691406,45.0,45.0,45.0,0,48,0,0.0,1.0,0.0,0,1,70.49928283691406,69.23076629638672,70.49928283691406,"[0.0, 70.49928283691406, -23.110000610351562, -1.0]",10.069741249084473,8.60042667388916,10.069741249084473,13.226855278015137,13.226855278015137,979.7673950195312,23.110000610351562,70499262529536.0,70499262529536.0,lexicographic,,0,0.0,"[0.0, 70.49928283691406, -23.110000610351562, -1.0]","[""ranking_0"", ""ranking_1"", ""ranking_2"", ""ranking_3""]",193.3300018310547,5410.798828125,24720
2026-05-07T11:20:50Z,70,2,46,48,0.15000000596046448,0.30000001192092896,first_finish,0,,1.0,1.0,10.996655464172363,70.49928283691406,70.49928283691406,45.0,45.0,45.0,0,48,0,0.0,1.0,0.0,0,1,70.49928283691406,69.23076629638672,70.49928283691406,"[0.0, 70.49928283691406, -23.110000610351562, -1.0]",10.996655464172363,9.455127716064453,10.996655464172363,13.526294708251953,13.526294708251953,979.7673950195312,23.110000610351562,70499262529536.0,70499262529536.0,lexicographic,,0,0.0,"[0.0, 70.49928283691406, -23.110000610351562, -1.0]","[""ranking_0"", ""ranking_1"", ""ranking_2"", ""ranking_3""]",208.510009765625,6108.55224609375,28156
2026-05-07T11:24:58Z,71,2,46,48,0.15000000596046448,0.30000001192092896,first_finish,0,,1.0,1.0,11.964308738708496,70.49928283691406,70.49928283691406,45.0,45.0,45.0,0,48,0,0.0,1.0,0.0,0,1,70.49928283691406,69.23076629638672,70.49928283691406,"[0.0, 70.49928283691406, -23.110000610351562, -1.0]",11.964308738708496,10.416666030883789,11.964308738708496,13.226982116699219,13.226982116699219,979.7673950195312,23.110000610351562,70499262529536.0,70499262529536.0,lexicographic,,0,0.0,"[0.0, 70.49928283691406, -23.110000610351562, -1.0]","[""ranking_0"", ""ranking_1"", ""ranking_2"", ""ranking_3""]",216.55999755859375,6484.39306640625,29605
2026-05-07T11:29:19Z,72,2,46,48,0.15000000596046448,0.30000001192092896,first_finish,0,,1.0,1.0,12.703665733337402,70.49928283691406,70.49928283691406,45.0,45.0,45.0,0,48,0,0.0,1.0,0.0,0,1,70.49928283691406,69.23076629638672,70.49928283691406,"[0.0, 70.49928283691406, -23.110000610351562, -1.0]",12.703665733337402,11.271367073059082,12.703665733337402,14.622573852539062,14.622573852539062,979.7673950195312,23.110000610351562,70499262529536.0,70499262529536.0,lexicographic,,0,0.0,"[0.0, 70.49928283691406, -23.110000610351562, -1.0]","[""ranking_0"", ""ranking_1"", ""ranking_2"", ""ranking_3""]",229.3199920654297,7240.64306640625,31371
2026-05-07T11:33:25Z,73,2,46,48,0.15000000596046448,0.30000001192092896,first_finish,0,,1.0,1.0,11.753985404968262,70.49928283691406,70.49928283691406,45.0,45.0,45.0,0,48,0,0.0,1.0,0.0,0,1,70.49928283691406,69.23076629638672,70.49928283691406,"[0.0, 70.49928283691406, -23.110000610351562, -1.0]",11.753985404968262,10.416666030883789,11.753985404968262,14.051206588745117,14.051206588745117,979.7673950195312,23.110000610351562,70499262529536.0,70499262529536.0,lexicographic,,0,0.0,"[0.0, 70.49928283691406, -23.110000610351562, -1.0]","[""ranking_0"", ""ranking_1"", ""ranking_2"", ""ranking_3""]",215.0,6610.5703125,29478
2026-05-07T11:37:36Z,74,2,46,48,0.15000000596046448,0.30000001192092896,first_finish,0,,1.0,1.0,12.071945190429688,70.49928283691406,70.49928283691406,45.0,45.0,45.0,0,48,0,0.0,1.0,0.0,0,1,70.49928283691406,69.23076629638672,70.49928283691406,"[0.0, 70.49928283691406, -23.110000610351562, -1.0]",12.071945190429688,10.576922416687012,12.071945190429688,14.216371536254883,14.216371536254883,979.7673950195312,23.110000610351562,70499262529536.0,70499262529536.0,lexicographic,,0,0.0,"[0.0, 70.49928283691406, -23.110000610351562, -1.0]","[""ranking_0"", ""ranking_1"", ""ranking_2"", ""ranking_3""]",219.11001586914062,6933.13525390625,30081
2026-05-07T11:41:54Z,75,2,46,48,0.15000000596046448,0.30000001192092896,first_finish,0,,1.0,1.0,12.522910118103027,70.49928283691406,70.49928283691406,45.0,45.0,45.0,0,48,0,0.0,1.0,0.0,0,1,70.49928283691406,69.23076629638672,70.49928283691406,"[0.0, 70.49928283691406, -23.110000610351562, -1.0]",12.522910118103027,11.004273414611816,12.522910118103027,13.903831481933594,13.903831481933594,979.7673950195312,23.110000610351562,70499262529536.0,70499262529536.0,lexicographic,,0,0.0,"[0.0, 70.49928283691406, -23.110000610351562, -1.0]","[""ranking_0"", ""ranking_1"", ""ranking_2"", ""ranking_3""]",226.489990234375,7208.85107421875,31044
2026-05-07T11:45:49Z,76,2,46,48,0.15000000596046448,0.30000001192092896,first_finish,0,,1.0,1.0,10.946818351745605,70.49928283691406,70.49928283691406,45.0,45.0,45.0,0,48,0,0.0,1.0,0.0,0,1,70.49928283691406,69.23076629638672,70.49928283691406,"[0.0, 70.49928283691406, -23.110000610351562, -1.0]",10.946818351745605,9.45512866973877,10.946818351745605,13.78659439086914,13.78659439086914,979.7673950195312,23.110000610351562,70499262529536.0,70499262529536.0,lexicographic,,0,0.0,"[0.0, 70.49928283691406, -23.110000610351562, -1.0]","[""ranking_0"", ""ranking_1"", ""ranking_2"", ""ranking_3""]",203.64999389648438,6127.1259765625,27975
2026-05-07T11:50:14Z,77,2,46,48,0.15000000596046448,0.30000001192092896,first_finish,0,,1.0,1.0,12.868064880371094,70.49928283691406,70.49928283691406,45.0,45.0,45.0,0,48,0,0.0,1.0,0.0,0,1,70.49928283691406,69.23076629638672,70.49928283691406,"[0.0, 70.49928283691406, -23.110000610351562, -1.0]",12.868064880371094,11.485042572021484,12.868064880371094,15.927861213684082,15.927861213684082,979.7673950195312,23.110000610351562,70499262529536.0,70499262529536.0,lexicographic,,0,0.0,"[0.0, 70.49928283691406, -23.110000610351562, -1.0]","[""ranking_0"", ""ranking_1"", ""ranking_2"", ""ranking_3""]",233.3000030517578,7620.5244140625,31898
2026-05-07T11:54:29Z,78,2,46,48,0.15000000596046448,0.30000001192092896,first_finish,0,,1.0,1.0,11.8837308883667,70.49928283691406,70.49928283691406,45.0,45.0,45.0,0,48,0,0.0,1.0,0.0,0,1,70.49928283691406,69.23076629638672,70.49928283691406,"[0.0, 70.49928283691406, -23.110000610351562, -1.0]",11.8837308883667,10.523503303527832,11.8837308883667,14.25157642364502,14.25157642364502,979.7673950195312,23.110000610351562,70499262529536.0,70499262529536.0,lexicographic,,0,0.0,"[0.0, 70.49928283691406, -23.110000610351562, -1.0]","[""ranking_0"", ""ranking_1"", ""ranking_2"", ""ranking_3""]",223.67001342773438,6714.5107421875,30650
2026-05-07T11:58:24Z,79,2,46,48,0.15000000596046448,0.30000001192092896,first_finish,0,,1.0,1.0,10.913723945617676,70.49928283691406,70.49928283691406,45.0,45.0,45.0,0,48,0,0.0,1.0,0.0,0,1,70.49928283691406,69.23076629638672,70.49928283691406,"[0.0, 70.49928283691406, -23.110000610351562, -1.0]",10.913723945617676,9.615384101867676,10.913723945617676,12.909505844116211,12.909505844116211,979.7673950195312,23.110000610351562,70499262529536.0,70499262529536.0,lexicographic,,0,0.0,"[0.0, 70.49928283691406, -23.110000610351562, -1.0]","[""ranking_0"", ""ranking_1"", ""ranking_2"", ""ranking_3""]",204.26998901367188,5898.66552734375,27699
2026-05-07T12:02:35Z,80,2,46,48,0.15000000596046448,0.30000001192092896,first_finish,0,,1.0,1.0,12.17498779296875,70.49928283691406,70.49928283691406,45.0,45.0,45.0,0,48,0,0.0,1.0,0.0,0,1,70.49928283691406,69.23076629638672,70.49928283691406,"[0.0, 70.49928283691406, -23.110000610351562, -1.0]",12.17498779296875,10.630341529846191,12.17498779296875,13.229254722595215,13.229254722595215,979.7673950195312,23.110000610351562,70499262529536.0,70499262529536.0,lexicographic,,0,0.0,"[0.0, 70.49928283691406, -23.110000610351562, -1.0]","[""ranking_0"", ""ranking_1"", ""ranking_2"", ""ranking_3""]",219.35000610351562,6585.70361328125,29857
2026-05-07T12:06:43Z,81,2,46,48,0.15000000596046448,0.30000001192092896,first_finish,0,,1.0,1.0,11.928802490234375,70.49928283691406,70.49928283691406,45.0,45.0,45.0,0,48,0,0.0,1.0,0.0,0,1,70.49928283691406,69.23076629638672,70.49928283691406,"[0.0, 70.49928283691406, -23.110000610351562, -1.0]",11.928802490234375,10.470085144042969,11.928802490234375,13.007206916809082,13.007206916809082,979.7673950195312,23.110000610351562,70499262529536.0,70499262529536.0,lexicographic,,0,0.0,"[0.0, 70.49928283691406, -23.110000610351562, -1.0]","[""ranking_0"", ""ranking_1"", ""ranking_2"", ""ranking_3""]",216.4600067138672,6585.037109375,29486
2026-05-07T12:10:40Z,82,2,46,48,0.15000000596046448,0.30000001192092896,first_finish,0,,1.0,1.0,10.724143981933594,70.49928283691406,70.49928283691406,45.0,45.0,45.0,0,48,0,0.0,1.0,0.0,0,1,70.49928283691406,69.23076629638672,70.49928283691406,"[0.0, 70.49928283691406, -23.110000610351562, -1.0]",10.724143981933594,9.29487133026123,10.724143981933594,12.73233413696289,12.73233413696289,979.7673950195312,23.110000610351562,70499262529536.0,70499262529536.0,lexicographic,,0,0.0,"[0.0, 70.49928283691406, -23.110000610351562, -1.0]","[""ranking_0"", ""ranking_1"", ""ranking_2"", ""ranking_3""]",204.6199951171875,5813.583984375,27939
2026-05-07T12:14:42Z,83,2,46,48,0.15000000596046448,0.30000001192092896,first_finish,0,,1.0,1.0,11.317530632019043,70.49928283691406,70.49928283691406,45.0,45.0,45.0,0,48,0,0.0,1.0,0.0,0,1,70.49928283691406,69.23076629638672,70.49928283691406,"[0.0, 70.49928283691406, -23.110000610351562, -1.0]",11.317530632019043,9.935896873474121,11.317530632019043,12.442923545837402,12.442923545837402,979.7673950195312,23.110000610351562,70499262529536.0,70499262529536.0,lexicographic,,0,0.0,"[0.0, 70.49928283691406, -23.110000610351562, -1.0]","[""ranking_0"", ""ranking_1"", ""ranking_2"", ""ranking_3""]",210.39999389648438,6002.44189453125,28732
2026-05-07T12:18:33Z,84,2,46,48,0.15000000596046448,0.30000001192092896,first_finish,0,,1.0,1.0,10.608481407165527,70.49928283691406,70.49928283691406,45.0,45.0,45.0,0,48,0,0.0,1.0,0.0,0,1,70.49928283691406,69.23076629638672,70.49928283691406,"[0.0, 70.49928283691406, -23.110000610351562, -1.0]",10.608481407165527,9.081195831298828,10.608481407165527,12.894036293029785,12.894036293029785,979.7673950195312,23.110000610351562,70499262529536.0,70499262529536.0,lexicographic,,0,0.0,"[0.0, 70.49928283691406, -23.110000610351562, -1.0]","[""ranking_0"", ""ranking_1"", ""ranking_2"", ""ranking_3""]",199.94000244140625,5667.740234375,27279
2026-05-07T12:22:11Z,85,2,46,48,0.15000000596046448,0.30000001192092896,first_finish,0,,1.0,1.0,9.548933982849121,70.49928283691406,70.49928283691406,45.0,45.0,45.0,0,48,0,0.0,1.0,0.0,0,1,70.49928283691406,69.23076629638672,70.49928283691406,"[0.0, 70.49928283691406, -23.110000610351562, -1.0]",9.548933982849121,8.226494789123535,9.548933982849121,12.542945861816406,12.542945861816406,979.7673950195312,23.110000610351562,70499262529536.0,70499262529536.0,lexicographic,,0,0.0,"[0.0, 70.49928283691406, -23.110000610351562, -1.0]","[""ranking_0"", ""ranking_1"", ""ranking_2"", ""ranking_3""]",186.10000610351562,5031.0087890625,25222
2026-05-07T12:26:49Z,86,2,46,48,0.15000000596046448,0.30000001192092896,first_finish,0,,1.0,1.0,13.36004638671875,76.72299116085736,76.72299116085736,45.0,45.0,45.0,0,48,0,0.0,1.0,0.0,0,1,76.72299116085736,74.35897435897436,76.72299116085736,"[0.0, 76.72299116085736, -27.25, -1.0]",13.36004638671875,11.965811729431152,13.36004638671875,16.526330947875977,16.526330947875977,1054.3427734375,27.25,76722963910856.36,76722963910856.36,lexicographic,,0,0.0,"[0.0, 76.72299116085736, -27.25, -1.0]","[""ranking_0"", ""ranking_1"", ""ranking_2"", ""ranking_3""]",246.92996215820312,7602.9892578125,33541
2026-05-07T12:30:43Z,87,2,46,48,0.15000000596046448,0.30000001192092896,first_finish,0,,1.0,1.0,10.433479309082031,76.72299116085736,76.72299116085736,45.0,45.0,45.0,0,48,0,0.0,1.0,0.0,0,1,76.72299116085736,74.35897435897436,76.72299116085736,"[0.0, 76.72299116085736, -27.25, -1.0]",10.433479309082031,9.027777671813965,10.433479309082031,14.232281684875488,14.232281684875488,1054.3427734375,27.25,76722963910856.36,76722963910856.36,lexicographic,,0,0.0,"[0.0, 76.72299116085736, -27.25, -1.0]","[""ranking_0"", ""ranking_1"", ""ranking_2"", ""ranking_3""]",211.36000061035156,5673.779296875,28625
2026-05-07T12:34:58Z,88,2,46,48,0.15000000596046448,0.30000001192092896,first_finish,0,,1.0,1.0,11.946979522705078,76.72299116085736,76.72299116085736,45.0,45.0,45.0,0,48,0,0.0,1.0,0.0,0,1,76.72299116085736,74.35897435897436,76.72299116085736,"[0.0, 76.72299116085736, -27.25, -1.0]",11.946979522705078,10.523504257202148,11.946979522705078,14.18272590637207,14.18272590637207,1054.3427734375,27.25,76722963910856.36,76722963910856.36,lexicographic,,0,0.0,"[0.0, 76.72299116085736, -27.25, -1.0]","[""ranking_0"", ""ranking_1"", ""ranking_2"", ""ranking_3""]",232.33999633789062,6476.0830078125,31669
2026-05-07T12:38:49Z,89,2,46,48,0.15000000596046448,0.30000001192092896,first_finish,0,,1.0,1.0,10.513279914855957,76.72299116085736,76.72299116085736,45.0,45.0,45.0,0,48,0,0.0,1.0,0.0,0,1,76.72299116085736,74.35897435897436,76.72299116085736,"[0.0, 76.72299116085736, -27.25, -1.0]",10.513279914855957,8.974358558654785,10.513279914855957,13.887032508850098,13.887032508850098,1054.3427734375,27.25,76722963910856.36,76722963910856.36,lexicographic,,0,0.0,"[0.0, 76.72299116085736, -27.25, -1.0]","[""ranking_0"", ""ranking_1"", ""ranking_2"", ""ranking_3""]",207.6400146484375,5603.24853515625,28033
2026-05-07T12:43:09Z,90,2,46,48,0.15000000596046448,0.30000001192092896,first_finish,0,,1.0,1.0,12.282383918762207,76.72299116085736,76.72299116085736,45.0,45.0,45.0,0,48,0,0.0,1.0,0.0,0,1,76.72299116085736,74.35897435897436,76.72299116085736,"[0.0, 76.72299116085736, -27.25, -1.0]",12.282383918762207,10.683760643005371,12.282383918762207,16.68179702758789,16.68179702758789,1054.3427734375,27.25,76722963910856.36,76722963910856.36,lexicographic,,0,0.0,"[0.0, 76.72299116085736, -27.25, -1.0]","[""ranking_0"", ""ranking_1"", ""ranking_2"", ""ranking_3""]",237.4099884033203,7082.0244140625,32342
2026-05-07T12:47:17Z,91,2,46,48,0.15000000596046448,0.30000001192092896,first_finish,0,,1.0,1.0,12.07366943359375,76.72299116085736,76.72299116085736,45.0,45.0,45.0,0,48,0,0.0,1.0,0.0,0,1,76.72299116085736,74.35897435897436,76.72299116085736,"[0.0, 76.72299116085736, -27.25, -1.0]",12.07366943359375,10.683760643005371,12.07366943359375,14.631686210632324,14.631686210632324,1054.3427734375,27.25,76722963910856.36,76722963910856.36,lexicographic,,0,0.0,"[0.0, 76.72299116085736, -27.25, -1.0]","[""ranking_0"", ""ranking_1"", ""ranking_2"", ""ranking_3""]",224.739990234375,6683.58056640625,30661
2026-05-07T12:51:51Z,92,2,46,48,0.15000000596046448,0.30000001192092896,first_finish,0,,1.0,1.0,13.462206840515137,79.48717948717949,79.48717948717949,45.0,45.0,45.0,0,48,0,0.0,1.0,0.0,0,1,79.48717948717949,76.92307692307693,79.48717948717949,"[0.0, 79.48717948717949, -27.579999923706055, -1.0]",13.462206840515137,11.912392616271973,13.462206840515137,18.084714889526367,18.084714889526367,1067.4886474609375,27.579999923706055,79487151907178.56,79487151907178.56,lexicographic,,0,0.0,"[0.0, 79.48717948717949, -27.579999923706055, -1.0]","[""ranking_0"", ""ranking_1"", ""ranking_2"", ""ranking_3""]",251.53001403808594,7762.81787109375,34262
2026-05-07T12:56:10Z,93,2,46,48,0.15000000596046448,0.30000001192092896,first_finish,0,,1.0,1.0,12.254429817199707,79.48717948717949,79.48717948717949,45.0,45.0,45.0,0,48,0,0.0,1.0,0.0,0,1,79.48717948717949,76.92307692307693,79.48717948717949,"[0.0, 79.48717948717949, -27.579999923706055, -1.0]",12.254429817199707,10.897435188293457,12.254429817199707,15.49318790435791,15.49318790435791,1067.4886474609375,27.579999923706055,79487151907178.56,79487151907178.56,lexicographic,,0,0.0,"[0.0, 79.48717948717949, -27.579999923706055, -1.0]","[""ranking_0"", ""ranking_1"", ""ranking_2"", ""ranking_3""]",239.69998168945312,6696.6708984375,33545
2026-05-07T13:00:34Z,94,2,46,48,0.15000000596046448,0.30000001192092896,first_finish,0,,1.0,1.0,12.4826078414917,79.48717948717949,79.48717948717949,45.0,45.0,45.0,0,48,0,0.0,1.0,0.0,0,1,79.48717948717949,76.92307692307693,79.48717948717949,"[0.0, 79.48717948717949, -27.579999923706055, -1.0]",12.4826078414917,11.0042724609375,12.4826078414917,16.672719955444336,16.672719955444336,1067.4886474609375,27.579999923706055,79487151907178.56,79487151907178.56,lexicographic,,0,0.0,"[0.0, 79.48717948717949, -27.579999923706055, -1.0]","[""ranking_0"", ""ranking_1"", ""ranking_2"", ""ranking_3""]",245.4600067138672,7133.84716796875,34564
2026-05-07T13:05:10Z,95,2,46,48,0.15000000596046448,0.30000001192092896,first_finish,0,,1.0,1.0,13.354310035705566,79.48717948717949,79.48717948717949,45.0,45.0,45.0,0,48,0,0.0,1.0,0.0,0,1,79.48717948717949,76.92307692307693,79.48717948717949,"[0.0, 79.48717948717949, -27.579999923706055, -1.0]",13.354310035705566,11.75213623046875,13.354310035705566,16.31605339050293,16.31605339050293,1067.4886474609375,27.579999923706055,79487151907178.56,79487151907178.56,lexicographic,,0,0.0,"[0.0, 79.48717948717949, -27.579999923706055, -1.0]","[""ranking_0"", ""ranking_1"", ""ranking_2"", ""ranking_3""]",257.489990234375,7470.919921875,36242
2026-05-07T13:09:55Z,96,2,46,48,0.15000000596046448,0.30000001192092896,first_finish,0,,1.0,1.0,13.980502128601074,79.48717948717949,79.48717948717949,45.0,45.0,45.0,0,48,0,0.0,1.0,0.0,0,1,79.48717948717949,76.92307692307693,79.48717948717949,"[0.0, 79.48717948717949, -27.579999923706055, -1.0]",13.980502128601074,12.339743614196777,13.980502128601074,18.53127098083496,18.53127098083496,1067.4886474609375,27.579999923706055,79487151907178.56,79487151907178.56,lexicographic,,0,0.0,"[0.0, 79.48717948717949, -27.579999923706055, -1.0]","[""ranking_0"", ""ranking_1"", ""ranking_2"", ""ranking_3""]",267.08001708984375,8169.44921875,37489
2026-05-07T13:14:33Z,97,2,46,48,0.15000000596046448,0.30000001192092896,first_finish,0,,1.0,1.0,13.580089569091797,79.48717948717949,79.48717948717949,45.0,45.0,45.0,0,48,0,0.0,1.0,0.0,0,1,79.48717948717949,76.92307692307693,79.48717948717949,"[0.0, 79.48717948717949, -27.579999923706055, -1.0]",13.580089569091797,11.965811729431152,13.580089569091797,16.175241470336914,16.175241470336914,1067.4886474609375,27.579999923706055,79487151907178.56,79487151907178.56,lexicographic,,0,0.0,"[0.0, 79.48717948717949, -27.579999923706055, -1.0]","[""ranking_0"", ""ranking_1"", ""ranking_2"", ""ranking_3""]",259.25,7626.25927734375,36553
2026-05-07T13:19:49Z,98,2,46,48,0.15000000596046448,0.30000001192092896,first_finish,0,,1.0,1.0,15.4683198928833,79.48717948717949,79.48717948717949,45.0,45.0,45.0,0,48,0,0.0,1.0,0.0,0,1,79.48717948717949,76.92307692307693,79.48717948717949,"[0.0, 79.48717948717949, -27.579999923706055, -1.0]",15.4683198928833,13.942306518554688,15.4683198928833,17.082538604736328,17.082538604736328,1067.4886474609375,27.579999923706055,79487151907178.56,79487151907178.56,lexicographic,,0,0.0,"[0.0, 79.48717948717949, -27.579999923706055, -1.0]","[""ranking_0"", ""ranking_1"", ""ranking_2"", ""ranking_3""]",297.4800109863281,9084.052734375,41975
2026-05-07T13:24:52Z,99,2,46,48,0.15000000596046448,0.30000001192092896,first_finish,0,,1.0,1.0,14.51097583770752,79.48717948717949,79.48717948717949,45.0,45.0,45.0,0,48,0,0.0,1.0,0.0,0,1,79.48717948717949,76.92307692307693,79.48717948717949,"[0.0, 79.48717948717949, -27.579999923706055, -1.0]",14.51097583770752,13.034187316894531,14.51097583770752,17.457622528076172,17.457622528076172,1067.4886474609375,27.579999923706055,79487151907178.56,79487151907178.56,lexicographic,,0,0.0,"[0.0, 79.48717948717949, -27.579999923706055, -1.0]","[""ranking_0"", ""ranking_1"", ""ranking_2"", ""ranking_3""]",284.7200012207031,8737.560546875,40149
2026-05-07T13:30:30Z,100,2,46,48,0.15000000596046448,0.30000001192092896,first_finish,0,,1.0,1.0,15.316861152648926,79.48717948717949,79.48717948717949,45.0,45.0,45.0,0,48,0,0.0,1.0,0.0,0,1,79.48717948717949,76.92307692307693,79.48717948717949,"[0.0, 79.48717948717949, -27.579999923706055, -1.0]",15.316861152648926,13.568374633789062,15.316861152648926,18.760417938232422,18.760417938232422,1067.4886474609375,27.579999923706055,79487151907178.56,79487151907178.56,lexicographic,,0,0.0,"[0.0, 79.48717948717949, -27.579999923706055, -1.0]","[""ranking_0"", ""ranking_1"", ""ranking_2"", ""ranking_3""]",318.4800109863281,9069.125,44786
2026-05-07T13:35:51Z,101,2,46,48,0.15000000596046448,0.30000001192092896,first_finish,0,,1.0,1.0,14.756664276123047,79.48717948717949,79.48717948717949,45.0,45.0,45.0,0,48,0,0.0,1.0,0.0,0,1,79.48717948717949,76.92307692307693,79.48717948717949,"[0.0, 79.48717948717949, -27.579999923706055, -1.0]",14.756664276123047,13.194443702697754,14.756664276123047,16.750308990478516,16.750308990478516,1067.4886474609375,27.579999923706055,79487151907178.56,79487151907178.56,lexicographic,,0,0.0,"[0.0, 79.48717948717949, -27.579999923706055, -1.0]","[""ranking_0"", ""ranking_1"", ""ranking_2"", ""ranking_3""]",303.010009765625,8713.208984375,42820
2026-05-07T13:41:43Z,102,2,46,48,0.15000000596046448,0.30000001192092896,first_finish,0,,1.0,1.0,16.150272369384766,79.48717948717949,79.48717948717949,45.0,45.0,45.0,0,48,0,0.0,1.0,0.0,0,1,79.48717948717949,76.92307692307693,79.48717948717949,"[0.0, 79.48717948717949, -27.579999923706055, -1.0]",16.150272369384766,14.529914855957031,16.150272369384766,19.0116024017334,19.0116024017334,1067.4886474609375,27.579999923706055,79487151907178.56,79487151907178.56,lexicographic,,0,0.0,"[0.0, 79.48717948717949, -27.579999923706055, -1.0]","[""ranking_0"", ""ranking_1"", ""ranking_2"", ""ranking_3""]",332.54998779296875,9985.19921875,46988
2026-05-07T13:49:58Z,103,2,46,48,0.15000000596046448,0.30000001192092896,first_finish,0,,1.0,1.0,24.224319458007812,79.48717948717949,79.48717948717949,45.0,45.0,45.0,0,48,0,0.0,1.0,0.0,0,1,79.48717948717949,76.92307692307693,79.48717948717949,"[0.0, 79.48717948717949, -27.579999923706055, -1.0]",24.224319458007812,22.489316940307617,24.224319458007812,23.407928466796875,23.407928466796875,1067.4886474609375,27.579999923706055,79487151907178.56,79487151907178.56,lexicographic,,0,0.0,"[0.0, 79.48717948717949, -27.579999923706055, -1.0]","[""ranking_0"", ""ranking_1"", ""ranking_2"", ""ranking_3""]",476.510009765625,15470.142578125,66962
2026-05-07T13:55:25Z,104,2,46,48,0.15000000596046448,0.30000001192092896,first_finish,0,,1.0,1.0,14.79358959197998,79.48717948717949,79.48717948717949,45.0,45.0,45.0,0,48,0,0.0,1.0,0.0,0,1,79.48717948717949,76.92307692307693,79.48717948717949,"[0.0, 79.48717948717949, -27.579999923706055, -1.0]",14.79358959197998,13.194443702697754,14.79358959197998,16.589168548583984,16.589168548583984,1067.4886474609375,27.579999923706055,79487151907178.56,79487151907178.56,lexicographic,,0,0.0,"[0.0, 79.48717948717949, -27.579999923706055, -1.0]","[""ranking_0"", ""ranking_1"", ""ranking_2"", ""ranking_3""]",308.80999755859375,8649.806640625,43575
2026-05-07T14:00:37Z,105,2,46,48,0.15000000596046448,0.30000001192092896,first_finish,0,,1.0,1.0,13.99786376953125,79.48717948717949,79.48717948717949,45.0,45.0,45.0,0,48,0,0.0,1.0,0.0,0,1,79.48717948717949,76.92307692307693,79.48717948717949,"[0.0, 79.48717948717949, -27.579999923706055, -1.0]",13.99786376953125,12.660256385803223,13.99786376953125,16.83899688720703,16.83899688720703,1067.4886474609375,27.579999923706055,79487151907178.56,79487151907178.56,lexicographic,,0,0.0,"[0.0, 79.48717948717949, -27.579999923706055, -1.0]","[""ranking_0"", ""ranking_1"", ""ranking_2"", ""ranking_3""]",293.92999267578125,8279.4140625,41534
2026-05-07T14:07:02Z,106,2,46,48,0.15000000596046448,0.30000001192092896,first_finish,0,,1.0,1.0,18.21773338317871,79.48717948717949,79.48717948717949,45.0,45.0,45.0,0,48,0,0.0,1.0,0.0,0,1,79.48717948717949,76.92307692307693,79.48717948717949,"[0.0, 79.48717948717949, -27.579999923706055, -1.0]",18.21773338317871,16.45298957824707,18.21773338317871,18.568004608154297,18.568004608154297,1067.4886474609375,27.579999923706055,79487151907178.56,79487151907178.56,lexicographic,,0,0.0,"[0.0, 79.48717948717949, -27.579999923706055, -1.0]","[""ranking_0"", ""ranking_1"", ""ranking_2"", ""ranking_3""]",366.32000732421875,11072.1826171875,51683
2026-05-07T14:12:05Z,107,2,46,48,0.15000000596046448,0.30000001192092896,first_finish,0,,1.0,1.0,12.801002502441406,79.48717948717949,79.48717948717949,45.0,45.0,45.0,0,48,0,0.0,1.0,0.0,0,1,79.48717948717949,76.92307692307693,79.48717948717949,"[0.0, 79.48717948717949, -27.579999923706055, -1.0]",12.801002502441406,11.431622505187988,12.801002502441406,16.3809814453125,16.3809814453125,1067.4886474609375,27.579999923706055,79487151907178.56,79487151907178.56,lexicographic,,0,0.0,"[0.0, 79.48717948717949, -27.579999923706055, -1.0]","[""ranking_0"", ""ranking_1"", ""ranking_2"", ""ranking_3""]",284.489990234375,7338.86669921875,40156
2026-05-07T14:18:16Z,108,2,46,48,0.15000000596046448,0.30000001192092896,first_finish,0,,1.0,1.0,18.228233337402344,79.48717948717949,79.48717948717949,45.0,45.0,45.0,0,48,0,0.0,1.0,0.0,0,1,79.48717948717949,76.92307692307693,79.48717948717949,"[0.0, 79.48717948717949, -27.579999923706055, -1.0]",18.228233337402344,16.613248825073242,18.228233337402344,19.056636810302734,19.056636810302734,1067.4886474609375,27.579999923706055,79487151907178.56,79487151907178.56,lexicographic,,0,0.0,"[0.0, 79.48717948717949, -27.579999923706055, -1.0]","[""ranking_0"", ""ranking_1"", ""ranking_2"", ""ranking_3""]",352.969970703125,11196.517578125,49691
2026-05-07T14:24:35Z,109,2,46,48,0.15000000596046448,0.30000001192092896,first_finish,0,,1.0,1.0,17.285593032836914,79.48717948717949,79.48717948717949,45.0,45.0,45.0,0,48,0,0.0,1.0,0.0,0,1,79.48717948717949,76.92307692307693,79.48717948717949,"[0.0, 79.48717948717949, -27.579999923706055, -1.0]",17.285593032836914,15.75854778289795,17.285593032836914,18.61780548095703,18.61780548095703,1067.4886474609375,27.579999923706055,79487151907178.56,79487151907178.56,lexicographic,,0,0.0,"[0.0, 79.48717948717949, -27.579999923706055, -1.0]","[""ranking_0"", ""ranking_1"", ""ranking_2"", ""ranking_3""]",360.3800048828125,10481.5830078125,50924
2026-05-07T14:30:27Z,110,2,46,48,0.15000000596046448,0.30000001192092896,first_finish,0,,1.0,1.0,15.781062126159668,79.48717948717949,79.48717948717949,45.0,45.0,45.0,0,48,0,0.0,1.0,0.0,0,1,79.48717948717949,76.92307692307693,79.48717948717949,"[0.0, 79.48717948717949, -27.579999923706055, -1.0]",15.781062126159668,14.423075675964355,15.781062126159668,20.426137924194336,20.426137924194336,1067.4886474609375,27.579999923706055,79487151907178.56,79487151907178.56,lexicographic,,0,0.0,"[0.0, 79.48717948717949, -27.579999923706055, -1.0]","[""ranking_0"", ""ranking_1"", ""ranking_2"", ""ranking_3""]",333.739990234375,9452.431640625,46764
2026-05-07T14:36:30Z,111,2,46,48,0.15000000596046448,0.30000001192092896,first_finish,0,,1.0,1.0,16.912599563598633,87.17948717948718,87.17948717948718,45.0,45.0,45.0,0,48,0,0.0,1.0,0.0,0,1,87.17948717948718,84.61538461538461,87.17948717948718,"[0.0, 87.17948717948718, -31.56999969482422, -1.0]",16.912599563598633,15.117520332336426,16.912599563598633,19.83986473083496,19.83986473083496,1197.3126220703125,31.56999969482422,87179455609486.5,87179455609486.5,lexicographic,,0,0.0,"[0.0, 87.17948717948718, -31.56999969482422, -1.0]","[""ranking_0"", ""ranking_1"", ""ranking_2"", ""ranking_3""]",346.9700012207031,10231.228515625,48944
2026-05-07T14:41:38Z,112,2,46,48,0.15000000596046448,0.30000001192092896,first_finish,0,,1.0,1.0,11.956149101257324,87.17948717948718,87.17948717948718,45.0,45.0,45.0,0,48,0,0.0,1.0,0.0,0,1,87.17948717948718,84.61538461538461,87.17948717948718,"[0.0, 87.17948717948718, -31.56999969482422, -1.0]",11.956149101257324,10.523503303527832,11.956149101257324,18.10733985900879,18.10733985900879,1197.3126220703125,31.56999969482422,87179455609486.5,87179455609486.5,lexicographic,,0,0.0,"[0.0, 87.17948717948718, -31.56999969482422, -1.0]","[""ranking_0"", ""ranking_1"", ""ranking_2"", ""ranking_3""]",292.79998779296875,6725.892578125,41332
2026-05-07T14:47:38Z,113,2,46,48,0.15000000596046448,0.30000001192092896,first_finish,0,,1.0,1.0,14.93708324432373,87.17948717948718,87.17948717948718,45.0,45.0,45.0,0,48,0,0.0,1.0,0.0,0,1,87.17948717948718,84.61538461538461,87.17948717948718,"[0.0, 87.17948717948718, -31.56999969482422, -1.0]",14.93708324432373,13.354701042175293,14.93708324432373,19.211185455322266,19.211185455322266,1197.3126220703125,31.56999969482422,87179455609486.5,87179455609486.5,lexicographic,,0,0.0,"[0.0, 87.17948717948718, -31.56999969482422, -1.0]","[""ranking_0"", ""ranking_1"", ""ranking_2"", ""ranking_3""]",346.2699890136719,8552.6474609375,48769
2026-05-07T14:54:36Z,114,2,46,48,0.15000000596046448,0.30000001192092896,first_finish,0,,1.0,1.0,18.46589469909668,87.17948717948718,87.17948717948718,45.0,45.0,45.0,0,48,0,0.0,1.0,0.0,0,1,87.17948717948718,84.61538461538461,87.17948717948718,"[0.0, 87.17948717948718, -31.56999969482422, -1.0]",18.46589469909668,16.77350425720215,18.46589469909668,23.120397567749023,23.120397567749023,1197.3126220703125,31.56999969482422,87179455609486.5,87179455609486.5,lexicographic,,0,0.0,"[0.0, 87.17948717948718, -31.56999969482422, -1.0]","[""ranking_0"", ""ranking_1"", ""ranking_2"", ""ranking_3""]",403.05999755859375,11135.05078125,56376
2026-05-07T15:01:55Z,115,2,46,48,0.15000000596046448,0.30000001192092896,first_finish,0,,1.0,1.0,20.08685874938965,87.17948717948718,87.17948717948718,45.0,45.0,45.0,0,48,0,0.0,1.0,0.0,0,1,87.17948717948718,84.61538461538461,87.17948717948718,"[0.0, 87.17948717948718, -31.56999969482422, -1.0]",20.08685874938965,18.429487228393555,20.08685874938965,20.815135955810547,20.815135955810547,1197.3126220703125,31.56999969482422,87179455609486.5,87179455609486.5,lexicographic,,0,0.0,"[0.0, 87.17948717948718, -31.56999969482422, -1.0]","[""ranking_0"", ""ranking_1"", ""ranking_2"", ""ranking_3""]",424.22998046875,12606.6884765625,60033
2026-05-07T15:08:21Z,116,2,46,48,0.15000000596046448,0.30000001192092896,first_finish,0,,1.0,1.0,17.128480911254883,87.17948717948718,87.17948717948718,45.0,45.0,45.0,0,48,0,0.0,1.0,0.0,0,1,87.17948717948718,84.61538461538461,87.17948717948718,"[0.0, 87.17948717948718, -31.56999969482422, -1.0]",17.128480911254883,15.865384101867676,17.128480911254883,20.535411834716797,20.535411834716797,1197.3126220703125,31.56999969482422,87179455609486.5,87179455609486.5,lexicographic,,0,0.0,"[0.0, 87.17948717948718, -31.56999969482422, -1.0]","[""ranking_0"", ""ranking_1"", ""ranking_2"", ""ranking_3""]",372.21002197265625,10379.216796875,52503
2026-05-07T15:16:31Z,117,2,46,48,0.15000000596046448,0.30000001192092896,first_finish,0,,1.0,1.0,24.158517837524414,87.17948717948718,87.17948717948718,45.0,45.0,45.0,0,48,0,0.0,1.0,0.0,0,1,87.17948717948718,84.61538461538461,87.17948717948718,"[0.0, 87.17948717948718, -31.56999969482422, -1.0]",24.158517837524414,22.542734146118164,24.158517837524414,21.927064895629883,21.927064895629883,1197.3126220703125,31.56999969482422,87179455609486.5,87179455609486.5,lexicographic,,0,0.0,"[0.0, 87.17948717948718, -31.56999969482422, -1.0]","[""ranking_0"", ""ranking_1"", ""ranking_2"", ""ranking_3""]",474.760009765625,15671.5029296875,66935
2026-05-07T15:22:10Z,118,2,46,48,0.15000000596046448,0.30000001192092896,first_finish,0,,1.0,1.0,15.108477592468262,87.17948717948718,87.17948717948718,45.0,45.0,45.0,0,48,0,0.0,1.0,0.0,0,1,87.17948717948718,84.61538461538461,87.17948717948718,"[0.0, 87.17948717948718, -31.56999969482422, -1.0]",15.108477592468262,13.5149564743042,15.108477592468262,19.781192779541016,19.781192779541016,1197.3126220703125,31.56999969482422,87179455609486.5,87179455609486.5,lexicographic,,0,0.0,"[0.0, 87.17948717948718, -31.56999969482422, -1.0]","[""ranking_0"", ""ranking_1"", ""ranking_2"", ""ranking_3""]",325.239990234375,9127.1962890625,45906
2026-05-07T15:28:40Z,119,2,46,48,0.15000000596046448,0.30000001192092896,first_finish,0,,1.0,1.0,18.370704650878906,87.17948717948718,87.17948717948718,45.0,45.0,45.0,0,48,0,0.0,1.0,0.0,0,1,87.17948717948718,84.61538461538461,87.17948717948718,"[0.0, 87.17948717948718, -31.56999969482422, -1.0]",18.370704650878906,16.77350425720215,18.370704650878906,22.335933685302734,22.335933685302734,1197.3126220703125,31.56999969482422,87179455609486.5,87179455609486.5,lexicographic,,0,0.0,"[0.0, 87.17948717948718, -31.56999969482422, -1.0]","[""ranking_0"", ""ranking_1"", ""ranking_2"", ""ranking_3""]",375.30999755859375,11041.736328125,52619
2026-05-07T15:36:27Z,120,2,46,48,0.15000000596046448,0.30000001192092896,first_finish,0,,1.0,1.0,21.879491806030273,94.1629898853791,94.1629898853791,45.0,45.0,45.0,0,48,0,0.0,1.0,0.0,0,1,94.1629898853791,92.3076923076923,94.1629898853791,"[0.0, 94.1629898853791, -34.20000076293945, -1.0]",21.879491806030273,20.352563858032227,21.879491806030273,25.131072998046875,25.131072998046875,1295.97265625,34.20000076293945,94162955685377.34,94162955685377.34,lexicographic,,0,0.0,"[0.0, 94.1629898853791, -34.20000076293945, -1.0]","[""ranking_0"", ""ranking_1"", ""ranking_2"", ""ranking_3""]",452.58001708984375,13266.955078125,63736
2026-05-07T15:44:03Z,121,2,46,48,0.15000000596046448,0.30000001192092896,first_finish,0,,1.0,1.0,21.601301193237305,94.1629898853791,94.1629898853791,45.0,45.0,45.0,0,48,0,0.0,1.0,0.0,0,1,94.1629898853791,92.3076923076923,94.1629898853791,"[0.0, 94.1629898853791, -34.20000076293945, -1.0]",21.601301193237305,19.9786319732666,21.601301193237305,22.02296257019043,22.02296257019043,1295.97265625,34.20000076293945,94162955685377.34,94162955685377.34,lexicographic,,0,0.0,"[0.0, 94.1629898853791, -34.20000076293945, -1.0]","[""ranking_0"", ""ranking_1"", ""ranking_2"", ""ranking_3""]",449.489990234375,13274.669921875,63487
2026-05-07T15:50:35Z,122,2,46,48,0.15000000596046448,0.30000001192092896,first_finish,0,,1.0,1.0,18.13078498840332,94.1629898853791,94.1629898853791,45.0,45.0,45.0,0,48,0,0.0,1.0,0.0,0,1,94.1629898853791,92.3076923076923,94.1629898853791,"[0.0, 94.1629898853791, -34.20000076293945, -1.0]",18.13078498840332,16.72008514404297,18.13078498840332,22.104305267333984,22.104305267333984,1295.97265625,34.20000076293945,94162955685377.34,94162955685377.34,lexicographic,,0,0.0,"[0.0, 94.1629898853791, -34.20000076293945, -1.0]","[""ranking_0"", ""ranking_1"", ""ranking_2"", ""ranking_3""]",386.91998291015625,10826.5126953125,54610
2026-05-07T15:57:17Z,123,2,46,48,0.15000000596046448,0.30000001192092896,first_finish,0,,1.0,1.0,18.520418167114258,95.94967670929736,95.94967670929736,45.0,45.0,45.0,0,48,0,0.0,1.0,0.0,0,1,95.94967670929736,94.87179487179486,95.94967670929736,"[0.0, 95.94967670929736, -42.13999938964844, -1.0]",18.520418167114258,16.987178802490234,18.520418167114258,23.13656997680664,23.13656997680664,1237.5037841796875,42.13999938964844,95949634569296.97,95949634569296.97,lexicographic,,0,0.0,"[0.0, 95.94967670929736, -42.13999938964844, -1.0]","[""ranking_0"", ""ranking_1"", ""ranking_2"", ""ranking_3""]",395.989990234375,10992.3828125,55708
2026-05-07T16:04:14Z,124,2,46,48,0.15000000596046448,0.30000001192092896,first_finish,0,,1.0,1.0,19.566768646240234,95.94967670929736,95.94967670929736,45.0,45.0,45.0,0,48,0,0.0,1.0,0.0,0,1,95.94967670929736,94.87179487179486,95.94967670929736,"[0.0, 95.94967670929736, -42.13999938964844, -1.0]",19.566768646240234,18.05555534362793,19.566768646240234,22.88978385925293,22.88978385925293,1237.5037841796875,42.13999938964844,95949634569296.97,95949634569296.97,lexicographic,,0,0.0,"[0.0, 95.94967670929736, -42.13999938964844, -1.0]","[""ranking_0"", ""ranking_1"", ""ranking_2"", ""ranking_3""]",420.1700134277344,12126.537109375,59111
2026-05-07T16:09:44Z,125,2,46,48,0.15000000596046448,0.30000001192092896,first_finish,0,,1.0,1.0,14.51755428314209,95.94967670929736,95.94967670929736,45.0,45.0,45.0,0,48,0,0.0,1.0,0.0,0,1,95.94967670929736,94.87179487179486,95.94967670929736,"[0.0, 95.94967670929736, -42.13999938964844, -1.0]",14.51755428314209,12.873931884765625,14.51755428314209,21.51288604736328,21.51288604736328,1237.5037841796875,42.13999938964844,95949634569296.97,95949634569296.97,lexicographic,,0,0.0,"[0.0, 95.94967670929736, -42.13999938964844, -1.0]","[""ranking_0"", ""ranking_1"", ""ranking_2"", ""ranking_3""]",333.260009765625,8590.5693359375,46971
2026-05-07T16:17:41Z,126,2,46,48,0.15000000596046448,0.30000001192092896,first_finish,0,,1.0,1.0,21.22064781188965,95.94967670929736,95.94967670929736,45.0,45.0,45.0,0,48,0,0.0,1.0,0.0,0,1,95.94967670929736,94.87179487179486,95.94967670929736,"[0.0, 95.94967670929736, -42.13999938964844, -1.0]",21.22064781188965,19.711538314819336,21.22064781188965,24.695728302001953,24.695728302001953,1237.5037841796875,42.13999938964844,95949634569296.97,95949634569296.97,lexicographic,,0,0.0,"[0.0, 95.94967670929736, -42.13999938964844, -1.0]","[""ranking_0"", ""ranking_1"", ""ranking_2"", ""ranking_3""]",435.8499755859375,13255.9755859375,60908
2026-05-07T16:24:15Z,127,2,46,48,0.15000000596046448,0.30000001192092896,first_finish,0,,1.0,1.0,17.20652961730957,95.94967670929736,95.94967670929736,45.0,45.0,45.0,0,48,0,0.0,1.0,0.0,0,1,95.94967670929736,94.87179487179486,95.94967670929736,"[0.0, 95.94967670929736, -42.13999938964844, -1.0]",17.20652961730957,15.70512866973877,17.20652961730957,21.80478858947754,21.80478858947754,1237.5037841796875,42.13999938964844,95949634569296.97,95949634569296.97,lexicographic,,0,0.0,"[0.0, 95.94967670929736, -42.13999938964844, -1.0]","[""ranking_0"", ""ranking_1"", ""ranking_2"", ""ranking_3""]",396.3800048828125,11239.607421875,53561
2026-05-07T16:32:45Z,128,2,46,48,0.15000000596046448,0.30000001192092896,first_finish,1,128,0.9936330743386209,0.9976454208697105,22.403520584106445,100.0,100.0,44.92166519165039,41.2400016784668,41.2400016784668,1,47,0,0.020833333333333332,0.9791666666666666,0.0,1,0,100.0,100.0,100.0,"[1.0, 100.0, -41.2400016784668, -0.0]",22.403520584106445,20.940170288085938,22.403520584106445,26.646522521972656,26.646522521972656,1352.8408203125,41.2400016784668,1.00009999995876e+18,1.00009999995876e+18,lexicographic,,0,0.0,"[1.0, 100.0, -41.2400016784668, -0.0]","[""ranking_0"", ""ranking_1"", ""ranking_2"", ""ranking_3""]",511.9000244140625,13976.423828125,71752
2026-05-07T16:40:30Z,129,2,46,48,0.14904496707330778,0.29929363815377336,first_finish,1,128,0.9936330743386209,0.9976454208697105,20.843952178955078,100.0,100.0,44.92166519165039,41.2400016784668,41.2400016784668,1,47,0,0.020833333333333332,0.9791666666666666,0.0,1,0,100.0,100.0,100.0,"[1.0, 100.0, -41.2400016784668, -0.0]",20.843952178955078,19.55128288269043,20.843952178955078,26.243568420410156,26.243568420410156,1352.8408203125,41.2400016784668,1.00009999995876e+18,1.00009999995876e+18,lexicographic,,0,0.0,"[1.0, 100.0, -41.2400016784668, -0.0]","[""ranking_0"", ""ranking_1"", ""ranking_2"", ""ranking_3""]",474.2400207519531,12868.529296875,66860
2026-05-07T16:49:07Z,130,2,46,48,0.14809600884774934,0.2985889275995481,first_finish,1,128,0.9936330743386209,0.9976454208697105,23.076461791992188,100.0,100.0,44.78999710083008,38.68000030517578,38.68000030517578,2,46,0,0.041666666666666664,0.9583333333333334,0.0,1,0,100.0,100.0,100.0,"[1.0, 100.0, -38.68000030517578, -0.0]",23.076461791992188,21.901708602905273,23.076461791992188,27.750577926635742,27.750577926635742,1366.4910888671875,38.68000030517578,1.00009999996132e+18,1.00009999996132e+18,lexicographic,,0,0.0,"[1.0, 100.0, -38.68000030517578, -0.0]","[""ranking_0"", ""ranking_1"", ""ranking_2"", ""ranking_3""]",520.25,14562.20703125,73210
2026-05-07T16:58:42Z,131,2,46,48,0.1471530925686688,0.2978858763420867,first_finish,1,128,0.9936330743386209,0.9976454208697105,26.83307456970215,100.0,100.0,44.43124771118164,38.08000183105469,38.08000183105469,5,43,0,0.10416666666666667,0.8958333333333334,0.0,1,0,100.0,100.0,100.0,"[1.0, 100.0, -38.08000183105469, -0.0]",26.83307456970215,25.48076820373535,26.83307456970215,30.394107818603516,30.394107818603516,1378.7703857421875,38.08000183105469,1.00009999996192e+18,1.00009999996192e+18,lexicographic,,0,0.0,"[1.0, 100.0, -38.08000183105469, -0.0]","[""ranking_0"", ""ranking_1"", ""ranking_2"", ""ranking_3""]",579.010009765625,17081.7421875,81680
2026-05-07T17:09:22Z,132,2,46,48,0.14621617976744206,0.2971844804744436,first_finish,1,128,0.9936330743386209,0.9976454208697105,30.082977294921875,100.0,100.0,44.62937545776367,38.08000183105469,38.08000183105469,3,45,0,0.0625,0.9375,0.0,1,0,100.0,100.0,100.0,"[1.0, 100.0, -38.08000183105469, -0.0]",30.082977294921875,28.47222137451172,30.082977294921875,30.07792854309082,30.07792854309082,1378.7703857421875,38.08000183105469,1.00009999996192e+18,1.00009999996192e+18,lexicographic,,0,0.0,"[1.0, 100.0, -38.08000183105469, -0.0]","[""ranking_0"", ""ranking_1"", ""ranking_2"", ""ranking_3""]",642.8599853515625,19225.939453125,90494
2026-05-07T17:16:33Z,133,2,46,48,0.1452852322203719,0.2964847360988726,first_finish,1,128,0.9936330743386209,0.9976454208697105,19.73763084411621,100.0,100.0,44.72416687011719,38.08000183105469,38.08000183105469,2,46,0,0.041666666666666664,0.9583333333333334,0.0,1,0,100.0,100.0,100.0,"[1.0, 100.0, -38.08000183105469, -0.0]",19.73763084411621,18.322649002075195,19.73763084411621,25.051719665527344,25.051719665527344,1378.7703857421875,38.08000183105469,1.00009999996192e+18,1.00009999996192e+18,lexicographic,,0,0.0,"[1.0, 100.0, -38.08000183105469, -0.0]","[""ranking_0"", ""ranking_1"", ""ranking_2"", ""ranking_3""]",434.0699768066406,12101.5263671875,61024
2026-05-07T17:25:15Z,134,2,46,48,0.14436021194712859,0.2957866393268048,first_finish,1,128,0.9936330743386209,0.9976454208697105,24.691246032714844,100.0,100.0,44.72416687011719,38.08000183105469,38.08000183105469,2,46,0,0.041666666666666664,0.9583333333333334,0.0,1,0,100.0,100.0,100.0,"[1.0, 100.0, -38.08000183105469, -0.0]",24.691246032714844,23.183761596679688,24.691246032714844,28.348173141479492,28.348173141479492,1378.7703857421875,38.08000183105469,1.00009999996192e+18,1.00009999996192e+18,lexicographic,,0,0.0,"[1.0, 100.0, -38.08000183105469, -0.0]","[""ranking_0"", ""ranking_1"", ""ranking_2"", ""ranking_3""]",525.8599853515625,15713.783203125,73880
2026-05-07T17:34:27Z,135,2,46,48,0.1434410812092003,0.2950901862788275,first_finish,1,128,0.9936330743386209,0.9976454208697105,27.9740047454834,100.0,100.0,44.32437515258789,35.369998931884766,35.369998931884766,4,44,0,0.08333333333333333,0.9166666666666666,0.0,1,0,100.0,100.0,100.0,"[1.0, 100.0, -35.369998931884766, -0.0]",27.9740047454834,26.655982971191406,27.9740047454834,30.031688690185547,30.031688690185547,1377.875732421875,35.369998931884766,1.00009999996463e+18,1.00009999996463e+18,lexicographic,,0,0.0,"[1.0, 100.0, -35.369998931884766, -0.0]","[""ranking_0"", ""ranking_1"", ""ranking_2"", ""ranking_3""]",551.760009765625,18078.23046875,77874
2026-05-07T17:41:34Z,136,2,46,48,0.14252780250835348,0.2943953730846621,first_finish,1,128,0.9936330743386209,0.9976454208697105,21.196264266967773,100.0,100.0,44.41250228881836,35.369998931884766,35.369998931884766,3,45,0,0.0625,0.9375,0.0,1,0,100.0,100.0,100.0,"[1.0, 100.0, -35.369998931884766, -0.0]",21.196264266967773,19.925212860107422,21.196264266967773,28.18874740600586,28.18874740600586,1377.875732421875,35.369998931884766,1.00009999996463e+18,1.00009999996463e+18,lexicographic,,0,0.0,"[1.0, 100.0, -35.369998931884766, -0.0]","[""ranking_0"", ""ranking_1"", ""ranking_2"", ""ranking_3""]",424.1299743652344,13256.333984375,59587
2026-05-07T17:48:47Z,137,2,46,48,0.14162033858510306,0.2937021958831432,first_finish,1,128,0.9936330743386209,0.9976454208697105,20.30339813232422,100.0,100.0,44.47145462036133,35.369998931884766,35.369998931884766,3,45,0,0.0625,0.9375,0.0,1,0,100.0,100.0,100.0,"[1.0, 100.0, -35.369998931884766, -0.0]",20.30339813232422,18.75,20.30339813232422,25.37440299987793,25.37440299987793,1377.875732421875,35.369998931884766,1.00009999996463e+18,1.00009999996463e+18,lexicographic,,0,0.0,"[1.0, 100.0, -35.369998931884766, -0.0]","[""ranking_0"", ""ranking_1"", ""ranking_2"", ""ranking_3""]",429.9399719238281,12516.228515625,60755
2026-05-07T17:56:17Z,138,2,46,48,0.14071865241719236,0.29301065082219657,first_finish,1,128,0.9936330743386209,0.9976454208697105,22.7347354888916,100.0,100.0,44.6002082824707,35.369998931884766,35.369998931884766,2,46,0,0.041666666666666664,0.9583333333333334,0.0,1,0,100.0,100.0,100.0,"[1.0, 100.0, -35.369998931884766, -0.0]",22.7347354888916,21.314102172851562,22.7347354888916,27.590057373046875,27.590057373046875,1377.875732421875,35.369998931884766,1.00009999996463e+18,1.00009999996463e+18,lexicographic,,0,0.0,"[1.0, 100.0, -35.369998931884766, -0.0]","[""ranking_0"", ""ranking_1"", ""ranking_2"", ""ranking_3""]",447.9499816894531,14038.095703125,62963
2026-05-07T18:04:05Z,139,2,46,48,0.13982270721808265,0.2923207340588181,first_finish,1,128,0.9936330743386209,0.9976454208697105,21.97723388671875,100.0,100.0,44.6002082824707,35.369998931884766,35.369998931884766,2,46,0,0.041666666666666664,0.9583333333333334,0.0,1,0,100.0,100.0,100.0,"[1.0, 100.0, -35.369998931884766, -0.0]",21.97723388671875,20.673076629638672,21.97723388671875,23.33056640625,23.33056640625,1377.875732421875,35.369998931884766,1.00009999996463e+18,1.00009999996463e+18,lexicographic,,0,0.0,"[1.0, 100.0, -35.369998931884766, -0.0]","[""ranking_0"", ""ranking_1"", ""ranking_2"", ""ranking_3""]",464.6999816894531,13679.099609375,65674
2026-05-07T18:12:15Z,140,2,46,48,0.13893246643545235,0.2916324417590523,first_finish,1,128,0.9936330743386209,0.9976454208697105,22.958391189575195,100.0,100.0,44.6002082824707,35.369998931884766,35.369998931884766,2,46,0,0.041666666666666664,0.9583333333333334,0.0,1,0,100.0,100.0,100.0,"[1.0, 100.0, -35.369998931884766, -0.0]",22.958391189575195,21.58119773864746,22.958391189575195,29.256765365600586,29.256765365600586,1377.875732421875,35.369998931884766,1.00009999996463e+18,1.00009999996463e+18,lexicographic,,0,0.0,"[1.0, 100.0, -35.369998931884766, -0.0]","[""ranking_0"", ""ranking_1"", ""ranking_2"", ""ranking_3""]",487.8699951171875,14320.095703125,68307
2026-05-07T18:21:07Z,141,2,46,48,0.13804789374970577,0.29094577009797107,first_finish,1,128,0.9936330743386209,0.9976454208697105,25.339874267578125,100.0,100.0,44.6002082824707,35.369998931884766,35.369998931884766,2,46,0,0.041666666666666664,0.9583333333333334,0.0,1,0,100.0,100.0,100.0,"[1.0, 100.0, -35.369998931884766, -0.0]",25.339874267578125,23.824785232543945,25.339874267578125,28.67949104309082,28.67949104309082,1377.875732421875,35.369998931884766,1.00009999996463e+18,1.00009999996463e+18,lexicographic,,0,0.0,"[1.0, 100.0, -35.369998931884766, -0.0]","[""ranking_0"", ""ranking_1"", ""ranking_2"", ""ranking_3""]",530.0999755859375,16246.810546875,74571
2026-05-07T18:27:13Z,142,2,46,48,0.13716895307249144,0.2902607152596524,first_finish,1,128,0.9936330743386209,0.9976454208697105,16.561067581176758,100.0,100.0,44.6002082824707,35.369998931884766,35.369998931884766,2,46,0,0.041666666666666664,0.9583333333333334,0.0,1,0,100.0,100.0,100.0,"[1.0, 100.0, -35.369998931884766, -0.0]",16.561067581176758,15.0106840133667,16.561067581176758,20.78916358947754,20.78916358947754,1377.875732421875,35.369998931884766,1.00009999996463e+18,1.00009999996463e+18,lexicographic,,0,0.0,"[1.0, 100.0, -35.369998931884766, -0.0]","[""ranking_0"", ""ranking_1"", ""ranking_2"", ""ranking_3""]",362.70001220703125,10170.7412109375,51554
2026-05-07T18:36:00Z,143,2,46,48,0.13629560854522968,0.28957727343715917,first_finish,1,128,0.9936330743386209,0.9976454208697105,24.068387985229492,100.0,100.0,44.501251220703125,35.369998931884766,35.369998931884766,4,44,0,0.08333333333333333,0.9166666666666666,0.0,1,0,100.0,100.0,100.0,"[1.0, 100.0, -35.369998931884766, -0.0]",24.068387985229492,22.70298957824707,24.068387985229492,27.06366729736328,27.06366729736328,1377.875732421875,35.369998931884766,1.00009999996463e+18,1.00009999996463e+18,lexicographic,,0,0.0,"[1.0, 100.0, -35.369998931884766, -0.0]","[""ranking_0"", ""ranking_1"", ""ranking_2"", ""ranking_3""]",523.6900024414062,14960.818359375,73917
2026-05-07T18:43:56Z,144,2,46,48,0.1354278245376498,0.2888954408325179,first_finish,1,128,0.9936330743386209,0.9976454208697105,21.60011863708496,100.0,100.0,44.514583587646484,35.369998931884766,35.369998931884766,3,44,1,0.0625,0.9166666666666666,0.020833333333333332,1,0,100.0,100.0,100.0,"[1.0, 100.0, -35.369998931884766, -0.0]",21.60011863708496,20.03204917907715,21.60011863708496,28.52547836303711,28.52547836303711,1377.875732421875,35.369998931884766,1.00009999996463e+18,1.00009999996463e+18,lexicographic,,0,0.0,"[1.0, 100.0, -35.369998931884766, -0.0]","[""ranking_0"", ""ranking_1"", ""ranking_2"", ""ranking_3""]",473.510009765625,13408.40234375,66398
2026-05-07T18:54:09Z,145,2,46,48,0.1345655656463363,0.2882152136566979,first_finish,1,128,0.9936330743386209,0.9976454208697105,32.44334411621094,100.0,100.0,44.29249954223633,35.369998931884766,35.369998931884766,4,44,0,0.08333333333333333,0.9166666666666666,0.0,1,0,100.0,100.0,100.0,"[1.0, 100.0, -35.369998931884766, -0.0]",32.44334411621094,30.876068115234375,32.44334411621094,31.386018753051758,31.386018753051758,1377.875732421875,35.369998931884766,1.00009999996463e+18,1.00009999996463e+18,lexicographic,,0,0.0,"[1.0, 100.0, -35.369998931884766, -0.0]","[""ranking_0"", ""ranking_1"", ""ranking_2"", ""ranking_3""]",609.3200073242188,21074.087890625,79994
2026-05-07T19:04:04Z,146,2,46,48,0.13370879669328464,0.28753658812958993,first_finish,1,128,0.9936330743386209,0.9976454208697105,28.52393341064453,100.0,100.0,44.36604309082031,35.369998931884766,35.369998931884766,4,44,0,0.08333333333333333,0.9166666666666666,0.0,1,0,100.0,100.0,100.0,"[1.0, 100.0, -35.369998931884766, -0.0]",28.52393341064453,27.08333396911621,28.52393341064453,33.606502532958984,33.606502532958984,1377.875732421875,35.369998931884766,1.00009999996463e+18,1.00009999996463e+18,lexicographic,,0,0.0,"[1.0, 100.0, -35.369998931884766, -0.0]","[""ranking_0"", ""ranking_1"", ""ranking_2"", ""ranking_3""]",590.6300048828125,17854.41015625,80633
2026-05-07T19:17:36Z,147,2,46,48,0.13285748272446604,0.28685956047998534,first_finish,1,128,0.9936330743386209,0.9976454208697105,41.33552932739258,100.0,100.0,43.7470817565918,35.369998931884766,35.369998931884766,9,39,0,0.1875,0.8125,0.0,1,0,100.0,100.0,100.0,"[1.0, 100.0, -35.369998931884766, -0.0]",41.33552932739258,40.11751937866211,41.33552932739258,36.5566520690918,36.5566520690918,1377.875732421875,35.369998931884766,1.00009999996463e+18,1.00009999996463e+18,lexicographic,,0,0.0,"[1.0, 100.0, -35.369998931884766, -0.0]","[""ranking_0"", ""ranking_1"", ""ranking_2"", ""ranking_3""]",806.5599975585938,26849.30078125,112301
2026-05-07T19:28:56Z,148,2,46,48,0.1320115890084014,0.2861841269455552,first_finish,1,128,0.9936330743386209,0.9976454208697105,32.431514739990234,100.0,100.0,43.9814567565918,35.369998931884766,35.369998931884766,7,41,0,0.14583333333333334,0.8541666666666666,0.0,1,0,100.0,100.0,100.0,"[1.0, 100.0, -35.369998931884766, -0.0]",32.431514739990234,31.30341911315918,32.431514739990234,34.73794174194336,34.73794174194336,1377.875732421875,35.369998931884766,1.00009999996463e+18,1.00009999996463e+18,lexicographic,,0,0.0,"[1.0, 100.0, -35.369998931884766, -0.0]","[""ranking_0"", ""ranking_1"", ""ranking_2"", ""ranking_3""]",674.1099853515625,20770.517578125,94873
2026-05-07T19:36:48Z,149,2,46,48,0.1311710810347444,0.28551028377282905,first_finish,1,128,0.9936330743386209,0.9976454208697105,20.990264892578125,100.0,100.0,44.5277099609375,35.369998931884766,35.369998931884766,3,45,0,0.0625,0.9375,0.0,1,0,100.0,100.0,100.0,"[1.0, 100.0, -35.369998931884766, -0.0]",20.990264892578125,19.444442749023438,20.990264892578125,24.4907169342041,24.4907169342041,1377.875732421875,35.369998931884766,1.00009999996463e+18,1.00009999996463e+18,lexicographic,,0,0.0,"[1.0, 100.0, -35.369998931884766, -0.0]","[""ranking_0"", ""ranking_1"", ""ranking_2"", ""ranking_3""]",469.29998779296875,13142.931640625,66527
2026-05-07T19:45:50Z,150,2,46,48,0.13033592451287346,0.28483802721717455,first_finish,1,128,0.9936330743386209,0.9976454208697105,25.03424644470215,100.0,100.0,44.29771041870117,35.369998931884766,35.369998931884766,5,43,0,0.10416666666666667,0.8958333333333334,0.0,1,0,100.0,100.0,100.0,"[1.0, 100.0, -35.369998931884766, -0.0]",25.03424644470215,23.824785232543945,25.03424644470215,30.3619384765625,30.3619384765625,1377.875732421875,35.369998931884766,1.00009999996463e+18,1.00009999996463e+18,lexicographic,,0,0.0,"[1.0, 100.0, -35.369998931884766, -0.0]","[""ranking_0"", ""ranking_1"", ""ranking_2"", ""ranking_3""]",537.8599853515625,15591.6650390625,75526
2026-05-07T19:56:41Z,151,2,46,48,0.12950608537049288,0.28416735354277617,first_finish,1,128,0.9936330743386209,0.9976454208697105,32.24614334106445,100.0,100.0,44.03749465942383,35.099998474121094,35.099998474121094,5,43,0,0.10416666666666667,0.8958333333333334,0.0,1,0,100.0,100.0,100.0,"[1.0, 100.0, -35.099998474121094, -0.0]",32.24614334106445,30.822647094726562,32.24614334106445,33.0378532409668,33.0378532409668,1381.6234130859375,35.099998474121094,1.0000999999649e+18,1.0000999999649e+18,lexicographic,,0,0.0,"[1.0, 100.0, -35.099998474121094, -0.0]","[""ranking_0"", ""ranking_1"", ""ranking_2"", ""ranking_3""]",646.1600341796875,21077.91796875,91073
2026-05-07T20:07:16Z,152,2,46,48,0.12868152975224273,0.2834982590226148,first_finish,1,128,0.9936330743386209,0.9976454208697105,32.66617965698242,100.0,100.0,44.42103958129883,35.099998474121094,35.099998474121094,3,45,0,0.0625,0.9375,0.0,1,0,100.0,100.0,100.0,"[1.0, 100.0, -35.099998474121094, -0.0]",32.66617965698242,31.410255432128906,32.66617965698242,29.033382415771484,29.033382415771484,1381.6234130859375,35.099998474121094,1.0000999999649e+18,1.0000999999649e+18,lexicographic,,0,0.0,"[1.0, 100.0, -35.099998474121094, -0.0]","[""ranking_0"", ""ranking_1"", ""ranking_2"", ""ranking_3""]",631.8199462890625,21425.05859375,89380
2026-05-07T20:19:50Z,153,2,46,48,0.12786222401831765,0.2828307399384467,first_finish,1,128,0.9936330743386209,0.9976454208697105,37.949031829833984,100.0,100.0,43.861873626708984,35.099998474121094,35.099998474121094,9,39,0,0.1875,0.8125,0.0,1,0,100.0,100.0,100.0,"[1.0, 100.0, -35.099998474121094, -0.0]",37.949031829833984,36.64529800415039,37.949031829833984,37.194671630859375,37.194671630859375,1381.6234130859375,35.099998474121094,1.0000999999649e+18,1.0000999999649e+18,lexicographic,,0,0.0,"[1.0, 100.0, -35.099998474121094, -0.0]","[""ranking_0"", ""ranking_1"", ""ranking_2"", ""ranking_3""]",747.3699951171875,24750.03125,105100
2026-05-07T20:32:40Z,154,2,46,48,0.12704813474309443,0.2821647925807833,first_finish,1,128,0.9936330743386209,0.9976454208697105,37.510311126708984,100.0,100.0,44.31229019165039,35.099998474121094,35.099998474121094,4,43,1,0.08333333333333333,0.8958333333333334,0.020833333333333332,1,0,100.0,100.0,100.0,"[1.0, 100.0, -35.099998474121094, -0.0]",37.510311126708984,35.95085144042969,37.510311126708984,32.865177154541016,32.865177154541016,1381.6234130859375,35.099998474121094,1.0000999999649e+18,1.0000999999649e+18,lexicographic,,0,0.0,"[1.0, 100.0, -35.099998474121094, -0.0]","[""ranking_0"", ""ranking_1"", ""ranking_2"", ""ranking_3""]",765.780029296875,24266.33984375,107378
2026-05-07T20:46:16Z,155,2,46,48,0.12623922871376828,0.28150041324887015,first_finish,1,128,0.9936330743386209,0.9976454208697105,40.06748580932617,100.0,100.0,43.72395706176758,35.099998474121094,35.099998474121094,9,39,0,0.1875,0.8125,0.0,1,0,100.0,100.0,100.0,"[1.0, 100.0, -35.099998474121094, -0.0]",40.06748580932617,38.67521286010742,40.06748580932617,36.82145690917969,36.82145690917969,1381.6234130859375,35.099998474121094,1.0000999999649e+18,1.0000999999649e+18,lexicographic,,0,0.0,"[1.0, 100.0, -35.099998474121094, -0.0]","[""ranking_0"", ""ranking_1"", ""ranking_2"", ""ranking_3""]",810.2699584960938,25821.169921875,113429
2026-05-07T20:59:08Z,156,2,46,48,0.12543547292899787,0.2808375982506665,first_finish,1,128,0.9936330743386209,0.9976454208697105,37.5787353515625,100.0,100.0,43.85124588012695,35.099998474121094,35.099998474121094,7,41,0,0.14583333333333334,0.8541666666666666,0.0,1,0,100.0,100.0,100.0,"[1.0, 100.0, -35.099998474121094, -0.0]",37.5787353515625,36.271366119384766,37.5787353515625,32.66640090942383,32.66640090942383,1381.6234130859375,35.099998474121094,1.0000999999649e+18,1.0000999999649e+18,lexicographic,,0,0.0,"[1.0, 100.0, -35.099998474121094, -0.0]","[""ranking_0"", ""ranking_1"", ""ranking_2"", ""ranking_3""]",766.3399658203125,24296.43359375,107804
