schedule,generations,prob_start,prob_min,prob_decay,sigma_start,sigma_min,sigma_decay,gen,prob,sigma
recommended_200,200,0.1,0.05,0.9965229074746375,0.3,0.25,0.9990842308451388,1,0.1,0.3
recommended_200,200,0.1,0.05,0.9965229074746375,0.3,0.25,0.9990842308451388,2,0.09965229074746375,0.2997252692535416
recommended_200,200,0.1,0.05,0.9965229074746375,0.3,0.25,0.9990842308451388,3,0.09930579051217049,0.29945079009702674
recommended_200,200,0.1,0.05,0.9965229074746375,0.3,0.25,0.9990842308451388,4,0.09896049509025541,0.29917656230005707
recommended_200,200,0.1,0.05,0.9965229074746375,0.3,0.25,0.9990842308451388,5,0.0986164002924709,0.29890258563244526
recommended_200,200,0.1,0.05,0.9965229074746375,0.3,0.25,0.9990842308451388,6,0.0982735019441358,0.2986288598642148
recommended_200,200,0.1,0.05,0.9965229074746375,0.3,0.25,0.9990842308451388,7,0.09793179588508465,0.29835538476559975
recommended_200,200,0.1,0.05,0.9965229074746375,0.3,0.25,0.9990842308451388,8,0.0975912779696173,0.29808216010704464
recommended_200,200,0.1,0.05,0.9965229074746375,0.3,0.25,0.9990842308451388,9,0.09725194406644856,0.29780918565920417
recommended_200,200,0.1,0.05,0.9965229074746375,0.3,0.25,0.9990842308451388,10,0.09691379005865813,0.29753646119294314
recommended_200,200,0.1,0.05,0.9965229074746375,0.3,0.25,0.9990842308451388,11,0.09657681184364061,0.29726398647933605
recommended_200,200,0.1,0.05,0.9965229074746375,0.3,0.25,0.9990842308451388,12,0.09624100533305574,0.2969917612896672
recommended_200,200,0.1,0.05,0.9965229074746375,0.3,0.25,0.9990842308451388,13,0.0959063664527788,0.2967197853954302
recommended_200,200,0.1,0.05,0.9965229074746375,0.3,0.25,0.9990842308451388,14,0.09557289114285115,0.296448058568328
recommended_200,200,0.1,0.05,0.9965229074746375,0.3,0.25,0.9990842308451388,15,0.09524057535743106,0.29617658058027263
recommended_200,200,0.1,0.05,0.9965229074746375,0.3,0.25,0.9990842308451388,16,0.09490941506474451,0.29590535120338496
recommended_200,200,0.1,0.05,0.9965229074746375,0.3,0.25,0.9990842308451388,17,0.09457940624703635,0.2956343702099945
recommended_200,200,0.1,0.05,0.9965229074746375,0.3,0.25,0.9990842308451388,18,0.09425054490052155,0.2953636373726394
recommended_200,200,0.1,0.05,0.9965229074746375,0.3,0.25,0.9990842308451388,19,0.0939228270353366,0.29509315246406587
recommended_200,200,0.1,0.05,0.9965229074746375,0.3,0.25,0.9990842308451388,20,0.0935962486754911,0.29482291525722853
recommended_200,200,0.1,0.05,0.9965229074746375,0.3,0.25,0.9990842308451388,21,0.09327080585881958,0.2945529255252897
recommended_200,200,0.1,0.05,0.9965229074746375,0.3,0.25,0.9990842308451388,22,0.09294649463693334,0.29428318304161954
recommended_200,200,0.1,0.05,0.9965229074746375,0.3,0.25,0.9990842308451388,23,0.09262331107517262,0.2940136875797956
recommended_200,200,0.1,0.05,0.9965229074746375,0.3,0.25,0.9990842308451388,24,0.09230125125255881,0.293744438913603
recommended_200,200,0.1,0.05,0.9965229074746375,0.3,0.25,0.9990842308451388,25,0.09198031126174692,0.2934754368170339
recommended_200,200,0.1,0.05,0.9965229074746375,0.3,0.25,0.9990842308451388,26,0.09166048720897818,0.29320668106428743
recommended_200,200,0.1,0.05,0.9965229074746375,0.3,0.25,0.9990842308451388,27,0.09134177521403275,0.2929381714297695
recommended_200,200,0.1,0.05,0.9965229074746375,0.3,0.25,0.9990842308451388,28,0.0910241714101827,0.2926699076880927
recommended_200,200,0.1,0.05,0.9965229074746375,0.3,0.25,0.9990842308451388,29,0.09070767194414503,0.29240188961407587
recommended_200,200,0.1,0.05,0.9965229074746375,0.3,0.25,0.9990842308451388,30,0.090392272976035,0.29213411698274416
recommended_200,200,0.1,0.05,0.9965229074746375,0.3,0.25,0.9990842308451388,31,0.0900779706793195,0.29186658956932876
recommended_200,200,0.1,0.05,0.9965229074746375,0.3,0.25,0.9990842308451388,32,0.08976476124077061,0.29159930714926663
recommended_200,200,0.1,0.05,0.9965229074746375,0.3,0.25,0.9990842308451388,33,0.08945264086041937,0.2913322694982004
recommended_200,200,0.1,0.05,0.9965229074746375,0.3,0.25,0.9990842308451388,34,0.08914160575150967,0.2910654763919782
recommended_200,200,0.1,0.05,0.9965229074746375,0.3,0.25,0.9990842308451388,35,0.08883165214045229,0.29079892760665343
recommended_200,200,0.1,0.05,0.9965229074746375,0.3,0.25,0.9990842308451388,36,0.08852277626677911,0.29053262291848453
recommended_200,200,0.1,0.05,0.9965229074746375,0.3,0.25,0.9990842308451388,37,0.08821497438309756,0.29026656210393487
recommended_200,200,0.1,0.05,0.9965229074746375,0.3,0.25,0.9990842308451388,38,0.08790824275504504,0.2900007449396725
recommended_200,200,0.1,0.05,0.9965229074746375,0.3,0.25,0.9990842308451388,39,0.08760257766124371,0.28973517120257
recommended_200,200,0.1,0.05,0.9965229074746375,0.3,0.25,0.9990842308451388,40,0.08729797539325532,0.2894698406697042
recommended_200,200,0.1,0.05,0.9965229074746375,0.3,0.25,0.9990842308451388,41,0.08699443225553614,0.2892047531183563
recommended_200,200,0.1,0.05,0.9965229074746375,0.3,0.25,0.9990842308451388,42,0.08669194456539227,0.28893990832601124
recommended_200,200,0.1,0.05,0.9965229074746375,0.3,0.25,0.9990842308451388,43,0.0863905086529348,0.28867530607035785
recommended_200,200,0.1,0.05,0.9965229074746375,0.3,0.25,0.9990842308451388,44,0.0860901208610354,0.28841094612928847
recommended_200,200,0.1,0.05,0.9965229074746375,0.3,0.25,0.9990842308451388,45,0.08579077754528194,0.28814682828089894
recommended_200,200,0.1,0.05,0.9965229074746375,0.3,0.25,0.9990842308451388,46,0.0854924750739342,0.2878829523034882
recommended_200,200,0.1,0.05,0.9965229074746375,0.3,0.25,0.9990842308451388,47,0.08519520982787988,0.2876193179755583
recommended_200,200,0.1,0.05,0.9965229074746375,0.3,0.25,0.9990842308451388,48,0.08489897820059067,0.28735592507581403
recommended_200,200,0.1,0.05,0.9965229074746375,0.3,0.25,0.9990842308451388,49,0.08460377659807848,0.28709277338316297
recommended_200,200,0.1,0.05,0.9965229074746375,0.3,0.25,0.9990842308451388,50,0.08430960143885186,0.2868298626767151
recommended_200,200,0.1,0.05,0.9965229074746375,0.3,0.25,0.9990842308451388,51,0.08401644915387253,0.2865671927357827
recommended_200,200,0.1,0.05,0.9965229074746375,0.3,0.25,0.9990842308451388,52,0.0837243161865121,0.2863047633398801
recommended_200,200,0.1,0.05,0.9965229074746375,0.3,0.25,0.9990842308451388,53,0.0834331989925089,0.2860425742687236
recommended_200,200,0.1,0.05,0.9965229074746375,0.3,0.25,0.9990842308451388,54,0.08314309403992495,0.2857806253022312
recommended_200,200,0.1,0.05,0.9965229074746375,0.3,0.25,0.9990842308451388,55,0.08285399780910321,0.28551891622052245
recommended_200,200,0.1,0.05,0.9965229074746375,0.3,0.25,0.9990842308451388,56,0.08256590679262478,0.2852574468039183
recommended_200,200,0.1,0.05,0.9965229074746375,0.3,0.25,0.9990842308451388,57,0.08227881749526636,0.2849962168329408
recommended_200,200,0.1,0.05,0.9965229074746375,0.3,0.25,0.9990842308451388,58,0.0819927264339579,0.28473522608831303
recommended_200,200,0.1,0.05,0.9965229074746375,0.3,0.25,0.9990842308451388,59,0.0817076301377403,0.2844744743509589
recommended_200,200,0.1,0.05,0.9965229074746375,0.3,0.25,0.9990842308451388,60,0.08142352514772327,0.28421396140200295
recommended_200,200,0.1,0.05,0.9965229074746375,0.3,0.25,0.9990842308451388,61,0.08114040801704346,0.2839536870227701
recommended_200,200,0.1,0.05,0.9965229074746375,0.3,0.25,0.9990842308451388,62,0.08085827531082253,0.2836936509947855
recommended_200,200,0.1,0.05,0.9965229074746375,0.3,0.25,0.9990842308451388,63,0.08057712360612555,0.2834338530997745
recommended_200,200,0.1,0.05,0.9965229074746375,0.3,0.25,0.9990842308451388,64,0.08029694949191948,0.28317429311966225
recommended_200,200,0.1,0.05,0.9965229074746375,0.3,0.25,0.9990842308451388,65,0.08001774956903171,0.28291497083657363
recommended_200,200,0.1,0.05,0.9965229074746375,0.3,0.25,0.9990842308451388,66,0.0797395204501089,0.28265588603283304
recommended_200,200,0.1,0.05,0.9965229074746375,0.3,0.25,0.9990842308451388,67,0.07946225875957584,0.2823970384909642
recommended_200,200,0.1,0.05,0.9965229074746375,0.3,0.25,0.9990842308451388,68,0.0791859611335945,0.28213842799369
recommended_200,200,0.1,0.05,0.9965229074746375,0.3,0.25,0.9990842308451388,69,0.07891062422002322,0.2818800543239323
recommended_200,200,0.1,0.05,0.9965229074746375,0.3,0.25,0.9990842308451388,70,0.07863624467837609,0.28162191726481184
recommended_200,200,0.1,0.05,0.9965229074746375,0.3,0.25,0.9990842308451388,71,0.07836281917978233,0.2813640165996478
recommended_200,200,0.1,0.05,0.9965229074746375,0.3,0.25,0.9990842308451388,72,0.07809034440694597,0.281106352111958
recommended_200,200,0.1,0.05,0.9965229074746375,0.3,0.25,0.9990842308451388,73,0.0778188170541056,0.2808489235854583
recommended_200,200,0.1,0.05,0.9965229074746375,0.3,0.25,0.9990842308451388,74,0.0775482338269942,0.2805917308040628
recommended_200,200,0.1,0.05,0.9965229074746375,0.3,0.25,0.9990842308451388,75,0.07727859144279929,0.2803347735518833
recommended_200,200,0.1,0.05,0.9965229074746375,0.3,0.25,0.9990842308451388,76,0.07700988663012298,0.28007805161322946
recommended_200,200,0.1,0.05,0.9965229074746375,0.3,0.25,0.9990842308451388,77,0.07674211612894237,0.27982156477260844
recommended_200,200,0.1,0.05,0.9965229074746375,0.3,0.25,0.9990842308451388,78,0.07647527669056992,0.2795653128147247
recommended_200,200,0.1,0.05,0.9965229074746375,0.3,0.25,0.9990842308451388,79,0.0762093650776141,0.2793092955244798
recommended_200,200,0.1,0.05,0.9965229074746375,0.3,0.25,0.9990842308451388,80,0.0759443780639401,0.2790535126869725
recommended_200,200,0.1,0.05,0.9965229074746375,0.3,0.25,0.9990842308451388,81,0.07568031243463066,0.2787979640874981
recommended_200,200,0.1,0.05,0.9965229074746375,0.3,0.25,0.9990842308451388,82,0.07541716498594711,0.2785426495115486
recommended_200,200,0.1,0.05,0.9965229074746375,0.3,0.25,0.9990842308451388,83,0.07515493252529044,0.2782875687448126
recommended_200,200,0.1,0.05,0.9965229074746375,0.3,0.25,0.9990842308451388,84,0.07489361187116263,0.27803272157317477
recommended_200,200,0.1,0.05,0.9965229074746375,0.3,0.25,0.9990842308451388,85,0.07463319985312801,0.27777810778271594
recommended_200,200,0.1,0.05,0.9965229074746375,0.3,0.25,0.9990842308451388,86,0.0743736933117748,0.2775237271597128
recommended_200,200,0.1,0.05,0.9965229074746375,0.3,0.25,0.9990842308451388,87,0.07411508909867683,0.2772695794906378
recommended_200,200,0.1,0.05,0.9965229074746375,0.3,0.25,0.9990842308451388,88,0.07385738407635524,0.2770156645621589
recommended_200,200,0.1,0.05,0.9965229074746375,0.3,0.25,0.9990842308451388,89,0.07360057511824052,0.2767619821611395
recommended_200,200,0.1,0.05,0.9965229074746375,0.3,0.25,0.9990842308451388,90,0.0733446591086345,0.2765085320746381
recommended_200,200,0.1,0.05,0.9965229074746375,0.3,0.25,0.9990842308451388,91,0.0730896329426726,0.27625531408990817
recommended_200,200,0.1,0.05,0.9965229074746375,0.3,0.25,0.9990842308451388,92,0.07283549352628614,0.2760023279943981
recommended_200,200,0.1,0.05,0.9965229074746375,0.3,0.25,0.9990842308451388,93,0.07258223777616479,0.275749573575751
recommended_200,200,0.1,0.05,0.9965229074746375,0.3,0.25,0.9990842308451388,94,0.0723298626197192,0.2754970506218042
recommended_200,200,0.1,0.05,0.9965229074746375,0.3,0.25,0.9990842308451388,95,0.07207836499504368,0.27524475892058947
recommended_200,200,0.1,0.05,0.9965229074746375,0.3,0.25,0.9990842308451388,96,0.07182774185087906,0.2749926982603328
recommended_200,200,0.1,0.05,0.9965229074746375,0.3,0.25,0.9990842308451388,97,0.0715779901465757,0.2747408684294539
recommended_200,200,0.1,0.05,0.9965229074746375,0.3,0.25,0.9990842308451388,98,0.07132910685205657,0.2744892692165664
recommended_200,200,0.1,0.05,0.9965229074746375,0.3,0.25,0.9990842308451388,99,0.0710810889477805,0.27423790041047746
recommended_200,200,0.1,0.05,0.9965229074746375,0.3,0.25,0.9990842308451388,100,0.07083393342470554,0.27398676180018766
recommended_200,200,0.1,0.05,0.9965229074746375,0.3,0.25,0.9990842308451388,101,0.07058763728425246,0.27373585317489074
recommended_200,200,0.1,0.05,0.9965229074746375,0.3,0.25,0.9990842308451388,102,0.07034219753826838,0.27348517432397357
recommended_200,200,0.1,0.05,0.9965229074746375,0.3,0.25,0.9990842308451388,103,0.0700976112089905,0.27323472503701585
recommended_200,200,0.1,0.05,0.9965229074746375,0.3,0.25,0.9990842308451388,104,0.06985387532900994,0.27298450510378997
recommended_200,200,0.1,0.05,0.9965229074746375,0.3,0.25,0.9990842308451388,105,0.06961098694123584,0.2727345143142609
recommended_200,200,0.1,0.05,0.9965229074746375,0.3,0.25,0.9990842308451388,106,0.06936894309885935,0.27248475245858583
recommended_200,200,0.1,0.05,0.9965229074746375,0.3,0.25,0.9990842308451388,107,0.069127740865318,0.27223521932711425
recommended_200,200,0.1,0.05,0.9965229074746375,0.3,0.25,0.9990842308451388,108,0.06888737731426,0.2719859147103876
recommended_200,200,0.1,0.05,0.9965229074746375,0.3,0.25,0.9990842308451388,109,0.06864784952950877,0.2717368383991391
recommended_200,200,0.1,0.05,0.9965229074746375,0.3,0.25,0.9990842308451388,110,0.0684091546050275,0.27148799018429365
recommended_200,200,0.1,0.05,0.9965229074746375,0.3,0.25,0.9990842308451388,111,0.06817128964488399,0.2712393698569676
recommended_200,200,0.1,0.05,0.9965229074746375,0.3,0.25,0.9990842308451388,112,0.06793425176321544,0.2709909772084686
recommended_200,200,0.1,0.05,0.9965229074746375,0.3,0.25,0.9990842308451388,113,0.06769803808419346,0.2707428120302954
recommended_200,200,0.1,0.05,0.9965229074746375,0.3,0.25,0.9990842308451388,114,0.06746264574198921,0.27049487411413764
recommended_200,200,0.1,0.05,0.9965229074746375,0.3,0.25,0.9990842308451388,115,0.06722807188073855,0.2702471632518758
recommended_200,200,0.1,0.05,0.9965229074746375,0.3,0.25,0.9990842308451388,116,0.0669943136545075,0.269999679235581
recommended_200,200,0.1,0.05,0.9965229074746375,0.3,0.25,0.9990842308451388,117,0.06676136822725762,0.26975242185751463
recommended_200,200,0.1,0.05,0.9965229074746375,0.3,0.25,0.9990842308451388,118,0.06652923277281164,0.26950539091012843
recommended_200,200,0.1,0.05,0.9965229074746375,0.3,0.25,0.9990842308451388,119,0.06629790447481919,0.26925858618606413
recommended_200,200,0.1,0.05,0.9965229074746375,0.3,0.25,0.9990842308451388,120,0.06606738052672259,0.2690120074781534
recommended_200,200,0.1,0.05,0.9965229074746375,0.3,0.25,0.9990842308451388,121,0.06583765813172283,0.2687656545794176
recommended_200,200,0.1,0.05,0.9965229074746375,0.3,0.25,0.9990842308451388,122,0.06560873450274565,0.26851952728306766
recommended_200,200,0.1,0.05,0.9965229074746375,0.3,0.25,0.9990842308451388,123,0.06538060686240765,0.2682736253825039
recommended_200,200,0.1,0.05,0.9965229074746375,0.3,0.25,0.9990842308451388,124,0.0651532724429827,0.2680279486713158
recommended_200,200,0.1,0.05,0.9965229074746375,0.3,0.25,0.9990842308451388,125,0.0649267284863683,0.2677824969432819
recommended_200,200,0.1,0.05,0.9965229074746375,0.3,0.25,0.9990842308451388,126,0.06470097224405211,0.2675372699923695
recommended_200,200,0.1,0.05,0.9965229074746375,0.3,0.25,0.9990842308451388,127,0.06447600097707862,0.26729226761273467
recommended_200,200,0.1,0.05,0.9965229074746375,0.3,0.25,0.9990842308451388,128,0.06425181195601595,0.267047489598722
recommended_200,200,0.1,0.05,0.9965229074746375,0.3,0.25,0.9990842308451388,129,0.06402840246092269,0.26680293574486436
recommended_200,200,0.1,0.05,0.9965229074746375,0.3,0.25,0.9990842308451388,130,0.06380576978131491,0.26655860584588276
recommended_200,200,0.1,0.05,0.9965229074746375,0.3,0.25,0.9990842308451388,131,0.0635839112161333,0.2663144996966863
recommended_200,200,0.1,0.05,0.9965229074746375,0.3,0.25,0.9990842308451388,132,0.06336282407371037,0.2660706170923718
recommended_200,200,0.1,0.05,0.9965229074746375,0.3,0.25,0.9990842308451388,133,0.0631425056717378,0.2658269578282237
recommended_200,200,0.1,0.05,0.9965229074746375,0.3,0.25,0.9990842308451388,134,0.06292295333723394,0.265583521699714
recommended_200,200,0.1,0.05,0.9965229074746375,0.3,0.25,0.9990842308451388,135,0.0627041644065113,0.26534030850250195
recommended_200,200,0.1,0.05,0.9965229074746375,0.3,0.25,0.9990842308451388,136,0.06248613622514432,0.26509731803243397
recommended_200,200,0.1,0.05,0.9965229074746375,0.3,0.25,0.9990842308451388,137,0.062268866147937085,0.2648545500855434
recommended_200,200,0.1,0.05,0.9965229074746375,0.3,0.25,0.9990842308451388,138,0.06205235153889129,0.26461200445805044
recommended_200,200,0.1,0.05,0.9965229074746375,0.3,0.25,0.9990842308451388,139,0.06183658977117424,0.26436968094636176
recommended_200,200,0.1,0.05,0.9965229074746375,0.3,0.25,0.9990842308451388,140,0.06162157822708698,0.2641275793470706
recommended_200,200,0.1,0.05,0.9965229074746375,0.3,0.25,0.9990842308451388,141,0.06140731429803253,0.2638856994569564
recommended_200,200,0.1,0.05,0.9965229074746375,0.3,0.25,0.9990842308451388,142,0.06119379538448425,0.2636440410729847
recommended_200,200,0.1,0.05,0.9965229074746375,0.3,0.25,0.9990842308451388,143,0.060981018895954295,0.26340260399230714
recommended_200,200,0.1,0.05,0.9965229074746375,0.3,0.25,0.9990842308451388,144,0.06076898225096218,0.26316138801226086
recommended_200,200,0.1,0.05,0.9965229074746375,0.3,0.25,0.9990842308451388,145,0.06055768287700347,0.26292039293036873
recommended_200,200,0.1,0.05,0.9965229074746375,0.3,0.25,0.9990842308451388,146,0.060347118210518566,0.2626796185443391
recommended_200,200,0.1,0.05,0.9965229074746375,0.3,0.25,0.9990842308451388,147,0.0601372856968616,0.26243906465206546
recommended_200,200,0.1,0.05,0.9965229074746375,0.3,0.25,0.9990842308451388,148,0.05992818279026945,0.26219873105162644
recommended_200,200,0.1,0.05,0.9965229074746375,0.3,0.25,0.9990842308451388,149,0.05971980695383084,0.26195861754128563
recommended_200,200,0.1,0.05,0.9965229074746375,0.3,0.25,0.9990842308451388,150,0.059512155659455584,0.26171872391949125
recommended_200,200,0.1,0.05,0.9965229074746375,0.3,0.25,0.9990842308451388,151,0.05930522638784388,0.26147904998487614
recommended_200,200,0.1,0.05,0.9965229074746375,0.3,0.25,0.9990842308451388,152,0.05909901662845577,0.2612395955362576
recommended_200,200,0.1,0.05,0.9965229074746375,0.3,0.25,0.9990842308451388,153,0.05889352387948069,0.2610003603726371
recommended_200,200,0.1,0.05,0.9965229074746375,0.3,0.25,0.9990842308451388,154,0.05868874564780709,0.26076134429320014
recommended_200,200,0.1,0.05,0.9965229074746375,0.3,0.25,0.9990842308451388,155,0.0584846794489922,0.26052254709731626
recommended_200,200,0.1,0.05,0.9965229074746375,0.3,0.25,0.9990842308451388,156,0.05828132280723189,0.26028396858453867
recommended_200,200,0.1,0.05,0.9965229074746375,0.3,0.25,0.9990842308451388,157,0.05807867325533062,0.26004560855460407
recommended_200,200,0.1,0.05,0.9965229074746375,0.3,0.25,0.9990842308451388,158,0.057876728334671536,0.25980746680743266
recommended_200,200,0.1,0.05,0.9965229074746375,0.3,0.25,0.9990842308451388,159,0.057675485595186614,0.2595695431431278
recommended_200,200,0.1,0.05,0.9965229074746375,0.3,0.25,0.9990842308451388,160,0.057474942595326935,0.2593318373619759
recommended_200,200,0.1,0.05,0.9965229074746375,0.3,0.25,0.9990842308451388,161,0.057275096902033085,0.2590943492644463
recommended_200,200,0.1,0.05,0.9965229074746375,0.3,0.25,0.9990842308451388,162,0.05707594609070561,0.25885707865119106
recommended_200,200,0.1,0.05,0.9965229074746375,0.3,0.25,0.9990842308451388,163,0.05687748774517563,0.2586200253230448
recommended_200,200,0.1,0.05,0.9965229074746375,0.3,0.25,0.9990842308451388,164,0.05667971945767548,0.25838318908102453
recommended_200,200,0.1,0.05,0.9965229074746375,0.3,0.25,0.9990842308451388,165,0.05648263882880955,0.25814656972632943
recommended_200,200,0.1,0.05,0.9965229074746375,0.3,0.25,0.9990842308451388,166,0.05628624346752514,0.2579101670603408
recommended_200,200,0.1,0.05,0.9965229074746375,0.3,0.25,0.9990842308451388,167,0.05609053099108347,0.25767398088462184
recommended_200,200,0.1,0.05,0.9965229074746375,0.3,0.25,0.9990842308451388,168,0.055895499025030757,0.2574380110009174
recommended_200,200,0.1,0.05,0.9965229074746375,0.3,0.25,0.9990842308451388,169,0.05570114520316941,0.2572022572111539
recommended_200,200,0.1,0.05,0.9965229074746375,0.3,0.25,0.9990842308451388,170,0.055507467167529335,0.25696671931743925
recommended_200,200,0.1,0.05,0.9965229074746375,0.3,0.25,0.9990842308451388,171,0.055314462568339315,0.25673139712206244
recommended_200,200,0.1,0.05,0.9965229074746375,0.3,0.25,0.9990842308451388,172,0.05512212906399849,0.2564962904274936
recommended_200,200,0.1,0.05,0.9965229074746375,0.3,0.25,0.9990842308451388,173,0.05493046432104799,0.2562613990363838
recommended_200,200,0.1,0.05,0.9965229074746375,0.3,0.25,0.9990842308451388,174,0.05473946601414258,0.2560267227515647
recommended_200,200,0.1,0.05,0.9965229074746375,0.3,0.25,0.9990842308451388,175,0.05454913182602247,0.2557922613760486
recommended_200,200,0.1,0.05,0.9965229074746375,0.3,0.25,0.9990842308451388,176,0.054359459447485194,0.2555580147130282
recommended_200,200,0.1,0.05,0.9965229074746375,0.3,0.25,0.9990842308451388,177,0.054170446577357596,0.2553239825658764
recommended_200,200,0.1,0.05,0.9965229074746375,0.3,0.25,0.9990842308451388,178,0.05398209092246792,0.2550901647381462
recommended_200,200,0.1,0.05,0.9965229074746375,0.3,0.25,0.9990842308451388,179,0.05379439019761796,0.25485656103357057
recommended_200,200,0.1,0.05,0.9965229074746375,0.3,0.25,0.9990842308451388,180,0.05360734212555539,0.25462317125606204
recommended_200,200,0.1,0.05,0.9965229074746375,0.3,0.25,0.9990842308451388,181,0.05342094443694607,0.2543899952097128
recommended_200,200,0.1,0.05,0.9965229074746375,0.3,0.25,0.9990842308451388,182,0.05323519487034655,0.2541570326987944
recommended_200,200,0.1,0.05,0.9965229074746375,0.3,0.25,0.9990842308451388,183,0.05305009117217665,0.2539242835277578
recommended_200,200,0.1,0.05,0.9965229074746375,0.3,0.25,0.9990842308451388,184,0.052865631096692074,0.25369174750123286
recommended_200,200,0.1,0.05,0.9965229074746375,0.3,0.25,0.9990842308451388,185,0.05268181240595719,0.25345942442402836
recommended_200,200,0.1,0.05,0.9965229074746375,0.3,0.25,0.9990842308451388,186,0.05249863286981789,0.253227314101132
recommended_200,200,0.1,0.05,0.9965229074746375,0.3,0.25,0.9990842308451388,187,0.05231609026587449,0.2529954163377098
recommended_200,200,0.1,0.05,0.9965229074746375,0.3,0.25,0.9990842308451388,188,0.05213418237945483,0.2527637309391064
recommended_200,200,0.1,0.05,0.9965229074746375,0.3,0.25,0.9990842308451388,189,0.05195290700358734,0.25253225771084475
recommended_200,200,0.1,0.05,0.9965229074746375,0.3,0.25,0.9990842308451388,190,0.05177226193897431,0.2523009964586257
recommended_200,200,0.1,0.05,0.9965229074746375,0.3,0.25,0.9990842308451388,191,0.05159224499396519,0.25206994698832813
recommended_200,200,0.1,0.05,0.9965229074746375,0.3,0.25,0.9990842308451388,192,0.05141285398453,0.2518391091060087
recommended_200,200,0.1,0.05,0.9965229074746375,0.3,0.25,0.9990842308451388,193,0.05123408673423283,0.2516084826179017
recommended_200,200,0.1,0.05,0.9965229074746375,0.3,0.25,0.9990842308451388,194,0.051055941074205455,0.2513780673304188
recommended_200,200,0.1,0.05,0.9965229074746375,0.3,0.25,0.9990842308451388,195,0.050878414843120986,0.25114786305014897
recommended_200,200,0.1,0.05,0.9965229074746375,0.3,0.25,0.9990842308451388,196,0.050701505887167674,0.2509178695838583
recommended_200,200,0.1,0.05,0.9965229074746375,0.3,0.25,0.9990842308451388,197,0.05052521206002278,0.2506880867384899
recommended_200,200,0.1,0.05,0.9965229074746375,0.3,0.25,0.9990842308451388,198,0.05034953122282652,0.2504585143211636
recommended_200,200,0.1,0.05,0.9965229074746375,0.3,0.25,0.9990842308451388,199,0.050174461244156116,0.2502291521391759
recommended_200,200,0.1,0.05,0.9965229074746375,0.3,0.25,0.9990842308451388,200,0.05,0.25
slow_300,300,0.1,0.05,0.997684466996953,0.3,0.25,0.9993904147796547,1,0.1,0.3
slow_300,300,0.1,0.05,0.997684466996953,0.3,0.25,0.9993904147796547,2,0.09976844669969531,0.2998171244338964
slow_300,300,0.1,0.05,0.997684466996953,0.3,0.25,0.9993904147796547,3,0.09953742956869943,0.2996343603460351
slow_300,300,0.1,0.05,0.997684466996953,0.3,0.25,0.9993904147796547,4,0.09930694736549464,0.2994517076684605
slow_300,300,0.1,0.05,0.997684466996953,0.3,0.25,0.9993904147796547,5,0.09907699885143799,0.2992691663332587
slow_300,300,0.1,0.05,0.997684466996953,0.3,0.25,0.9993904147796547,6,0.09884758279075463,0.2990867362725569
slow_300,300,0.1,0.05,0.997684466996953,0.3,0.25,0.9993904147796547,7,0.09861869795053121,0.29890441741852386
slow_300,300,0.1,0.05,0.997684466996953,0.3,0.25,0.9993904147796547,8,0.09839034310070924,0.2987222097033696
slow_300,300,0.1,0.05,0.997684466996953,0.3,0.25,0.9993904147796547,9,0.09816251701407842,0.2985401130593455
slow_300,300,0.1,0.05,0.997684466996953,0.3,0.25,0.9993904147796547,10,0.09793521846627017,0.29835812741874435
slow_300,300,0.1,0.05,0.997684466996953,0.3,0.25,0.9993904147796547,11,0.0977084462357509,0.29817625271389997
slow_300,300,0.1,0.05,0.997684466996953,0.3,0.25,0.9993904147796547,12,0.09748219910381557,0.29799448887718766
slow_300,300,0.1,0.05,0.997684466996953,0.3,0.25,0.9993904147796547,13,0.0972564758545811,0.2978128358410238
slow_300,300,0.1,0.05,0.997684466996953,0.3,0.25,0.9993904147796547,14,0.09703127527497978,0.297631293537866
slow_300,300,0.1,0.05,0.997684466996953,0.3,0.25,0.9993904147796547,15,0.09680659615475282,0.29744986190021305
slow_300,300,0.1,0.05,0.997684466996953,0.3,0.25,0.9993904147796547,16,0.09658243728644385,0.29726854086060495
slow_300,300,0.1,0.05,0.997684466996953,0.3,0.25,0.9993904147796547,17,0.09635879746539237,0.2970873303516227
slow_300,300,0.1,0.05,0.997684466996953,0.3,0.25,0.9993904147796547,18,0.09613567548972733,0.29690623030588853
slow_300,300,0.1,0.05,0.997684466996953,0.3,0.25,0.9993904147796547,19,0.09591307016036066,0.29672524065606565
slow_300,300,0.1,0.05,0.997684466996953,0.3,0.25,0.9993904147796547,20,0.09569098028098078,0.29654436133485834
slow_300,300,0.1,0.05,0.997684466996953,0.3,0.25,0.9993904147796547,21,0.09546940465804625,0.2963635922750119
slow_300,300,0.1,0.05,0.997684466996953,0.3,0.25,0.9993904147796547,22,0.0952483421007793,0.2961829334093126
slow_300,300,0.1,0.05,0.997684466996953,0.3,0.25,0.9993904147796547,23,0.09502779142115944,0.2960023846705878
slow_300,300,0.1,0.05,0.997684466996953,0.3,0.25,0.9993904147796547,24,0.09480775143391708,0.2958219459917057
slow_300,300,0.1,0.05,0.997684466996953,0.3,0.25,0.9993904147796547,25,0.09458822095652716,0.29564161730557537
slow_300,300,0.1,0.05,0.997684466996953,0.3,0.25,0.9993904147796547,26,0.09436919880920283,0.2954613985451469
slow_300,300,0.1,0.05,0.997684466996953,0.3,0.25,0.9993904147796547,27,0.09415068381488902,0.29528128964341127
slow_300,300,0.1,0.05,0.997684466996953,0.3,0.25,0.9993904147796547,28,0.0939326747992562,0.2951012905334002
slow_300,300,0.1,0.05,0.997684466996953,0.3,0.25,0.9993904147796547,29,0.09371517059069404,0.2949214011481862
slow_300,300,0.1,0.05,0.997684466996953,0.3,0.25,0.9993904147796547,30,0.09349817002030511,0.2947416214208828
slow_300,300,0.1,0.05,0.997684466996953,0.3,0.25,0.9993904147796547,31,0.0932816719218986,0.294561951284644
slow_300,300,0.1,0.05,0.997684466996953,0.3,0.25,0.9993904147796547,32,0.09306567513198404,0.29438239067266486
slow_300,300,0.1,0.05,0.997684466996953,0.3,0.25,0.9993904147796547,33,0.09285017848976508,0.2942029395181809
slow_300,300,0.1,0.05,0.997684466996953,0.3,0.25,0.9993904147796547,34,0.09263518083713322,0.29402359775446846
slow_300,300,0.1,0.05,0.997684466996953,0.3,0.25,0.9993904147796547,35,0.09242068101866162,0.2938443653148446
slow_300,300,0.1,0.05,0.997684466996953,0.3,0.25,0.9993904147796547,36,0.09220667788159882,0.2936652421326669
slow_300,300,0.1,0.05,0.997684466996953,0.3,0.25,0.9993904147796547,37,0.09199317027586265,0.29348622814133374
slow_300,300,0.1,0.05,0.997684466996953,0.3,0.25,0.9993904147796547,38,0.09178015705403397,0.2933073232742839
slow_300,300,0.1,0.05,0.997684466996953,0.3,0.25,0.9993904147796547,39,0.09156763707135052,0.29312852746499685
slow_300,300,0.1,0.05,0.997684466996953,0.3,0.25,0.9993904147796547,40,0.09135560918570078,0.2929498406469926
slow_300,300,0.1,0.05,0.997684466996953,0.3,0.25,0.9993904147796547,41,0.09114407225761782,0.2927712627538317
slow_300,300,0.1,0.05,0.997684466996953,0.3,0.25,0.9993904147796547,42,0.09093302515027321,0.2925927937191151
slow_300,300,0.1,0.05,0.997684466996953,0.3,0.25,0.9993904147796547,43,0.09072246672947085,0.29241443347648444
slow_300,300,0.1,0.05,0.997684466996953,0.3,0.25,0.9993904147796547,44,0.09051239586364092,0.29223618195962153
slow_300,300,0.1,0.05,0.997684466996953,0.3,0.25,0.9993904147796547,45,0.0903028114238338,0.2920580391022488
slow_300,300,0.1,0.05,0.997684466996953,0.3,0.25,0.9993904147796547,46,0.09009371228371399,0.29188000483812904
slow_300,300,0.1,0.05,0.997684466996953,0.3,0.25,0.9993904147796547,47,0.08988509731955403,0.2917020791010654
slow_300,300,0.1,0.05,0.997684466996953,0.3,0.25,0.9993904147796547,48,0.08967696541022852,0.2915242618249014
slow_300,300,0.1,0.05,0.997684466996953,0.3,0.25,0.9993904147796547,49,0.08946931543720803,0.29134655294352085
slow_300,300,0.1,0.05,0.997684466996953,0.3,0.25,0.9993904147796547,50,0.08926214628455315,0.29116895239084795
slow_300,300,0.1,0.05,0.997684466996953,0.3,0.25,0.9993904147796547,51,0.08905545683890845,0.2909914601008471
slow_300,300,0.1,0.05,0.997684466996953,0.3,0.25,0.9993904147796547,52,0.08884924598949653,0.2908140760075229
slow_300,300,0.1,0.05,0.997684466996953,0.3,0.25,0.9993904147796547,53,0.08864351262811201,0.2906368000449204
slow_300,300,0.1,0.05,0.997684466996953,0.3,0.25,0.9993904147796547,54,0.0884382556491156,0.29045963214712456
slow_300,300,0.1,0.05,0.997684466996953,0.3,0.25,0.9993904147796547,55,0.08823347394942817,0.29028257224826076
slow_300,300,0.1,0.05,0.997684466996953,0.3,0.25,0.9993904147796547,56,0.08802916642852478,0.2901056202824944
slow_300,300,0.1,0.05,0.997684466996953,0.3,0.25,0.9993904147796547,57,0.08782533198842882,0.2899287761840311
slow_300,300,0.1,0.05,0.997684466996953,0.3,0.25,0.9993904147796547,58,0.08762196953370605,0.28975203988711656
slow_300,300,0.1,0.05,0.997684466996953,0.3,0.25,0.9993904147796547,59,0.08741907797145877,0.2895754113260365
slow_300,300,0.1,0.05,0.997684466996953,0.3,0.25,0.9993904147796547,60,0.08721665621131992,0.28939889043511674
slow_300,300,0.1,0.05,0.997684466996953,0.3,0.25,0.9993904147796547,61,0.08701470316544721,0.2892224771487232
slow_300,300,0.1,0.05,0.997684466996953,0.3,0.25,0.9993904147796547,62,0.08681321774851727,0.28904617140126165
slow_300,300,0.1,0.05,0.997684466996953,0.3,0.25,0.9993904147796547,63,0.08661219887771988,0.28886997312717805
slow_300,300,0.1,0.05,0.997684466996953,0.3,0.25,0.9993904147796547,64,0.08641164547275205,0.2886938822609582
slow_300,300,0.1,0.05,0.997684466996953,0.3,0.25,0.9993904147796547,65,0.0862115564558123,0.28851789873712785
slow_300,300,0.1,0.05,0.997684466996953,0.3,0.25,0.9993904147796547,66,0.08601193075159481,0.28834202249025265
slow_300,300,0.1,0.05,0.997684466996953,0.3,0.25,0.9993904147796547,67,0.08581276728728371,0.2881662534549381
slow_300,300,0.1,0.05,0.997684466996953,0.3,0.25,0.9993904147796547,68,0.08561406499254721,0.28799059156582973
slow_300,300,0.1,0.05,0.997684466996953,0.3,0.25,0.9993904147796547,69,0.08541582279953196,0.2878150367576127
slow_300,300,0.1,0.05,0.997684466996953,0.3,0.25,0.9993904147796547,70,0.08521803964285722,0.2876395889650121
slow_300,300,0.1,0.05,0.997684466996953,0.3,0.25,0.9993904147796547,71,0.08502071445960922,0.28746424812279286
slow_300,300,0.1,0.05,0.997684466996953,0.3,0.25,0.9993904147796547,72,0.08482384618933536,0.2872890141657595
slow_300,300,0.1,0.05,0.997684466996953,0.3,0.25,0.9993904147796547,73,0.08462743377403857,0.2871138870287565
slow_300,300,0.1,0.05,0.997684466996953,0.3,0.25,0.9993904147796547,74,0.0844314761581716,0.2869388666466679
slow_300,300,0.1,0.05,0.997684466996953,0.3,0.25,0.9993904147796547,75,0.08423597228863139,0.2867639529544175
slow_300,300,0.1,0.05,0.997684466996953,0.3,0.25,0.9993904147796547,76,0.08404092111475331,0.28658914588696865
slow_300,300,0.1,0.05,0.997684466996953,0.3,0.25,0.9993904147796547,77,0.08384632158830563,0.2864144453793246
slow_300,300,0.1,0.05,0.997684466996953,0.3,0.25,0.9993904147796547,78,0.08365217266348382,0.28623985136652796
slow_300,300,0.1,0.05,0.997684466996953,0.3,0.25,0.9993904147796547,79,0.08345847329690494,0.2860653637836611
slow_300,300,0.1,0.05,0.997684466996953,0.3,0.25,0.9993904147796547,80,0.08326522244760204,0.2858909825658459
slow_300,300,0.1,0.05,0.997684466996953,0.3,0.25,0.9993904147796547,81,0.08307241907701857,0.28571670764824375
slow_300,300,0.1,0.05,0.997684466996953,0.3,0.25,0.9993904147796547,82,0.08288006214900279,0.2855425389660557
slow_300,300,0.1,0.05,0.997684466996953,0.3,0.25,0.9993904147796547,83,0.08268815062980218,0.2853684764545221
slow_300,300,0.1,0.05,0.997684466996953,0.3,0.25,0.9993904147796547,84,0.08249668348805796,0.285194520048923
slow_300,300,0.1,0.05,0.997684466996953,0.3,0.25,0.9993904147796547,85,0.08230565969479944,0.2850206696845777
slow_300,300,0.1,0.05,0.997684466996953,0.3,0.25,0.9993904147796547,86,0.08211507822343858,0.284846925296845
slow_300,300,0.1,0.05,0.997684466996953,0.3,0.25,0.9993904147796547,87,0.08192493804976442,0.28467328682112325
slow_300,300,0.1,0.05,0.997684466996953,0.3,0.25,0.9993904147796547,88,0.0817352381519376,0.28449975419285
slow_300,300,0.1,0.05,0.997684466996953,0.3,0.25,0.9993904147796547,89,0.08154597751048488,0.2843263273475022
slow_300,300,0.1,0.05,0.997684466996953,0.3,0.25,0.9993904147796547,90,0.08135715510829362,0.2841530062205961
slow_300,300,0.1,0.05,0.997684466996953,0.3,0.25,0.9993904147796547,91,0.08116876993060636,0.2839797907476873
slow_300,300,0.1,0.05,0.997684466996953,0.3,0.25,0.9993904147796547,92,0.08098082096501531,0.2838066808643708
slow_300,300,0.1,0.05,0.997684466996953,0.3,0.25,0.9993904147796547,93,0.08079330720145698,0.28363367650628063
slow_300,300,0.1,0.05,0.997684466996953,0.3,0.25,0.9993904147796547,94,0.08060622763220669,0.2834607776090902
slow_300,300,0.1,0.05,0.997684466996953,0.3,0.25,0.9993904147796547,95,0.08041958125187319,0.28328798410851214
slow_300,300,0.1,0.05,0.997684466996953,0.3,0.25,0.9993904147796547,96,0.08023336705739326,0.28311529594029816
slow_300,300,0.1,0.05,0.997684466996953,0.3,0.25,0.9993904147796547,97,0.08004758404802628,0.28294271304023927
slow_300,300,0.1,0.05,0.997684466996953,0.3,0.25,0.9993904147796547,98,0.0798622312253489,0.28277023534416557
slow_300,300,0.1,0.05,0.997684466996953,0.3,0.25,0.9993904147796547,99,0.07967730759324963,0.2825978627879462
slow_300,300,0.1,0.05,0.997684466996953,0.3,0.25,0.9993904147796547,100,0.07949281215792353,0.2824255953074895
slow_300,300,0.1,0.05,0.997684466996953,0.3,0.25,0.9993904147796547,101,0.07930874392786684,0.2822534328387428
slow_300,300,0.1,0.05,0.997684466996953,0.3,0.25,0.9993904147796547,102,0.07912510191387166,0.2820813753176926
slow_300,300,0.1,0.05,0.997684466996953,0.3,0.25,0.9993904147796547,103,0.07894188512902063,0.2819094226803643
slow_300,300,0.1,0.05,0.997684466996953,0.3,0.25,0.9993904147796547,104,0.07875909258868163,0.28173757486282225
slow_300,300,0.1,0.05,0.997684466996953,0.3,0.25,0.9993904147796547,105,0.07857672331050251,0.28156583180116995
slow_300,300,0.1,0.05,0.997684466996953,0.3,0.25,0.9993904147796547,106,0.07839477631440575,0.28139419343154976
slow_300,300,0.1,0.05,0.997684466996953,0.3,0.25,0.9993904147796547,107,0.07821325062258326,0.28122265969014293
slow_300,300,0.1,0.05,0.997684466996953,0.3,0.25,0.9993904147796547,108,0.07803214525949108,0.28105123051316966
slow_300,300,0.1,0.05,0.997684466996953,0.3,0.25,0.9993904147796547,109,0.07785145925184417,0.280879905836889
slow_300,300,0.1,0.05,0.997684466996953,0.3,0.25,0.9993904147796547,110,0.07767119162861115,0.2807086855975989
slow_300,300,0.1,0.05,0.997684466996953,0.3,0.25,0.9993904147796547,111,0.07749134142100911,0.280537569731636
slow_300,300,0.1,0.05,0.997684466996953,0.3,0.25,0.9993904147796547,112,0.07731190766249837,0.28036655817537603
slow_300,300,0.1,0.05,0.997684466996953,0.3,0.25,0.9993904147796547,113,0.07713288938877734,0.28019565086523324
slow_300,300,0.1,0.05,0.997684466996953,0.3,0.25,0.9993904147796547,114,0.07695428563777726,0.2800248477376608
slow_300,300,0.1,0.05,0.997684466996953,0.3,0.25,0.9993904147796547,115,0.07677609544965708,0.2798541487291505
slow_300,300,0.1,0.05,0.997684466996953,0.3,0.25,0.9993904147796547,116,0.07659831786679831,0.2796835537762329
slow_300,300,0.1,0.05,0.997684466996953,0.3,0.25,0.9993904147796547,117,0.07642095193379986,0.2795130628154773
slow_300,300,0.1,0.05,0.997684466996953,0.3,0.25,0.9993904147796547,118,0.07624399669747288,0.27934267578349153
slow_300,300,0.1,0.05,0.997684466996953,0.3,0.25,0.9993904147796547,119,0.07606745120683568,0.2791723926169222
slow_300,300,0.1,0.05,0.997684466996953,0.3,0.25,0.9993904147796547,120,0.07589131451310858,0.2790022132524545
slow_300,300,0.1,0.05,0.997684466996953,0.3,0.25,0.9993904147796547,121,0.07571558566970886,0.2788321376268122
slow_300,300,0.1,0.05,0.997684466996953,0.3,0.25,0.9993904147796547,122,0.07554026373224562,0.2786621656767576
slow_300,300,0.1,0.05,0.997684466996953,0.3,0.25,0.9993904147796547,123,0.07536534775851474,0.27849229733909164
slow_300,300,0.1,0.05,0.997684466996953,0.3,0.25,0.9993904147796547,124,0.07519083680849378,0.27832253255065376
slow_300,300,0.1,0.05,0.997684466996953,0.3,0.25,0.9993904147796547,125,0.075016729944337,0.27815287124832183
slow_300,300,0.1,0.05,0.997684466996953,0.3,0.25,0.9993904147796547,126,0.07484302623037023,0.2779833133690123
slow_300,300,0.1,0.05,0.997684466996953,0.3,0.25,0.9993904147796547,127,0.07466972473308589,0.2778138588496799
slow_300,300,0.1,0.05,0.997684466996953,0.3,0.25,0.9993904147796547,128,0.074496824521138,0.27764450762731807
slow_300,300,0.1,0.05,0.997684466996953,0.3,0.25,0.9993904147796547,129,0.0743243246653371,0.2774752596389584
slow_300,300,0.1,0.05,0.997684466996953,0.3,0.25,0.9993904147796547,130,0.07415222423864533,0.27730611482167106
slow_300,300,0.1,0.05,0.997684466996953,0.3,0.25,0.9993904147796547,131,0.0739805223161714,0.2771370731125644
slow_300,300,0.1,0.05,0.997684466996953,0.3,0.25,0.9993904147796547,132,0.07380921797516565,0.27696813444878526
slow_300,300,0.1,0.05,0.997684466996953,0.3,0.25,0.9993904147796547,133,0.07363831029501507,0.2767992987675187
slow_300,300,0.1,0.05,0.997684466996953,0.3,0.25,0.9993904147796547,134,0.07346779835723835,0.27663056600598807
slow_300,300,0.1,0.05,0.997684466996953,0.3,0.25,0.9993904147796547,135,0.07329768124548096,0.2764619361014551
slow_300,300,0.1,0.05,0.997684466996953,0.3,0.25,0.9993904147796547,136,0.07312795804551023,0.2762934089912196
slow_300,300,0.1,0.05,0.997684466996953,0.3,0.25,0.9993904147796547,137,0.07295862784521041,0.27612498461261975
slow_300,300,0.1,0.05,0.997684466996953,0.3,0.25,0.9993904147796547,138,0.0727896897345778,0.27595666290303184
slow_300,300,0.1,0.05,0.997684466996953,0.3,0.25,0.9993904147796547,139,0.07262114280571584,0.27578844379987033
slow_300,300,0.1,0.05,0.997684466996953,0.3,0.25,0.9993904147796547,140,0.07245298615283022,0.2756203272405879
slow_300,300,0.1,0.05,0.997684466996953,0.3,0.25,0.9993904147796547,141,0.07228521887222403,0.27545231316267527
slow_300,300,0.1,0.05,0.997684466996953,0.3,0.25,0.9993904147796547,142,0.07211784006229292,0.2752844015036614
slow_300,300,0.1,0.05,0.997684466996953,0.3,0.25,0.9993904147796547,143,0.07195084882352022,0.2751165922011132
slow_300,300,0.1,0.05,0.997684466996953,0.3,0.25,0.9993904147796547,144,0.07178424425847212,0.2749488851926356
slow_300,300,0.1,0.05,0.997684466996953,0.3,0.25,0.9993904147796547,145,0.07161802547179284,0.27478128041587174
slow_300,300,0.1,0.05,0.997684466996953,0.3,0.25,0.9993904147796547,146,0.07145219157019984,0.27461377780850266
slow_300,300,0.1,0.05,0.997684466996953,0.3,0.25,0.9993904147796547,147,0.07128674166247902,0.2744463773082474
slow_300,300,0.1,0.05,0.997684466996953,0.3,0.25,0.9993904147796547,148,0.07112167485947986,0.27427907885286296
slow_300,300,0.1,0.05,0.997684466996953,0.3,0.25,0.9993904147796547,149,0.07095699027411076,0.27411188238014433
slow_300,300,0.1,0.05,0.997684466996953,0.3,0.25,0.9993904147796547,150,0.07079268702133418,0.27394478782792436
slow_300,300,0.1,0.05,0.997684466996953,0.3,0.25,0.9993904147796547,151,0.0706287642181619,0.27377779513407385
slow_300,300,0.1,0.05,0.997684466996953,0.3,0.25,0.9993904147796547,152,0.07046522098365032,0.2736109042365014
slow_300,300,0.1,0.05,0.997684466996953,0.3,0.25,0.9993904147796547,153,0.07030205643889569,0.2734441150731535
slow_300,300,0.1,0.05,0.997684466996953,0.3,0.25,0.9993904147796547,154,0.07013926970702936,0.27327742758201456
slow_300,300,0.1,0.05,0.997684466996953,0.3,0.25,0.9993904147796547,155,0.06997685991321312,0.2731108417011066
slow_300,300,0.1,0.05,0.997684466996953,0.3,0.25,0.9993904147796547,156,0.06981482618463448,0.27294435736848954
slow_300,300,0.1,0.05,0.997684466996953,0.3,0.25,0.9993904147796547,157,0.06965316765050197,0.2727779745222611
slow_300,300,0.1,0.05,0.997684466996953,0.3,0.25,0.9993904147796547,158,0.06949188344204048,0.2726116931005566
slow_300,300,0.1,0.05,0.997684466996953,0.3,0.25,0.9993904147796547,159,0.06933097269248654,0.2724455130415492
slow_300,300,0.1,0.05,0.997684466996953,0.3,0.25,0.9993904147796547,160,0.06917043453708374,0.2722794342834497
slow_300,300,0.1,0.05,0.997684466996953,0.3,0.25,0.9993904147796547,161,0.06901026811307802,0.27211345676450654
slow_300,300,0.1,0.05,0.997684466996953,0.3,0.25,0.9993904147796547,162,0.06885047255971306,0.2719475804230058
slow_300,300,0.1,0.05,0.997684466996953,0.3,0.25,0.9993904147796547,163,0.06869104701822566,0.2717818051972713
slow_300,300,0.1,0.05,0.997684466996953,0.3,0.25,0.9993904147796547,164,0.06853199063184111,0.2716161310256643
slow_300,300,0.1,0.05,0.997684466996953,0.3,0.25,0.9993904147796547,165,0.06837330254576858,0.2714505578465837
slow_300,300,0.1,0.05,0.997684466996953,0.3,0.25,0.9993904147796547,166,0.06821498190719653,0.2712850855984659
slow_300,300,0.1,0.05,0.997684466996953,0.3,0.25,0.9993904147796547,167,0.06805702786528817,0.271119714219785
slow_300,300,0.1,0.05,0.997684466996953,0.3,0.25,0.9993904147796547,168,0.0678994395711768,0.27095444364905236
slow_300,300,0.1,0.05,0.997684466996953,0.3,0.25,0.9993904147796547,169,0.06774221617796135,0.27078927382481704
slow_300,300,0.1,0.05,0.997684466996953,0.3,0.25,0.9993904147796547,170,0.06758535684070173,0.2706242046856654
slow_300,300,0.1,0.05,0.997684466996953,0.3,0.25,0.9993904147796547,171,0.06742886071641438,0.27045923617022133
slow_300,300,0.1,0.05,0.997684466996953,0.3,0.25,0.9993904147796547,172,0.06727272696406766,0.2702943682171461
slow_300,300,0.1,0.05,0.997684466996953,0.3,0.25,0.9993904147796547,173,0.06711695474457739,0.27012960076513837
slow_300,300,0.1,0.05,0.997684466996953,0.3,0.25,0.9993904147796547,174,0.0669615432208023,0.2699649337529342
slow_300,300,0.1,0.05,0.997684466996953,0.3,0.25,0.9993904147796547,175,0.06680649155753958,0.2698003671193069
slow_300,300,0.1,0.05,0.997684466996953,0.3,0.25,0.9993904147796547,176,0.06665179892152032,0.2696359008030672
slow_300,300,0.1,0.05,0.997684466996953,0.3,0.25,0.9993904147796547,177,0.06649746448140509,0.2694715347430632
slow_300,300,0.1,0.05,0.997684466996953,0.3,0.25,0.9993904147796547,178,0.06634348740777946,0.2693072688781801
slow_300,300,0.1,0.05,0.997684466996953,0.3,0.25,0.9993904147796547,179,0.06618986687314951,0.2691431031473404
slow_300,300,0.1,0.05,0.997684466996953,0.3,0.25,0.9993904147796547,180,0.06603660205193744,0.2689790374895039
slow_300,300,0.1,0.05,0.997684466996953,0.3,0.25,0.9993904147796547,181,0.0658836921204771,0.2688150718436676
slow_300,300,0.1,0.05,0.997684466996953,0.3,0.25,0.9993904147796547,182,0.06573113625700955,0.2686512061488657
slow_300,300,0.1,0.05,0.997684466996953,0.3,0.25,0.9993904147796547,183,0.06557893364167866,0.2684874403441694
slow_300,300,0.1,0.05,0.997684466996953,0.3,0.25,0.9993904147796547,184,0.06542708345652673,0.26832377436868726
slow_300,300,0.1,0.05,0.997684466996953,0.3,0.25,0.9993904147796547,185,0.06527558488549003,0.26816020816156483
slow_300,300,0.1,0.05,0.997684466996953,0.3,0.25,0.9993904147796547,186,0.06512443711439447,0.26799674166198484
slow_300,300,0.1,0.05,0.997684466996953,0.3,0.25,0.9993904147796547,187,0.06497363933095124,0.267833374809167
slow_300,300,0.1,0.05,0.997684466996953,0.3,0.25,0.9993904147796547,188,0.06482319072475234,0.26767010754236814
slow_300,300,0.1,0.05,0.997684466996953,0.3,0.25,0.9993904147796547,189,0.06467309048726637,0.2675069398008821
slow_300,300,0.1,0.05,0.997684466996953,0.3,0.25,0.9993904147796547,190,0.06452333781183406,0.26734387152403966
slow_300,300,0.1,0.05,0.997684466996953,0.3,0.25,0.9993904147796547,191,0.06437393189366401,0.2671809026512087
slow_300,300,0.1,0.05,0.997684466996953,0.3,0.25,0.9993904147796547,192,0.06422487192982833,0.267018033121794
slow_300,300,0.1,0.05,0.997684466996953,0.3,0.25,0.9993904147796547,193,0.06407615711925835,0.2668552628752373
slow_300,300,0.1,0.05,0.997684466996953,0.3,0.25,0.9993904147796547,194,0.06392778666274028,0.26669259185101724
slow_300,300,0.1,0.05,0.997684466996953,0.3,0.25,0.9993904147796547,195,0.06377975976291096,0.2665300199886493
slow_300,300,0.1,0.05,0.997684466996953,0.3,0.25,0.9993904147796547,196,0.06363207562425353,0.26636754722768585
slow_300,300,0.1,0.05,0.997684466996953,0.3,0.25,0.9993904147796547,197,0.06348473345309319,0.2662051735077162
slow_300,300,0.1,0.05,0.997684466996953,0.3,0.25,0.9993904147796547,198,0.06333773245759292,0.26604289876836645
slow_300,300,0.1,0.05,0.997684466996953,0.3,0.25,0.9993904147796547,199,0.0631910718477492,0.26588072294929943
slow_300,300,0.1,0.05,0.997684466996953,0.3,0.25,0.9993904147796547,200,0.06304475083538782,0.26571864599021483
slow_300,300,0.1,0.05,0.997684466996953,0.3,0.25,0.9993904147796547,201,0.06289876863415961,0.265556667830849
slow_300,300,0.1,0.05,0.997684466996953,0.3,0.25,0.9993904147796547,202,0.0627531244595362,0.2653947884109752
slow_300,300,0.1,0.05,0.997684466996953,0.3,0.25,0.9993904147796547,203,0.06260781752880583,0.2652330076704032
slow_300,300,0.1,0.05,0.997684466996953,0.3,0.25,0.9993904147796547,204,0.06246284706106914,0.2650713255489796
slow_300,300,0.1,0.05,0.997684466996953,0.3,0.25,0.9993904147796547,205,0.062318212277234955,0.2649097419865876
slow_300,300,0.1,0.05,0.997684466996953,0.3,0.25,0.9993904147796547,206,0.06217391240001613,0.26474825692314713
slow_300,300,0.1,0.05,0.997684466996953,0.3,0.25,0.9993904147796547,207,0.06202994665392534,0.2645868702986146
slow_300,300,0.1,0.05,0.997684466996953,0.3,0.25,0.9993904147796547,208,0.061886314265270935,0.26442558205298317
slow_300,300,0.1,0.05,0.997684466996953,0.3,0.25,0.9993904147796547,209,0.06174301446215276,0.2642643921262825
slow_300,300,0.1,0.05,0.997684466996953,0.3,0.25,0.9993904147796547,210,0.061600046474458034,0.26410330045857877
slow_300,300,0.1,0.05,0.997684466996953,0.3,0.25,0.9993904147796547,211,0.0614574095338572,0.26394230698997484
slow_300,300,0.1,0.05,0.997684466996953,0.3,0.25,0.9993904147796547,212,0.06131510287379978,0.2637814116606099
slow_300,300,0.1,0.05,0.997684466996953,0.3,0.25,0.9993904147796547,213,0.06117312572951027,0.2636206144106598
slow_300,300,0.1,0.05,0.997684466996953,0.3,0.25,0.9993904147796547,214,0.06103147733798405,0.26345991518033673
slow_300,300,0.1,0.05,0.997684466996953,0.3,0.25,0.9993904147796547,215,0.060890156937983234,0.26329931390988937
slow_300,300,0.1,0.05,0.997684466996953,0.3,0.25,0.9993904147796547,216,0.06074916377003262,0.26313881053960286
slow_300,300,0.1,0.05,0.997684466996953,0.3,0.25,0.9993904147796547,217,0.06060849707641561,0.2629784050097987
slow_300,300,0.1,0.05,0.997684466996953,0.3,0.25,0.9993904147796547,218,0.06046815610117009,0.26281809726083477
slow_300,300,0.1,0.05,0.997684466996953,0.3,0.25,0.9993904147796547,219,0.060328140090084435,0.2626578872331053
slow_300,300,0.1,0.05,0.997684466996953,0.3,0.25,0.9993904147796547,220,0.060188448290693405,0.2624977748670409
slow_300,300,0.1,0.05,0.997684466996953,0.3,0.25,0.9993904147796547,221,0.06004907995227412,0.26233776010310844
slow_300,300,0.1,0.05,0.997684466996953,0.3,0.25,0.9993904147796547,222,0.05991003432584202,0.2621778428818111
slow_300,300,0.1,0.05,0.997684466996953,0.3,0.25,0.9993904147796547,223,0.05977131066414686,0.2620180231436884
slow_300,300,0.1,0.05,0.997684466996953,0.3,0.25,0.9993904147796547,224,0.05963290822166865,0.2618583008293159
slow_300,300,0.1,0.05,0.997684466996953,0.3,0.25,0.9993904147796547,225,0.0594948262546137,0.2616986758793056
slow_300,300,0.1,0.05,0.997684466996953,0.3,0.25,0.9993904147796547,226,0.059357064020910594,0.2615391482343057
slow_300,300,0.1,0.05,0.997684466996953,0.3,0.25,0.9993904147796547,227,0.059219620780206206,0.26137971783500036
slow_300,300,0.1,0.05,0.997684466996953,0.3,0.25,0.9993904147796547,228,0.05908249579386171,0.2612203846221101
slow_300,300,0.1,0.05,0.997684466996953,0.3,0.25,0.9993904147796547,229,0.05894568832494864,0.26106114853639156
slow_300,300,0.1,0.05,0.997684466996953,0.3,0.25,0.9993904147796547,230,0.0588091976382449,0.2609020095186374
slow_300,300,0.1,0.05,0.997684466996953,0.3,0.25,0.9993904147796547,231,0.058673023000230834,0.26074296750967646
slow_300,300,0.1,0.05,0.997684466996953,0.3,0.25,0.9993904147796547,232,0.05853716367908526,0.2605840224503736
slow_300,300,0.1,0.05,0.997684466996953,0.3,0.25,0.9993904147796547,233,0.05840161894468158,0.26042517428162976
slow_300,300,0.1,0.05,0.997684466996953,0.3,0.25,0.9993904147796547,234,0.058266388068583794,0.26026642294438185
slow_300,300,0.1,0.05,0.997684466996953,0.3,0.25,0.9993904147796547,235,0.058131470324042644,0.2601077683796028
slow_300,300,0.1,0.05,0.997684466996953,0.3,0.25,0.9993904147796547,236,0.05799686498599168,0.2599492105283016
slow_300,300,0.1,0.05,0.997684466996953,0.3,0.25,0.9993904147796547,237,0.057862571331043354,0.25979074933152313
slow_300,300,0.1,0.05,0.997684466996953,0.3,0.25,0.9993904147796547,238,0.05772858863748516,0.2596323847303482
slow_300,300,0.1,0.05,0.997684466996953,0.3,0.25,0.9993904147796547,239,0.05759491618527574,0.2594741166658936
slow_300,300,0.1,0.05,0.997684466996953,0.3,0.25,0.9993904147796547,240,0.05746155325604101,0.25931594507931194
slow_300,300,0.1,0.05,0.997684466996953,0.3,0.25,0.9993904147796547,241,0.05732849913307031,0.25915786991179174
slow_300,300,0.1,0.05,0.997684466996953,0.3,0.25,0.9993904147796547,242,0.05719575310131254,0.25899989110455734
slow_300,300,0.1,0.05,0.997684466996953,0.3,0.25,0.9993904147796547,243,0.057063314447372324,0.25884200859886897
slow_300,300,0.1,0.05,0.997684466996953,0.3,0.25,0.9993904147796547,244,0.05693118245950619,0.2586842223360226
slow_300,300,0.1,0.05,0.997684466996953,0.3,0.25,0.9993904147796547,245,0.056799356427618714,0.25852653225735006
slow_300,300,0.1,0.05,0.997684466996953,0.3,0.25,0.9993904147796547,246,0.05666783564325873,0.25836893830421886
slow_300,300,0.1,0.05,0.997684466996953,0.3,0.25,0.9993904147796547,247,0.056536619399615524,0.2582114404180323
slow_300,300,0.1,0.05,0.997684466996953,0.3,0.25,0.9993904147796547,248,0.05640570699151501,0.2580540385402294
slow_300,300,0.1,0.05,0.997684466996953,0.3,0.25,0.9993904147796547,249,0.05627509771541596,0.25789673261228485
slow_300,300,0.1,0.05,0.997684466996953,0.3,0.25,0.9993904147796547,250,0.05614479086940622,0.2577395225757091
slow_300,300,0.1,0.05,0.997684466996953,0.3,0.25,0.9993904147796547,251,0.05601478575319894,0.2575824083720481
slow_300,300,0.1,0.05,0.997684466996953,0.3,0.25,0.9993904147796547,252,0.0558850816681288,0.25742538994288355
slow_300,300,0.1,0.05,0.997684466996953,0.3,0.25,0.9993904147796547,253,0.05575567791714827,0.25726846722983276
slow_300,300,0.1,0.05,0.997684466996953,0.3,0.25,0.9993904147796547,254,0.05562657380482386,0.2571116401745486
slow_300,300,0.1,0.05,0.997684466996953,0.3,0.25,0.9993904147796547,255,0.05549776863733236,0.25695490871871945
slow_300,300,0.1,0.05,0.997684466996953,0.3,0.25,0.9993904147796547,256,0.05536926172245715,0.25679827280406936
slow_300,300,0.1,0.05,0.997684466996953,0.3,0.25,0.9993904147796547,257,0.05524105236958446,0.2566417323723578
slow_300,300,0.1,0.05,0.997684466996953,0.3,0.25,0.9993904147796547,258,0.05511313988969964,0.25648528736537984
slow_300,300,0.1,0.05,0.997684466996953,0.3,0.25,0.9993904147796547,259,0.054985523595383494,0.2563289377249659
slow_300,300,0.1,0.05,0.997684466996953,0.3,0.25,0.9993904147796547,260,0.05485820280080857,0.25617268339298194
slow_300,300,0.1,0.05,0.997684466996953,0.3,0.25,0.9993904147796547,261,0.05473117682173545,0.2560165243113294
slow_300,300,0.1,0.05,0.997684466996953,0.3,0.25,0.9993904147796547,262,0.05460444497550912,0.25586046042194505
slow_300,300,0.1,0.05,0.997684466996953,0.3,0.25,0.9993904147796547,263,0.05447800658105526,0.2557044916668011
slow_300,300,0.1,0.05,0.997684466996953,0.3,0.25,0.9993904147796547,264,0.05435186095887662,0.2555486179879051
slow_300,300,0.1,0.05,0.997684466996953,0.3,0.25,0.9993904147796547,265,0.05422600743104932,0.25539283932730006
slow_300,300,0.1,0.05,0.997684466996953,0.3,0.25,0.9993904147796547,266,0.05410044532121926,0.2552371556270641
slow_300,300,0.1,0.05,0.997684466996953,0.3,0.25,0.9993904147796547,267,0.053975173954598436,0.2550815668293109
slow_300,300,0.1,0.05,0.997684466996953,0.3,0.25,0.9993904147796547,268,0.053850192657961364,0.25492607287618924
slow_300,300,0.1,0.05,0.997684466996953,0.3,0.25,0.9993904147796547,269,0.053725500759641415,0.25477067370988327
slow_300,300,0.1,0.05,0.997684466996953,0.3,0.25,0.9993904147796547,270,0.05360109758952724,0.2546153692726123
slow_300,300,0.1,0.05,0.997684466996953,0.3,0.25,0.9993904147796547,271,0.053476982479059146,0.254460159506631
slow_300,300,0.1,0.05,0.997684466996953,0.3,0.25,0.9993904147796547,272,0.05335315476122552,0.254305044354229
slow_300,300,0.1,0.05,0.997684466996953,0.3,0.25,0.9993904147796547,273,0.05322961377055923,0.25415002375773144
slow_300,300,0.1,0.05,0.997684466996953,0.3,0.25,0.9993904147796547,274,0.053106358843134055,0.25399509765949835
slow_300,300,0.1,0.05,0.997684466996953,0.3,0.25,0.9993904147796547,275,0.05298338931656112,0.25384026600192494
slow_300,300,0.1,0.05,0.997684466996953,0.3,0.25,0.9993904147796547,276,0.05286070452998534,0.25368552872744166
slow_300,300,0.1,0.05,0.997684466996953,0.3,0.25,0.9993904147796547,277,0.052738303824081845,0.25353088577851396
slow_300,300,0.1,0.05,0.997684466996953,0.3,0.25,0.9993904147796547,278,0.05261618654105246,0.25337633709764235
slow_300,300,0.1,0.05,0.997684466996953,0.3,0.25,0.9993904147796547,279,0.05249435202462218,0.2532218826273624
slow_300,300,0.1,0.05,0.997684466996953,0.3,0.25,0.9993904147796547,280,0.052372799620035604,0.25306752231024476
slow_300,300,0.1,0.05,0.997684466996953,0.3,0.25,0.9993904147796547,281,0.052251528674053443,0.25291325608889503
slow_300,300,0.1,0.05,0.997684466996953,0.3,0.25,0.9993904147796547,282,0.05213053853494902,0.25275908390595386
slow_300,300,0.1,0.05,0.997684466996953,0.3,0.25,0.9993904147796547,283,0.05200982855250473,0.2526050057040968
slow_300,300,0.1,0.05,0.997684466996953,0.3,0.25,0.9993904147796547,284,0.05188939807800859,0.2524510214260343
slow_300,300,0.1,0.05,0.997684466996953,0.3,0.25,0.9993904147796547,285,0.05176924646425072,0.25229713101451196
slow_300,300,0.1,0.05,0.997684466996953,0.3,0.25,0.9993904147796547,286,0.05164937306551987,0.25214333441231
slow_300,300,0.1,0.05,0.997684466996953,0.3,0.25,0.9993904147796547,287,0.05152977723759997,0.2519896315622437
slow_300,300,0.1,0.05,0.997684466996953,0.3,0.25,0.9993904147796547,288,0.051410458337766654,0.2518360224071631
slow_300,300,0.1,0.05,0.997684466996953,0.3,0.25,0.9993904147796547,289,0.05129141572478378,0.25168250688995314
slow_300,300,0.1,0.05,0.997684466996953,0.3,0.25,0.9993904147796547,290,0.05117264875890004,0.2515290849535336
slow_300,300,0.1,0.05,0.997684466996953,0.3,0.25,0.9993904147796547,291,0.051054156801845475,0.251375756540859
slow_300,300,0.1,0.05,0.997684466996953,0.3,0.25,0.9993904147796547,292,0.05093593921682807,0.25122252159491854
slow_300,300,0.1,0.05,0.997684466996953,0.3,0.25,0.9993904147796547,293,0.05081799536853031,0.2510693800587364
slow_300,300,0.1,0.05,0.997684466996953,0.3,0.25,0.9993904147796547,294,0.05070032462310579,0.2509163318753714
slow_300,300,0.1,0.05,0.997684466996953,0.3,0.25,0.9993904147796547,295,0.05058292634817579,0.2507633769879169
slow_300,300,0.1,0.05,0.997684466996953,0.3,0.25,0.9993904147796547,296,0.05046579991282589,0.2506105153395012
slow_300,300,0.1,0.05,0.997684466996953,0.3,0.25,0.9993904147796547,297,0.05034894468760258,0.2504577468732871
slow_300,300,0.1,0.05,0.997684466996953,0.3,0.25,0.9993904147796547,298,0.05023236004450985,0.25030507153247217
slow_300,300,0.1,0.05,0.997684466996953,0.3,0.25,0.9993904147796547,299,0.050116045357005846,0.2501524892602885
slow_300,300,0.1,0.05,0.997684466996953,0.3,0.25,0.9993904147796547,300,0.05,0.25000000000000283
rare_large_200,200,0.05,0.05,1.0,0.325,0.25,0.9986824553358271,1,0.05,0.325
rare_large_200,200,0.05,0.05,1.0,0.325,0.25,0.9986824553358271,2,0.05,0.3245717979841438
rare_large_200,200,0.05,0.05,1.0,0.325,0.25,0.9986824553358271,3,0.05,0.3241441601435688
rare_large_200,200,0.05,0.05,1.0,0.325,0.25,0.9986824553358271,4,0.05,0.32371708573494884
rare_large_200,200,0.05,0.05,1.0,0.325,0.25,0.9986824553358271,5,0.05,0.32329057401593714
rare_large_200,200,0.05,0.05,1.0,0.325,0.25,0.9986824553358271,6,0.05,0.32286462424516504
rare_large_200,200,0.05,0.05,1.0,0.325,0.25,0.9986824553358271,7,0.05,0.32243923568224064
rare_large_200,200,0.05,0.05,1.0,0.325,0.25,0.9986824553358271,8,0.05,0.3220144075877475
rare_large_200,200,0.05,0.05,1.0,0.325,0.25,0.9986824553358271,9,0.05,0.3215901392232435
rare_large_200,200,0.05,0.05,1.0,0.325,0.25,0.9986824553358271,10,0.05,0.32116642985125926
rare_large_200,200,0.05,0.05,1.0,0.325,0.25,0.9986824553358271,11,0.05,0.3207432787352973
rare_large_200,200,0.05,0.05,1.0,0.325,0.25,0.9986824553358271,12,0.05,0.32032068513983025
rare_large_200,200,0.05,0.05,1.0,0.325,0.25,0.9986824553358271,13,0.05,0.3198986483303001
rare_large_200,200,0.05,0.05,1.0,0.325,0.25,0.9986824553358271,14,0.05,0.3194771675731164
rare_large_200,200,0.05,0.05,1.0,0.325,0.25,0.9986824553358271,15,0.05,0.31905624213565537
rare_large_200,200,0.05,0.05,1.0,0.325,0.25,0.9986824553358271,16,0.05,0.3186358712862585
rare_large_200,200,0.05,0.05,1.0,0.325,0.25,0.9986824553358271,17,0.05,0.31821605429423117
rare_large_200,200,0.05,0.05,1.0,0.325,0.25,0.9986824553358271,18,0.05,0.31779679042984166
rare_large_200,200,0.05,0.05,1.0,0.325,0.25,0.9986824553358271,19,0.05,0.3173780789643196
rare_large_200,200,0.05,0.05,1.0,0.325,0.25,0.9986824553358271,20,0.05,0.3169599191698547
rare_large_200,200,0.05,0.05,1.0,0.325,0.25,0.9986824553358271,21,0.05,0.3165423103195958
rare_large_200,200,0.05,0.05,1.0,0.325,0.25,0.9986824553358271,22,0.05,0.31612525168764927
rare_large_200,200,0.05,0.05,1.0,0.325,0.25,0.9986824553358271,23,0.05,0.3157087425490779
rare_large_200,200,0.05,0.05,1.0,0.325,0.25,0.9986824553358271,24,0.05,0.3152927821798996
rare_large_200,200,0.05,0.05,1.0,0.325,0.25,0.9986824553358271,25,0.05,0.31487736985708625
rare_large_200,200,0.05,0.05,1.0,0.325,0.25,0.9986824553358271,26,0.05,0.31446250485856225
rare_large_200,200,0.05,0.05,1.0,0.325,0.25,0.9986824553358271,27,0.05,0.3140481864632034
rare_large_200,200,0.05,0.05,1.0,0.325,0.25,0.9986824553358271,28,0.05,0.3136344139508357
rare_large_200,200,0.05,0.05,1.0,0.325,0.25,0.9986824553358271,29,0.05,0.31322118660223375
rare_large_200,200,0.05,0.05,1.0,0.325,0.25,0.9986824553358271,30,0.05,0.31280850369912006
rare_large_200,200,0.05,0.05,1.0,0.325,0.25,0.9986824553358271,31,0.05,0.31239636452416336
rare_large_200,200,0.05,0.05,1.0,0.325,0.25,0.9986824553358271,32,0.05,0.31198476836097755
rare_large_200,200,0.05,0.05,1.0,0.325,0.25,0.9986824553358271,33,0.05,0.3115737144941203
rare_large_200,200,0.05,0.05,1.0,0.325,0.25,0.9986824553358271,34,0.05,0.31116320220909205
rare_large_200,200,0.05,0.05,1.0,0.325,0.25,0.9986824553358271,35,0.05,0.3107532307923345
rare_large_200,200,0.05,0.05,1.0,0.325,0.25,0.9986824553358271,36,0.05,0.3103437995312296
rare_large_200,200,0.05,0.05,1.0,0.325,0.25,0.9986824553358271,37,0.05,0.3099349077140981
rare_large_200,200,0.05,0.05,1.0,0.325,0.25,0.9986824553358271,38,0.05,0.30952655463019846
rare_large_200,200,0.05,0.05,1.0,0.325,0.25,0.9986824553358271,39,0.05,0.30911873956972563
rare_large_200,200,0.05,0.05,1.0,0.325,0.25,0.9986824553358271,40,0.05,0.3087114618238097
rare_large_200,200,0.05,0.05,1.0,0.325,0.25,0.9986824553358271,41,0.05,0.30830472068451475
rare_large_200,200,0.05,0.05,1.0,0.325,0.25,0.9986824553358271,42,0.05,0.30789851544483754
rare_large_200,200,0.05,0.05,1.0,0.325,0.25,0.9986824553358271,43,0.05,0.3074928453987064
rare_large_200,200,0.05,0.05,1.0,0.325,0.25,0.9986824553358271,44,0.05,0.30708770984098
rare_large_200,200,0.05,0.05,1.0,0.325,0.25,0.9986824553358271,45,0.05,0.3066831080674459
rare_large_200,200,0.05,0.05,1.0,0.325,0.25,0.9986824553358271,46,0.05,0.3062790393748197
rare_large_200,200,0.05,0.05,1.0,0.325,0.25,0.9986824553358271,47,0.05,0.3058755030607434
rare_large_200,200,0.05,0.05,1.0,0.325,0.25,0.9986824553358271,48,0.05,0.30547249842378454
rare_large_200,200,0.05,0.05,1.0,0.325,0.25,0.9986824553358271,49,0.05,0.3050700247634347
rare_large_200,200,0.05,0.05,1.0,0.325,0.25,0.9986824553358271,50,0.05,0.30466808138010854
rare_large_200,200,0.05,0.05,1.0,0.325,0.25,0.9986824553358271,51,0.05,0.30426666757514237
rare_large_200,200,0.05,0.05,1.0,0.325,0.25,0.9986824553358271,52,0.05,0.30386578265079306
rare_large_200,200,0.05,0.05,1.0,0.325,0.25,0.9986824553358271,53,0.05,0.3034654259102368
rare_large_200,200,0.05,0.05,1.0,0.325,0.25,0.9986824553358271,54,0.05,0.3030655966575678
rare_large_200,200,0.05,0.05,1.0,0.325,0.25,0.9986824553358271,55,0.05,0.3026662941977973
rare_large_200,200,0.05,0.05,1.0,0.325,0.25,0.9986824553358271,56,0.05,0.302267517836852
rare_large_200,200,0.05,0.05,1.0,0.325,0.25,0.9986824553358271,57,0.05,0.3018692668815733
rare_large_200,200,0.05,0.05,1.0,0.325,0.25,0.9986824553358271,58,0.05,0.3014715406397157
rare_large_200,200,0.05,0.05,1.0,0.325,0.25,0.9986824553358271,59,0.05,0.30107433841994585
rare_large_200,200,0.05,0.05,1.0,0.325,0.25,0.9986824553358271,60,0.05,0.3006776595318413
rare_large_200,200,0.05,0.05,1.0,0.325,0.25,0.9986824553358271,61,0.05,0.3002815032858891
rare_large_200,200,0.05,0.05,1.0,0.325,0.25,0.9986824553358271,62,0.05,0.29988586899348496
rare_large_200,200,0.05,0.05,1.0,0.325,0.25,0.9986824553358271,63,0.05,0.29949075596693175
rare_large_200,200,0.05,0.05,1.0,0.325,0.25,0.9986824553358271,64,0.05,0.2990961635194384
rare_large_200,200,0.05,0.05,1.0,0.325,0.25,0.9986824553358271,65,0.05,0.2987020909651188
rare_large_200,200,0.05,0.05,1.0,0.325,0.25,0.9986824553358271,66,0.05,0.2983085376189904
rare_large_200,200,0.05,0.05,1.0,0.325,0.25,0.9986824553358271,67,0.05,0.29791550279697326
rare_large_200,200,0.05,0.05,1.0,0.325,0.25,0.9986824553358271,68,0.05,0.2975229858158887
rare_large_200,200,0.05,0.05,1.0,0.325,0.25,0.9986824553358271,69,0.05,0.2971309859934582
rare_large_200,200,0.05,0.05,1.0,0.325,0.25,0.9986824553358271,70,0.05,0.2967395026483021
rare_large_200,200,0.05,0.05,1.0,0.325,0.25,0.9986824553358271,71,0.05,0.2963485350999385
rare_large_200,200,0.05,0.05,1.0,0.325,0.25,0.9986824553358271,72,0.05,0.29595808266878215
rare_large_200,200,0.05,0.05,1.0,0.325,0.25,0.9986824553358271,73,0.05,0.29556814467614306
rare_large_200,200,0.05,0.05,1.0,0.325,0.25,0.9986824553358271,74,0.05,0.29517872044422555
rare_large_200,200,0.05,0.05,1.0,0.325,0.25,0.9986824553358271,75,0.05,0.29478980929612686
rare_large_200,200,0.05,0.05,1.0,0.325,0.25,0.9986824553358271,76,0.05,0.2944014105558362
rare_large_200,200,0.05,0.05,1.0,0.325,0.25,0.9986824553358271,77,0.05,0.29401352354823335
rare_large_200,200,0.05,0.05,1.0,0.325,0.25,0.9986824553358271,78,0.05,0.29362614759908773
rare_large_200,200,0.05,0.05,1.0,0.325,0.25,0.9986824553358271,79,0.05,0.2932392820350569
rare_large_200,200,0.05,0.05,1.0,0.325,0.25,0.9986824553358271,80,0.05,0.2928529261836857
rare_large_200,200,0.05,0.05,1.0,0.325,0.25,0.9986824553358271,81,0.05,0.29246707937340494
rare_large_200,200,0.05,0.05,1.0,0.325,0.25,0.9986824553358271,82,0.05,0.2920817409335303
rare_large_200,200,0.05,0.05,1.0,0.325,0.25,0.9986824553358271,83,0.05,0.29169691019426097
rare_large_200,200,0.05,0.05,1.0,0.325,0.25,0.9986824553358271,84,0.05,0.2913125864866788
rare_large_200,200,0.05,0.05,1.0,0.325,0.25,0.9986824553358271,85,0.05,0.29092876914274685
rare_large_200,200,0.05,0.05,1.0,0.325,0.25,0.9986824553358271,86,0.05,0.2905454574953084
rare_large_200,200,0.05,0.05,1.0,0.325,0.25,0.9986824553358271,87,0.05,0.2901626508780858
rare_large_200,200,0.05,0.05,1.0,0.325,0.25,0.9986824553358271,88,0.05,0.2897803486256791
rare_large_200,200,0.05,0.05,1.0,0.325,0.25,0.9986824553358271,89,0.05,0.2893985500735652
rare_large_200,200,0.05,0.05,1.0,0.325,0.25,0.9986824553358271,90,0.05,0.2890172545580964
rare_large_200,200,0.05,0.05,1.0,0.325,0.25,0.9986824553358271,91,0.05,0.2886364614164995
rare_large_200,200,0.05,0.05,1.0,0.325,0.25,0.9986824553358271,92,0.05,0.2882561699868745
rare_large_200,200,0.05,0.05,1.0,0.325,0.25,0.9986824553358271,93,0.05,0.28787637960819334
rare_large_200,200,0.05,0.05,1.0,0.325,0.25,0.9986824553358271,94,0.05,0.2874970896202992
rare_large_200,200,0.05,0.05,1.0,0.325,0.25,0.9986824553358271,95,0.05,0.2871182993639047
rare_large_200,200,0.05,0.05,1.0,0.325,0.25,0.9986824553358271,96,0.05,0.2867400081805914
rare_large_200,200,0.05,0.05,1.0,0.325,0.25,0.9986824553358271,97,0.05,0.2863622154128082
rare_large_200,200,0.05,0.05,1.0,0.325,0.25,0.9986824553358271,98,0.05,0.28598492040387036
rare_large_200,200,0.05,0.05,1.0,0.325,0.25,0.9986824553358271,99,0.05,0.2856081224979583
rare_large_200,200,0.05,0.05,1.0,0.325,0.25,0.9986824553358271,100,0.05,0.2852318210401167
rare_large_200,200,0.05,0.05,1.0,0.325,0.25,0.9986824553358271,101,0.05,0.28485601537625294
rare_large_200,200,0.05,0.05,1.0,0.325,0.25,0.9986824553358271,102,0.05,0.2844807048531364
rare_large_200,200,0.05,0.05,1.0,0.325,0.25,0.9986824553358271,103,0.05,0.28410588881839705
rare_large_200,200,0.05,0.05,1.0,0.325,0.25,0.9986824553358271,104,0.05,0.2837315666205243
rare_large_200,200,0.05,0.05,1.0,0.325,0.25,0.9986824553358271,105,0.05,0.283357737608866
rare_large_200,200,0.05,0.05,1.0,0.325,0.25,0.9986824553358271,106,0.05,0.28298440113362733
rare_large_200,200,0.05,0.05,1.0,0.325,0.25,0.9986824553358271,107,0.05,0.28261155654586956
rare_large_200,200,0.05,0.05,1.0,0.325,0.25,0.9986824553358271,108,0.05,0.28223920319750895
rare_large_200,200,0.05,0.05,1.0,0.325,0.25,0.9986824553358271,109,0.05,0.2818673404413157
rare_large_200,200,0.05,0.05,1.0,0.325,0.25,0.9986824553358271,110,0.05,0.2814959676309126
rare_large_200,200,0.05,0.05,1.0,0.325,0.25,0.9986824553358271,111,0.05,0.2811250841207743
rare_large_200,200,0.05,0.05,1.0,0.325,0.25,0.9986824553358271,112,0.05,0.2807546892662258
rare_large_200,200,0.05,0.05,1.0,0.325,0.25,0.9986824553358271,113,0.05,0.2803847824234416
rare_large_200,200,0.05,0.05,1.0,0.325,0.25,0.9986824553358271,114,0.05,0.28001536294944435
rare_large_200,200,0.05,0.05,1.0,0.325,0.25,0.9986824553358271,115,0.05,0.2796464302021039
rare_large_200,200,0.05,0.05,1.0,0.325,0.25,0.9986824553358271,116,0.05,0.2792779835401361
rare_large_200,200,0.05,0.05,1.0,0.325,0.25,0.9986824553358271,117,0.05,0.27891002232310186
rare_large_200,200,0.05,0.05,1.0,0.325,0.25,0.9986824553358271,118,0.05,0.2785425459114057
rare_large_200,200,0.05,0.05,1.0,0.325,0.25,0.9986824553358271,119,0.05,0.278175553666295
rare_large_200,200,0.05,0.05,1.0,0.325,0.25,0.9986824553358271,120,0.05,0.27780904494985864
rare_large_200,200,0.05,0.05,1.0,0.325,0.25,0.9986824553358271,121,0.05,0.277443019125026
rare_large_200,200,0.05,0.05,1.0,0.325,0.25,0.9986824553358271,122,0.05,0.27707747555556583
rare_large_200,200,0.05,0.05,1.0,0.325,0.25,0.9986824553358271,123,0.05,0.2767124136060851
rare_large_200,200,0.05,0.05,1.0,0.325,0.25,0.9986824553358271,124,0.05,0.276347832642028
rare_large_200,200,0.05,0.05,1.0,0.325,0.25,0.9986824553358271,125,0.05,0.27598373202967474
rare_large_200,200,0.05,0.05,1.0,0.325,0.25,0.9986824553358271,126,0.05,0.27562011113614054
rare_large_200,200,0.05,0.05,1.0,0.325,0.25,0.9986824553358271,127,0.05,0.2752569693293744
rare_large_200,200,0.05,0.05,1.0,0.325,0.25,0.9986824553358271,128,0.05,0.27489430597815806
rare_large_200,200,0.05,0.05,1.0,0.325,0.25,0.9986824553358271,129,0.05,0.274532120452105
rare_large_200,200,0.05,0.05,1.0,0.325,0.25,0.9986824553358271,130,0.05,0.27417041212165927
rare_large_200,200,0.05,0.05,1.0,0.325,0.25,0.9986824553358271,131,0.05,0.2738091803580943
rare_large_200,200,0.05,0.05,1.0,0.325,0.25,0.9986824553358271,132,0.05,0.273448424533512
rare_large_200,200,0.05,0.05,1.0,0.325,0.25,0.9986824553358271,133,0.05,0.27308814402084136
rare_large_200,200,0.05,0.05,1.0,0.325,0.25,0.9986824553358271,134,0.05,0.27272833819383785
rare_large_200,200,0.05,0.05,1.0,0.325,0.25,0.9986824553358271,135,0.05,0.27236900642708184
rare_large_200,200,0.05,0.05,1.0,0.325,0.25,0.9986824553358271,136,0.05,0.2720101480959778
rare_large_200,200,0.05,0.05,1.0,0.325,0.25,0.9986824553358271,137,0.05,0.27165176257675305
rare_large_200,200,0.05,0.05,1.0,0.325,0.25,0.9986824553358271,138,0.05,0.2712938492464569
rare_large_200,200,0.05,0.05,1.0,0.325,0.25,0.9986824553358271,139,0.05,0.2709364074829593
rare_large_200,200,0.05,0.05,1.0,0.325,0.25,0.9986824553358271,140,0.05,0.27057943666494993
rare_large_200,200,0.05,0.05,1.0,0.325,0.25,0.9986824553358271,141,0.05,0.2702229361719371
rare_large_200,200,0.05,0.05,1.0,0.325,0.25,0.9986824553358271,142,0.05,0.2698669053842466
rare_large_200,200,0.05,0.05,1.0,0.325,0.25,0.9986824553358271,143,0.05,0.26951134368302077
rare_large_200,200,0.05,0.05,1.0,0.325,0.25,0.9986824553358271,144,0.05,0.2691562504502171
rare_large_200,200,0.05,0.05,1.0,0.325,0.25,0.9986824553358271,145,0.05,0.26880162506860766
rare_large_200,200,0.05,0.05,1.0,0.325,0.25,0.9986824553358271,146,0.05,0.2684474669217775
rare_large_200,200,0.05,0.05,1.0,0.325,0.25,0.9986824553358271,147,0.05,0.268093775394124
rare_large_200,200,0.05,0.05,1.0,0.325,0.25,0.9986824553358271,148,0.05,0.2677405498708555
rare_large_200,200,0.05,0.05,1.0,0.325,0.25,0.9986824553358271,149,0.05,0.26738778973799043
rare_large_200,200,0.05,0.05,1.0,0.325,0.25,0.9986824553358271,150,0.05,0.2670354943823562
rare_large_200,200,0.05,0.05,1.0,0.325,0.25,0.9986824553358271,151,0.05,0.2666836631915879
rare_large_200,200,0.05,0.05,1.0,0.325,0.25,0.9986824553358271,152,0.05,0.2663322955541278
rare_large_200,200,0.05,0.05,1.0,0.325,0.25,0.9986824553358271,153,0.05,0.26598139085922357
rare_large_200,200,0.05,0.05,1.0,0.325,0.25,0.9986824553358271,154,0.05,0.2656309484969277
rare_large_200,200,0.05,0.05,1.0,0.325,0.25,0.9986824553358271,155,0.05,0.2652809678580964
rare_large_200,200,0.05,0.05,1.0,0.325,0.25,0.9986824553358271,156,0.05,0.26493144833438836
rare_large_200,200,0.05,0.05,1.0,0.325,0.25,0.9986824553358271,157,0.05,0.2645823893182638
rare_large_200,200,0.05,0.05,1.0,0.325,0.25,0.9986824553358271,158,0.05,0.2642337902029834
rare_large_200,200,0.05,0.05,1.0,0.325,0.25,0.9986824553358271,159,0.05,0.26388565038260725
rare_large_200,200,0.05,0.05,1.0,0.325,0.25,0.9986824553358271,160,0.05,0.26353796925199385
rare_large_200,200,0.05,0.05,1.0,0.325,0.25,0.9986824553358271,161,0.05,0.26319074620679894
rare_large_200,200,0.05,0.05,1.0,0.325,0.25,0.9986824553358271,162,0.05,0.2628439806434745
rare_large_200,200,0.05,0.05,1.0,0.325,0.25,0.9986824553358271,163,0.05,0.2624976719592677
rare_large_200,200,0.05,0.05,1.0,0.325,0.25,0.9986824553358271,164,0.05,0.26215181955221994
rare_large_200,200,0.05,0.05,1.0,0.325,0.25,0.9986824553358271,165,0.05,0.26180642282116573
rare_large_200,200,0.05,0.05,1.0,0.325,0.25,0.9986824553358271,166,0.05,0.26146148116573154
rare_large_200,200,0.05,0.05,1.0,0.325,0.25,0.9986824553358271,167,0.05,0.26111699398633487
rare_large_200,200,0.05,0.05,1.0,0.325,0.25,0.9986824553358271,168,0.05,0.2607729606841833
rare_large_200,200,0.05,0.05,1.0,0.325,0.25,0.9986824553358271,169,0.05,0.2604293806612733
rare_large_200,200,0.05,0.05,1.0,0.325,0.25,0.9986824553358271,170,0.05,0.2600862533203892
rare_large_200,200,0.05,0.05,1.0,0.325,0.25,0.9986824553358271,171,0.05,0.25974357806510223
rare_large_200,200,0.05,0.05,1.0,0.325,0.25,0.9986824553358271,172,0.05,0.2594013542997694
rare_large_200,200,0.05,0.05,1.0,0.325,0.25,0.9986824553358271,173,0.05,0.2590595814295325
rare_large_200,200,0.05,0.05,1.0,0.325,0.25,0.9986824553358271,174,0.05,0.2587182588603172
rare_large_200,200,0.05,0.05,1.0,0.325,0.25,0.9986824553358271,175,0.05,0.2583773859988317
rare_large_200,200,0.05,0.05,1.0,0.325,0.25,0.9986824553358271,176,0.05,0.258036962252566
rare_large_200,200,0.05,0.05,1.0,0.325,0.25,0.9986824553358271,177,0.05,0.25769698702979077
rare_large_200,200,0.05,0.05,1.0,0.325,0.25,0.9986824553358271,178,0.05,0.25735745973955626
rare_large_200,200,0.05,0.05,1.0,0.325,0.25,0.9986824553358271,179,0.05,0.25701837979169134
rare_large_200,200,0.05,0.05,1.0,0.325,0.25,0.9986824553358271,180,0.05,0.2566797465968024
rare_large_200,200,0.05,0.05,1.0,0.325,0.25,0.9986824553358271,181,0.05,0.2563415595662726
rare_large_200,200,0.05,0.05,1.0,0.325,0.25,0.9986824553358271,182,0.05,0.2560038181122603
rare_large_200,200,0.05,0.05,1.0,0.325,0.25,0.9986824553358271,183,0.05,0.2556665216476986
rare_large_200,200,0.05,0.05,1.0,0.325,0.25,0.9986824553358271,184,0.05,0.25532966958629405
rare_large_200,200,0.05,0.05,1.0,0.325,0.25,0.9986824553358271,185,0.05,0.2549932613425256
rare_large_200,200,0.05,0.05,1.0,0.325,0.25,0.9986824553358271,186,0.05,0.2546572963316437
rare_large_200,200,0.05,0.05,1.0,0.325,0.25,0.9986824553358271,187,0.05,0.25432177396966926
rare_large_200,200,0.05,0.05,1.0,0.325,0.25,0.9986824553358271,188,0.05,0.25398669367339255
rare_large_200,200,0.05,0.05,1.0,0.325,0.25,0.9986824553358271,189,0.05,0.25365205486037223
rare_large_200,200,0.05,0.05,1.0,0.325,0.25,0.9986824553358271,190,0.05,0.25331785694893444
rare_large_200,200,0.05,0.05,1.0,0.325,0.25,0.9986824553358271,191,0.05,0.2529840993581717
rare_large_200,200,0.05,0.05,1.0,0.325,0.25,0.9986824553358271,192,0.05,0.25265078150794174
rare_large_200,200,0.05,0.05,1.0,0.325,0.25,0.9986824553358271,193,0.05,0.25231790281886685
rare_large_200,200,0.05,0.05,1.0,0.325,0.25,0.9986824553358271,194,0.05,0.2519854627123326
rare_large_200,200,0.05,0.05,1.0,0.325,0.25,0.9986824553358271,195,0.05,0.2516534606104868
rare_large_200,200,0.05,0.05,1.0,0.325,0.25,0.9986824553358271,196,0.05,0.2513218959362388
rare_large_200,200,0.05,0.05,1.0,0.325,0.25,0.9986824553358271,197,0.05,0.2509907681132582
rare_large_200,200,0.05,0.05,1.0,0.325,0.25,0.9986824553358271,198,0.05,0.25066007656597394
rare_large_200,200,0.05,0.05,1.0,0.325,0.25,0.9986824553358271,199,0.05,0.25032982071957327
rare_large_200,200,0.05,0.05,1.0,0.325,0.25,0.9986824553358271,200,0.05,0.25000000000000083
