generation,best_fitness,best_progress,best_dense_progress,best_ranking_progress,best_time,best_finished,best_crashes,best_distance,best_steps,best_reward,best_ranking_key,cached_evaluations,evaluated_count,population_size,finish_count,crash_count,timeout_count,terminated_count,truncated_count,virtual_time_sum,cumulative_virtual_time,virtual_steps_sum,cumulative_virtual_steps,generation_wall_seconds,cumulative_wall_seconds,mean_progress,mean_dense_progress,mean_ranking_progress,mean_reward,mean_time,progress_min,progress_p10,progress_p25,progress_median,progress_mean,progress_std,progress_p75,progress_p90,progress_max,dense_progress_min,dense_progress_p10,dense_progress_p25,dense_progress_median,dense_progress_mean,dense_progress_std,dense_progress_p75,dense_progress_p90,dense_progress_max,ranking_progress_min,ranking_progress_p10,ranking_progress_p25,ranking_progress_median,ranking_progress_mean,ranking_progress_std,ranking_progress_p75,ranking_progress_p90,ranking_progress_max,time_min,time_p10,time_p25,time_median,time_mean,time_std,time_p75,time_p90,time_max,distance_min,distance_p10,distance_p25,distance_median,distance_mean,distance_std,distance_p75,distance_p90,distance_max,reward_min,reward_p10,reward_p25,reward_median,reward_mean,reward_std,reward_p75,reward_p90,reward_max,fitness_min,fitness_p10,fitness_p25,fitness_median,fitness_mean,fitness_std,fitness_p75,fitness_p90,fitness_max,steps_min,steps_p10,steps_p25,steps_median,steps_mean,steps_std,steps_p75,steps_p90,steps_max
1,2277237028385.0503,0.0,2.277238028390067,2.277238028390067,5.016666666666654,0,1,9.532529921038076,301,2277237.02838505,"[0.0, 2.277238028390067, -1.0, -5.016666666666654]",0,64,64,0,64,0,64,0,321.06666666666587,321.06666666666587,19264,19264,39.484646600001724,39.61321479998878,0.0,1.9864173446382796,1.9864173446382796,1986416.344633263,5.016666666666654,0.0,0.0,0.0,0.0,0.0,0.0,0.0,0.0,0.0,1.8069131033761159,1.8860282897949219,1.918614251273019,1.9830186026436942,1.9864173446382796,0.08714565065070604,2.0399624960763116,2.0924622671944753,2.277238028390067,1.8069131033761159,1.8860282897949219,1.918614251273019,1.9830186026436942,1.9864173446382796,0.08714565065070604,2.0399624960763116,2.0924622671944753,2.277238028390067,5.016666666666654,5.016666666666654,5.016666666666654,5.016666666666654,5.016666666666654,0.0,5.016666666666654,5.016666666666654,5.016666666666654,4.478094357800728,5.282419756232412,5.623731453619257,6.2975185294417315,6.354775776860947,0.9365624350364933,6.926518181338906,7.475675329462684,9.532529921038076,1806912.1033710993,1886027.2897899053,1918613.2512680024,1983017.6026386777,1986416.344633263,87145.65065070603,2039961.4960712946,2092461.2671894587,2277237.02838505,1806912103371.0994,1886027289789.9053,1918613251268.0024,1983017602638.6777,1986416344633.2627,87145650650.70604,2039961496071.295,2092461267189.4587,2277237028385.0503,301.0,301.0,301.0,301.0,301.0,0.0,301.0,301.0,301.0
2,3400670822677.8516,2.857142857142857,3.4006718226841515,3.4006718226841515,6.299999999999983,0,1,22.090489075053483,378,3400670.8226778517,"[0.0, 3.4006718226841515, -1.0, -6.299999999999983]",0,64,64,0,64,0,64,0,322.3499999999992,643.4166666666652,19341,38605,29.86940369999502,71.05742389999796,0.044642857142857144,2.081683192934309,2.081683192934309,2081682.192929272,5.036718749999988,0.0,0.0,0.0,0.0,0.044642857142857144,0.3543416934461505,0.0,0.0,2.857142857142857,1.886405944824219,1.969569069998605,1.9845294952392578,2.038895743233817,2.081683192934309,0.2001972306351104,2.1027578626360213,2.165752410888672,3.4006718226841515,1.886405944824219,1.969569069998605,1.9845294952392578,2.038895743233817,2.081683192934309,0.2001972306351104,2.1027578626360213,2.165752410888672,3.4006718226841515,5.016666666666654,5.016666666666654,5.016666666666654,5.016666666666654,5.036718749999988,0.15915847730622873,5.016666666666654,5.016666666666654,6.299999999999983,5.289155923121143,6.16781129372248,6.322049735190376,6.9181319148192415,7.3919231372851755,2.221127247402535,7.603463311017549,8.297106755786809,22.090489075053483,1886404.9448192024,1969568.0699935884,1984528.4952342412,2038894.7432288006,2081682.192929272,200197.2306349783,2102756.8626310043,2165751.4108836553,3400670.8226778517,1886404944819.2024,1969568069993.5884,1984528495234.2412,2038894743228.8005,2081682192929.272,200197230634.9783,2102756862631.0046,2165751410883.6553,3400670822677.8516,301.0,301.0,301.0,301.0,302.203125,9.549508638373757,301.0,301.0,378.0
3,3400670822677.8516,2.857142857142857,3.4006718226841515,3.4006718226841515,6.299999999999983,0,1,22.090489075053483,378,3400670.8226778517,"[0.0, 3.4006718226841515, -1.0, -6.299999999999983]",0,64,64,0,64,0,64,0,322.3499999999992,965.7666666666644,19341,57946,26.94674839999061,99.41594589999295,0.044642857142857144,2.1606475114822388,2.1606475114822388,2160646.511477202,5.036718749999988,0.0,0.0,0.0,0.0,0.044642857142857144,0.3543416934461506,0.0,0.0,2.857142857142857,1.9018663678850447,1.976593017578125,2.0318126678466797,2.113568442208426,2.1606475114822388,0.2201327315720744,2.2217696053641185,2.3030455453055243,3.4006718226841515,1.9018663678850447,1.976593017578125,2.0318126678466797,2.113568442208426,2.1606475114822388,0.2201327315720744,2.2217696053641185,2.3030455453055243,3.4006718226841515,5.016666666666654,5.016666666666654,5.016666666666654,5.016666666666654,5.036718749999988,0.15915847730622873,5.016666666666654,5.016666666666654,6.299999999999983,5.4519793289509835,6.246205307655328,6.838154963617853,7.723268091125647,8.262635261670994,2.4452705293930133,8.918052281391283,9.822146418296326,22.090489075053483,1901865.367880028,1976592.0175731082,2031811.6678416631,2113567.44220341,2160646.511477202,220132.73157196149,2221768.6053591017,2303044.545300508,3400670.8226778517,1901865367880.028,1976592017573.1084,2031811667841.663,2113567442203.41,2160646511477.2021,220132731571.96146,2221768605359.1016,2303044545300.508,3400670822677.8516,301.0,301.0,301.0,301.0,302.203125,9.549508638373757,301.0,301.0,378.0
4,7142856142848.226,5.714285714285714,7.142857142857142,7.142857142857142,8.91666666666669,0,1,67.3225345313549,535,7142856.142848225,"[0.0, 7.142857142857142, -1.0, -8.91666666666669]",0,64,64,0,64,0,64,0,328.14999999999924,1293.9166666666636,19689,77635,21.842894899993553,121.97287299999152,0.17857142857142858,2.3527793373380392,2.3527793373380392,2352778.337332912,5.127343749999988,0.0,0.0,0.0,0.0,0.17857142857142858,0.8563984863058427,0.0,0.0,5.714285714285714,1.892427716936384,2.047914777483259,2.1004349844796315,2.2266823904854913,2.3527793373380392,0.6697240595642893,2.3483957563127795,2.5948704310825894,7.142857142857142,1.892427716936384,2.047914777483259,2.1004349844796315,2.2266823904854913,2.3527793373380392,0.6697240595642893,2.3483957563127795,2.5948704310825894,7.142857142857142,5.016666666666654,5.016666666666654,5.016666666666654,5.016666666666654,5.127343749999988,0.5545688326702776,5.016666666666654,5.016666666666654,8.91666666666669,5.347733202921518,7.030282946161606,7.586718865908551,8.993285479285987,10.470446413475202,7.885200297089787,10.325272045760357,13.089314064771315,67.3225345313549,1892426.7169313673,2047913.7774782425,2100433.984474615,2226681.3904804746,2352778.337332912,669724.0595637657,2348394.7563077626,2594869.4310775725,7142856.142848225,1892426716931.3672,2047913777478.2424,2100433984474.615,2226681390480.4746,2352778337332.9116,669724059563.7656,2348394756307.7627,2594869431077.5723,7142856142848.226,301.0,301.0,301.0,301.0,307.640625,33.27412996021646,301.0,301.0,535.0
5,7142856142848.226,5.714285714285714,7.142857142857142,7.142857142857142,8.91666666666669,0,1,67.3225345313549,535,7142856.142848225,"[0.0, 7.142857142857142, -1.0, -8.91666666666669]",0,64,64,0,64,0,64,0,332.3999999999992,1626.3166666666627,19944,97579,20.990869400004158,144.21384439998656,0.3125,2.4853896243231635,2.4853896243231635,2485388.62431797,5.193749999999987,0.0,0.0,0.0,0.0,0.3125,1.024842882432946,0.0,0.0,5.714285714285714,1.9312722342354909,2.115517207554409,2.1682698386056085,2.31219972882952,2.4853896243231635,0.6934060861425454,2.5831821986607144,2.7734097072056363,7.142857142857142,1.9312722342354909,2.115517207554409,2.1682698386056085,2.31219972882952,2.4853896243231635,0.6934060861425454,2.5831821986607144,2.7734097072056363,7.142857142857142,5.016666666666654,5.016666666666654,5.016666666666654,5.016666666666654,5.193749999999987,0.6270348818491348,5.016666666666654,5.016666666666654,8.91666666666669,5.762499207761721,7.749263593374053,8.325570612341835,9.925004169675958,11.948011400630094,8.132655662422945,12.964565845824836,15.245623618594257,67.3225345313549,1931271.2342304743,2115516.207549392,2168268.8386005918,2312198.7288245037,2485388.62431797,693406.0861419609,2583181.198655698,2773408.7072006194,7142856.142848225,1931271234230.4744,2115516207549.392,2168268838600.5918,2312198728824.5034,2485388624317.97,693406086141.9609,2583181198655.6978,2773408707200.6196,7142856142848.226,301.0,301.0,301.0,301.0,311.625,37.62209291094795,301.0,301.0,535.0
6,7142856142848.226,5.714285714285714,7.142857142857142,7.142857142857142,8.91666666666669,0,1,67.3225345313549,535,7142856.142848225,"[0.0, 7.142857142857142, -1.0, -8.91666666666669]",0,64,64,0,64,0,64,0,337.3333333333325,1963.6499999999953,20240,117819,15.532295600001817,161.00909819999652,0.4910714285714286,2.5852610383714945,2.5852610383714945,2585260.038366224,5.270833333333321,0.0,0.0,0.0,0.0,0.4910714285714286,1.1903831808904808,0.0,2.857142857142857,5.714285714285714,1.9391523088727678,2.0814241681780135,2.2949341365269254,2.401117597307478,2.5852610383714945,0.6913388019560346,2.685462406703404,3.1375100272042413,7.142857142857142,1.9391523088727678,2.0814241681780135,2.2949341365269254,2.401117597307478,2.5852610383714945,0.6913388019560346,2.685462406703404,3.1375100272042413,7.142857142857142,5.016666666666654,5.016666666666654,5.016666666666654,5.016666666666654,5.270833333333321,0.6807624402095067,5.016666666666654,6.174999999999985,8.91666666666669,5.852300169048249,7.385311194980023,9.726941762077331,10.906658219595556,13.072462894208797,8.102978594291935,14.120571642144569,19.209142105497452,67.3225345313549,1939151.3088677512,2081423.168172997,2294933.136521909,2401116.597302461,2585260.038366224,691338.8019554293,2685461.406698387,3137509.027198363,7142856.142848225,1939151308867.7512,2081423168172.9968,2294933136521.9087,2401116597302.4614,2585260038366.224,691338801955.4294,2685461406698.387,3137509027198.363,7142856142848.226,301.0,301.0,301.0,301.0,316.25,40.84574641257031,301.0,370.50000000000006,535.0
7,8283578690103.859,5.714285714285714,8.283579690115793,8.283579690115793,11.933333333333506,0,1,76.62146123498678,716,8283578.69010386,"[0.0, 8.283579690115793, -1.0, -11.933333333333506]",0,64,64,0,64,0,64,0,367.59999999999957,2331.249999999995,22056,139875,25.124058999994304,186.53515999999945,1.0714285714285714,3.002927005290985,3.002927005290985,3002926.0052852416,5.743749999999993,0.0,0.0,0.0,0.0,1.0714285714285714,1.556749622693098,2.857142857142857,2.857142857142857,5.714285714285714,2.0617948259626115,2.2597563607352122,2.374098641531808,2.6376288277762274,3.002927005290985,1.0756979263358784,3.1905038016183034,3.9107175554547995,8.283579690115793,2.0617948259626115,2.2597563607352122,2.374098641531808,2.6376288277762274,3.002927005290985,1.0756979263358784,3.1905038016183034,3.9107175554547995,8.283579690115793,5.016666666666654,5.016666666666654,5.016666666666654,5.016666666666654,5.743749999999993,1.4234473144252708,5.945833333333318,7.138333333333314,11.933333333333506,7.159729212522507,9.359199732103297,10.613307867759431,13.556700777095102,17.82289614842216,12.334492336833986,20.309774152981845,27.815257691498847,76.62146123498678,2061793.825957595,2259755.360730196,2374097.6415267913,2637627.827771211,3002926.0052852416,1075697.9263345515,3190502.801612345,3910716.555447476,8283578.69010386,2061793825957.595,2259755360730.196,2374097641526.7915,2637627827771.211,3002926005285.241,1075697926334.5515,3190502801612.3447,3910716555447.476,8283578690103.859,301.0,301.0,301.0,301.0,344.625,85.40683886551474,356.75,428.3,716.0
8,8756489434907.649,8.571428571428571,8.756490434919083,8.756490434919083,11.433333333333481,0,1,77.83915214240551,686,8756489.434907649,"[0.0, 8.756490434919083, -1.0, -11.433333333333481]",0,64,64,0,64,0,64,0,425.7166666666668,2756.9666666666617,25543,165418,29.185832599992864,216.84491109999362,2.321428571428571,3.759176390511649,3.759176390511649,3759175.390504997,6.651822916666669,0.0,0.0,0.0,2.857142857142857,2.321428571428571,1.8813667415808462,2.857142857142857,4.857142857142866,8.571428571428571,2.102137974330357,2.4303207397460938,2.71343503679548,3.136969975062779,3.759176390511649,1.6299510394760832,4.0028149741036545,6.001193455287391,8.756490434919083,2.102137974330357,2.4303207397460938,2.71343503679548,3.136969975062779,3.759176390511649,1.6299510394760832,4.0028149741036545,6.001193455287391,8.756490434919083,5.016666666666654,5.016666666666654,5.016666666666654,5.991666666666651,6.651822916666669,1.8965843686091999,7.358333333333313,9.36166666666671,11.933333333333506,7.598393519874662,11.248974880624155,14.63606561128654,19.138995575151057,26.432677331824152,18.38839963451919,29.289307956583798,52.98913974352183,77.83915214240551,2102136.9743253407,2430319.739741077,2713434.036790463,3136968.9750569705,3759175.390504997,1629951.0394743688,4002813.974096005,6001192.455276923,8756489.434907649,2102136974325.3406,2430319739741.077,2713434036790.4634,3136968975056.9707,3759175390504.997,1629951039474.3687,4002813974096.005,6001192455276.924,8756489434907.649,301.0,301.0,301.0,359.5,399.109375,113.79506211654957,441.5,561.7,716.0
9,9038444608944.291,8.571428571428571,9.038445608956474,9.038445608956474,12.183333333333518,0,1,79.35755466669798,731,9038444.608944291,"[0.0, 9.038445608956474, -1.0, -12.183333333333518]",0,64,64,0,64,0,64,0,510.25000000000205,3267.2166666666635,30615,196033,26.106852400000207,243.51924179999332,3.303571428571429,4.69003221818379,4.69003221818379,4690031.218175817,7.972656250000032,0.0,0.0,2.857142857142857,2.857142857142857,3.303571428571429,1.9703639723851707,5.714285714285714,5.714285714285714,8.571428571428571,2.1693038940429688,2.802943638392857,3.2367692674909314,4.371700286865234,4.69003221818379,1.8712444694668378,5.776542936052595,7.974267687116352,9.038445608956474,2.1693038940429688,2.802943638392857,3.2367692674909314,4.371700286865234,4.69003221818379,1.8712444694668378,5.776542936052595,7.974267687116352,9.038445608956474,5.016666666666654,5.016666666666654,5.966666666666651,7.441666666666645,7.972656250000032,2.419729322248126,9.86250000000007,11.750000000000165,13.266666666666906,8.340122684618109,15.416634955145128,20.286462251782723,34.04139505838975,37.01522905673971,20.997597419275746,50.239146165084094,75.21867402791977,79.35755466669798,2169302.894037952,2802942.6383878407,3236768.267485032,4371699.286858452,4690031.218175817,1871244.46946477,5776541.936040599,7974266.687105636,9038444.608944291,2169302894037.9521,2802942638387.841,3236768267485.0317,4371699286858.451,4690031218175.817,1871244469464.77,5776541936040.599,7974266687105.637,9038444608944.291,301.0,301.0,358.0,446.5,478.359375,145.18375933488352,591.75,705.0,796.0
10,9506420770360.605,8.571428571428571,9.506421770368304,9.506421770368304,7.699999999999978,0,1,81.50176425278187,462,9506420.770360606,"[0.0, 9.506421770368304, -1.0, -7.699999999999978]",0,64,64,0,64,0,64,0,567.3000000000033,3834.516666666667,34038,230071,40.43133280001348,285.01694809999026,4.196428571428571,5.656941149915967,5.656941149915967,5656940.149907103,8.86406250000005,0.0,2.857142857142857,2.857142857142857,2.857142857142857,4.196428571428571,2.140996215764607,5.714285714285714,5.714285714285714,8.571428571428571,2.5443431309291293,3.1141809735979353,3.783040727887835,5.315851484026227,5.656941149915967,2.116728420963169,7.782314845493861,8.425333840506418,9.506421770368304,2.5443431309291293,3.1141809735979353,3.783040727887835,5.315851484026227,5.656941149915967,2.116728420963169,7.782314845493861,8.425333840506418,9.506421770368304,5.016666666666654,5.816666666666651,6.6166666666666485,8.216666666666654,8.86406250000005,2.7092533994082735,11.1416666666668,12.173333333333519,18.866666666666877,12.51270141400164,18.95607134961683,26.414247693144716,45.029870895668864,47.48568737128301,23.035296992024897,73.45347361825407,76.97936723157764,81.50176425278187,2544342.1309241126,3114179.9735921808,3783039.7278807475,5315850.484018536,5656940.149907103,2116728.4209611067,7782313.845481894,8425332.8404964,9506420.770360606,2544342130924.113,3114179973592.1807,3783039727880.7476,5315850484018.536,5656940149907.104,2116728420961.1067,7782313845481.895,8425332840496.399,9506420770360.605,301.0,349.0,397.0,493.0,531.84375,162.5552039644917,668.5,730.4,1132.0
11,9506420770360.605,8.571428571428571,9.506421770368304,9.506421770368304,7.699999999999978,0,1,81.50176425278187,462,9506420.770360606,"[0.0, 9.506421770368304, -1.0, -7.699999999999978]",0,64,64,0,64,0,64,0,626.8833333333389,4461.400000000006,37613,267684,37.54316099999414,323.81776769999124,5.401785714285714,6.733054901872363,6.733054901872363,6733053.901862567,9.79505208333342,0.0,2.857142857142857,2.857142857142857,5.714285714285714,5.401785714285714,2.14982127282759,5.714285714285714,8.571428571428571,8.571428571428571,2.4295915876116068,4.085365840366909,5.450607027326312,7.142857142857142,6.733054901872363,1.807516551616827,8.264132227216448,8.89649336678641,9.506421770368304,2.4295915876116068,4.085365840366909,5.450607027326312,7.142857142857142,6.733054901872363,1.807516551616827,8.264132227216448,8.89649336678641,9.506421770368304,4.533333333333323,6.006666666666651,7.649999999999978,9.691666666666727,9.79505208333342,2.9254609674866505,11.67500000000016,13.86000000000027,17.80000000000027,11.224699215439614,30.156565453764053,45.8798236255534,66.14893377944827,59.297399893473994,18.868203361767232,74.08646563393995,78.5321350093931,81.50176425278187,2429590.5876065902,4085364.8403591854,5450606.027315557,7142856.142846342,6733053.901862567,1807516.5516150144,8264131.227207907,8896492.366771784,9506420.770360606,2429590587606.5903,4085364840359.185,5450606027315.557,7142856142846.343,6733053901862.566,1807516551615.0144,8264131227207.906,8896492366771.783,9506420770360.605,272.0,360.4,459.0,581.5,587.703125,175.52765804919284,700.5,831.6000000000001,1068.0
12,9749686739770.338,8.571428571428571,9.74968773978097,9.74968773978097,10.633333333333441,0,1,82.78836980834603,638,9749686.739770338,"[0.0, 9.74968773978097, -1.0, -10.633333333333441]",0,64,64,0,64,0,64,0,614.8166666666714,5076.216666666677,36889,304573,47.163336400000844,372.21568099998694,5.625,7.043225084032331,7.043225084032331,7043224.084022725,9.60651041666674,0.0,2.857142857142857,2.857142857142857,5.714285714285714,5.625,2.3673345684933667,8.571428571428571,8.571428571428571,8.571428571428571,2.3394557407924106,3.9617985316685274,5.512706211635045,7.342064721243723,7.043225084032331,1.9641160073564825,8.693199838910784,9.230498722621373,9.74968773978097,2.3394557407924106,3.9617985316685274,5.512706211635045,7.342064721243723,7.043225084032331,1.9641160073564825,8.693199838910784,9.230498722621373,9.74968773978097,4.866666666666655,6.009999999999984,7.129166666666647,8.816666666666684,9.60651041666674,3.332710380835854,11.40833333333348,14.38333333333363,18.483333333333565,10.222593419865007,28.70457357168198,47.13305938895792,71.57304962724447,62.098133714847336,19.989386580844045,77.54517536051571,79.94317080006003,82.78836980834603,2339454.740787394,3961797.531661909,5512705.211627211,7342063.721235581,7043224.084022725,1964116.0073546204,8693198.838902114,9230497.722611886,9749686.739770338,2339454740787.394,3961797531661.909,5512705211627.212,7342063721235.581,7043224084022.725,1964116007354.6204,8693198838902.113,9230497722611.887,9749686739770.338,292.0,360.6,427.75,529.0,576.390625,199.9626228501451,684.5,863.0000000000001,1109.0
13,9749686739770.338,8.571428571428571,9.74968773978097,9.74968773978097,10.633333333333441,0,1,82.78836980834603,638,9749686.739770338,"[0.0, 9.74968773978097, -1.0, -10.633333333333441]",0,64,64,0,64,0,64,0,613.5833333333377,5689.800000000015,36815,341388,40.69376090000151,413.5271999999968,5.848214285714286,7.264499706881386,7.264499706881386,7264498.7068718,9.587239583333401,0.0,2.857142857142857,2.857142857142857,5.714285714285714,5.848214285714286,2.3920407722533596,8.571428571428571,8.571428571428571,8.571428571428571,2.466479710170201,4.409971509660994,5.671236855643135,7.529860905238559,7.264499706881386,1.9552080898991344,9.142402921404157,9.463590621948242,9.74968773978097,2.466479710170201,4.409971509660994,5.671236855643135,7.529860905238559,7.264499706881386,1.9552080898991344,9.142402921404157,9.463590621948242,9.74968773978097,4.149999999999991,5.631666666666652,6.799999999999981,8.550000000000004,9.587239583333401,3.786480819726426,11.829166666666834,14.866666666666987,20.733333333333437,11.642082796228351,34.63559524547309,49.437884571030736,72.77777156233788,64.05555926815873,19.018151340672812,79.46972849080339,81.3559737071395,82.78836980834603,2466478.7101651845,4409970.509653292,5671235.85563596,7529859.90522901,7264498.7068718,1955208.089897154,9142401.921395395,9463589.621938672,9749686.739770338,2466478710165.1846,4409970509653.292,5671235855635.96,7529859905229.01,7264498706871.801,1955208089897.1538,9142401921395.395,9463589621938.672,9749686739770.338,249.0,337.90000000000003,408.0,513.0,575.234375,227.1888491835798,709.75,892.0000000000001,1244.0
14,9749686739770.338,8.571428571428571,9.74968773978097,9.74968773978097,10.633333333333441,0,1,82.78836980834603,638,9749686.739770338,"[0.0, 9.74968773978097, -1.0, -10.633333333333441]",0,64,64,0,64,0,64,0,515.550000000002,6205.350000000017,30933,372321,31.197174200002337,445.4577874999959,5.4017857142857135,6.93189914737429,6.93189914737429,6931898.147366233,8.055468750000031,0.0,2.857142857142857,2.857142857142857,5.714285714285714,5.4017857142857135,2.4803918541230536,8.571428571428571,8.571428571428571,8.571428571428571,2.5861522129603793,3.9492367335728242,5.187966482979911,7.3260634286063055,6.93189914737429,2.1080132918029624,8.844917842320033,9.488587515694755,9.74968773978097,2.5861522129603793,3.9492367335728242,5.187966482979911,7.3260634286063055,6.93189914737429,2.1080132918029624,8.844917842320033,9.488587515694755,9.74968773978097,3.983333333333324,5.016666666666654,5.958333333333318,7.541666666666645,8.055468750000031,2.8242056631017647,9.612500000000058,12.22500000000019,18.366666666666905,12.994647610175889,28.824678762955593,44.21646875888109,70.55620022118092,60.41205632861124,20.915180382691727,78.73913673684001,81.47673829048873,83.17655154317617,2586151.2129553626,3949235.7335653957,5187965.482975427,7326062.428597581,6931898.147366233,2108013.2918013986,8844916.842311557,9488586.515680429,9749686.739770338,2586151212955.363,3949235733565.3955,5187965482975.427,7326062428597.58,6931898147366.233,2108013291801.3987,8844916842311.559,9488586515680.428,9749686739770.338,239.0,301.0,357.5,452.5,483.328125,169.45233978610145,576.75,733.5000000000001,1102.0
15,9792449496118.01,8.571428571428571,9.792450496128627,9.792450496128627,10.616666666666774,0,1,83.02414087206125,637,9792449.49611801,"[0.0, 9.792450496128627, -1.0, -10.616666666666774]",0,64,64,0,64,0,64,0,510.8166666666692,6716.166666666686,30649,402970,37.115039099997375,483.7555804000003,5.7142857142857135,7.17101229088647,7.17101229088647,7171011.29087849,7.981510416666707,0.0,2.857142857142857,2.857142857142857,5.714285714285714,5.7142857142857135,2.422260708259024,8.571428571428571,8.571428571428571,8.571428571428571,2.523313249860491,4.844504765101842,5.384859357561384,7.3207691737583716,7.17101229088647,1.9083871245545772,8.982528959001813,9.527655192783902,9.792450496128627,2.523313249860491,4.844504765101842,5.384859357561384,7.3207691737583716,7.17101229088647,1.9083871245545772,8.982528959001813,9.527655192783902,9.792450496128627,3.9999999999999907,4.593333333333322,5.437499999999986,7.5916666666666455,7.981510416666707,2.8929438779800005,9.762500000000065,12.19333333333352,15.066666666666995,12.307712033376447,40.51611267030239,46.19445636495948,71.14038022235036,63.26372731271272,18.029633832714715,79.01407074183226,81.62295154184103,83.17655154317617,2523312.249855474,4844503.765097647,5384858.3575548045,7320768.173749654,7171011.29087849,1908387.1245528397,8982527.958992632,9527654.192774901,9792449.49611801,2523312249855.474,4844503765097.647,5384858357554.805,7320768173749.654,7171011290878.489,1908387124552.8396,8982527958992.63,9527654192774.902,9792449496118.01,240.0,275.6,326.25,455.5,478.890625,173.57663267879514,585.75,731.6,904.0
16,9792449496118.01,8.571428571428571,9.792450496128627,9.792450496128627,10.616666666666774,0,1,83.02414087206125,637,9792449.49611801,"[0.0, 9.792450496128627, -1.0, -10.616666666666774]",0,64,64,0,64,0,64,0,530.0333333333353,7246.200000000022,31802,434772,29.3054087000055,514.1053065999877,6.160714285714285,7.549433537891932,7.549433537891932,7549432.5378836505,8.281770833333365,0.0,2.857142857142857,5.714285714285714,5.714285714285714,6.160714285714285,2.3265739679991757,8.571428571428571,8.571428571428571,8.571428571428571,2.4362237112862726,4.447276524135045,5.7953480311802466,8.33101953778948,7.549433537891932,2.025740927108143,9.066993168422155,9.54609979901995,9.792450496128627,2.4362237112862726,4.447276524135045,5.7953480311802466,8.33101953778948,7.549433537891932,2.025740927108143,9.066993168422155,9.54609979901995,9.792450496128627,3.3666666666666596,5.803333333333318,6.812499999999981,7.608333333333311,8.281770833333365,2.479157420763649,9.39583333333338,11.496666666666819,16.966666666666985,11.297857280587777,34.478375858254736,50.884170638397336,76.76910231262445,66.54994377959258,19.875314668400808,79.47637078166008,81.65527233332395,83.17655154317617,2436222.711281256,4447275.524127774,5795347.031173471,8331018.537781773,7549432.5378836505,2025740.927106703,9066992.168409757,9546098.799008258,9792449.49611801,2436222711281.256,4447275524127.773,5795347031173.472,8331018537781.772,7549432537883.65,2025740927106.7031,9066992168409.758,9546098799008.258,9792449496118.01,202.0,348.2,408.75,456.5,496.90625,148.7494452458143,563.75,689.8000000000001,1018.0
17,9792449496118.01,8.571428571428571,9.792450496128627,9.792450496128627,10.616666666666774,0,1,83.02414087206125,637,9792449.49611801,"[0.0, 9.792450496128627, -1.0, -10.616666666666774]",0,64,64,0,64,0,64,0,500.31666666666854,7746.51666666669,30019,464791,43.3300656999927,557.7798296999972,5.848214285714285,7.3697638511657715,7.3697638511657715,7369762.851157954,7.817447916666696,2.857142857142857,2.857142857142857,2.857142857142857,5.714285714285714,5.848214285714285,2.3920407722533596,8.571428571428571,8.571428571428571,8.571428571428571,3.4075927734374996,4.795589447021484,5.479363032749721,7.787474223545621,7.3697638511657715,1.8912215484837134,9.021577153887067,9.617822919573102,9.792450496128627,3.4075927734374996,4.795589447021484,5.479363032749721,7.787474223545621,7.3697638511657715,1.8912215484837134,9.021577153887067,9.617822919573102,9.792450496128627,3.9166666666666576,4.679999999999989,5.716666666666652,7.358333333333313,7.817447916666696,2.7434746281826956,9.458333333333382,11.400000000000146,16.966666666666985,26.13909588381648,38.92738550845534,47.23864667862654,74.3828792348504,65.00450724925031,17.54677115035413,79.03196992725134,82.16297507509589,83.17655154317617,3407591.773431916,4795588.447012558,5479362.032745101,7787473.223539436,7369762.851157954,1891221.5484819536,9021576.153878368,9617821.919564258,9792449.49611801,3407591773431.916,4795588447012.558,5479362032745.101,7787473223539.437,7369762851157.953,1891221548481.9536,9021576153878.367,9617821919564.26,9792449496118.01,235.0,280.8,343.0,441.5,469.046875,164.60847769095727,567.5,684.0,1018.0
18,10082957766383.332,8.571428571428571,10.082958766392299,10.082958766392299,8.966666666666692,0,1,85.03073248267174,538,10082957.766383331,"[0.0, 10.082958766392299, -1.0, -8.966666666666692]",0,64,64,0,64,0,64,0,540.466666666669,8286.983333333359,32428,497219,42.08005659999617,601.2061872999911,5.580357142857142,7.026748359203339,7.026748359203339,7026747.359194893,8.444791666666703,2.857142857142857,2.857142857142857,2.857142857142857,5.714285714285714,5.580357142857142,2.3920407722533596,8.571428571428571,8.571428571428571,8.571428571428571,3.129076276506696,4.045961652483259,5.009128025599888,7.282957349504743,7.026748359203339,2.137437912237188,9.364503451756068,9.672781263078962,10.082958766392299,3.129076276506696,4.045961652483259,5.009128025599888,7.282957349504743,7.026748359203339,2.137437912237188,9.364503451756068,9.672781263078962,10.082958766392299,3.1499999999999937,4.799999999999988,6.1499999999999835,7.90833333333331,8.444791666666703,3.4545032443074883,10.08750000000008,12.271666666666858,23.816666666666595,20.529968161135912,31.380072227446362,42.18345724698156,71.27228193730116,61.32250208332607,20.313142636739485,80.49587982101366,82.59498267471791,85.03073248267174,3129075.2765005133,4045960.6524758455,5009127.02559275,7282956.3494989835,7026747.359194893,2137437.9122350854,9364502.451736927,9672780.26306681,10082957.766383331,3129075276500.513,4045960652475.8457,5009127025592.75,7282956349498.984,7026747359194.895,2137437912235.086,9364502451736.926,9672780263066.81,10082957766383.332,189.0,288.0,369.0,474.5,506.6875,207.27019465844577,605.25,736.3000000000001,1429.0
19,10704570860157.178,8.571428571428571,10.704571860177177,10.704571860177177,20.000000000000146,0,1,91.3142440021038,1200,10704570.860157177,"[0.0, 10.704571860177177, -1.0, -20.000000000000146]",0,64,64,0,64,0,64,0,562.4666666666702,8849.45000000003,33748,530967,37.66588210000191,639.780683799996,5.758928571428571,7.217756339481898,7.217756339481898,7217755.33947311,8.788541666666722,2.857142857142857,2.857142857142857,2.857142857142857,5.714285714285714,5.758928571428571,2.3953711473743415,8.571428571428571,8.571428571428571,8.571428571428571,2.905229840959821,4.272545405796596,5.189809799194336,7.166268484933035,7.217756339481898,2.1771201731610192,9.344632966177803,9.747054781232562,10.704571860177177,2.905229840959821,4.272545405796596,5.189809799194336,7.166268484933035,7.217756339481898,2.1771201731610192,9.344632966177803,9.747054781232562,10.704571860177177,3.483333333333326,5.2966666666666535,6.512499999999982,8.099999999999984,8.788541666666722,3.3225030764032297,10.633333333333441,13.0966666666669,20.000000000000146,16.601911268509866,34.27005773074925,44.27119356021285,69.44716337695718,62.61745761477209,20.41066731539967,80.84698149003088,83.05865826234222,91.3142440021038,2905228.8409535545,4272544.405792247,5189808.7991892155,7166267.48492511,7217755.33947311,2177120.1731591043,9344631.96616654,9747053.781222379,10704570.860157177,2905228840953.5547,4272544405792.2466,5189808799189.215,7166267484925.109,7217755339473.109,2177120173159.1045,9344631966166.54,9747053781222.379,10704570860157.178,209.0,317.8,390.75,486.0,527.3125,199.35018458418844,638.0,785.8000000000002,1200.0
20,11021596725986.982,8.571428571428571,11.021597726004465,11.021597726004465,17.483333333333622,0,1,94.4842086955905,1049,11021596.725986982,"[0.0, 11.021597726004465, -1.0, -17.483333333333622]",0,64,64,0,64,0,64,0,534.2833333333363,9383.733333333366,32057,563024,27.644559899999877,668.4055430000008,5.892857142857142,7.421130580561502,7.421130580561502,7421129.5805531535,8.348177083333379,2.857142857142857,2.857142857142857,2.857142857142857,5.714285714285714,5.892857142857142,2.4679062430509378,8.571428571428571,8.571428571428571,8.571428571428571,2.9986953735351562,4.613566807338169,5.313717978341239,7.5552054813929965,7.421130580561502,2.1523142108149083,9.344795772007533,9.788651875087194,11.021597726004465,2.9986953735351562,4.613566807338169,5.313717978341239,7.5552054813929965,7.421130580561502,2.1523142108149083,9.344795772007533,9.788651875087194,11.021597726004465,3.299999999999993,4.568333333333323,5.633333333333319,7.308333333333312,8.348177083333379,3.700246469347671,9.904166666666738,13.421666666666914,20.000000000000146,17.65987588592543,38.1657618522644,45.37852934747934,73.0501269325614,64.78244288378153,19.707881952971437,80.6238936893642,83.31479448154569,94.4842086955905,2998694.3735293895,4613565.807332816,5313716.978336068,7555204.4813863635,7421129.5805531535,2152314.210812452,9344794.771999119,9788650.875076741,11021596.725986982,2998694373529.3896,4613565807332.816,5313716978336.067,7555204481386.363,7421129580553.154,2152314210812.4517,9344794771999.117,9788650875076.74,11021596725986.982,198.0,274.1,338.0,438.5,500.890625,222.01478816085512,594.25,805.3000000000001,1200.0
21,11021596725986.982,8.571428571428571,11.021597726004465,11.021597726004465,17.483333333333622,0,1,94.4842086955905,1049,11021596.725986982,"[0.0, 11.021597726004465, -1.0, -17.483333333333622]",0,64,64,0,64,0,64,0,539.1166666666693,9922.850000000035,32347,595371,37.26217610000458,706.5934715999902,5.803571428571428,7.385488791125161,7.385488791125161,7385487.791116737,8.423697916666708,2.857142857142857,2.857142857142857,2.857142857142857,5.714285714285714,5.803571428571428,2.4206145913796355,8.571428571428571,8.571428571428571,8.571428571428571,3.3524976457868303,4.288719177246094,5.342587062290737,7.916487285069056,7.385488791125161,2.150271817219199,9.110730034964426,9.847183772495814,11.021597726004465,3.3524976457868303,4.288719177246094,5.342587062290737,7.916487285069056,7.385488791125161,2.150271817219199,9.110730034964426,9.847183772495814,11.021597726004465,3.299999999999993,4.968333333333321,6.062499999999984,7.816666666666644,8.423697916666708,3.6328528503584336,9.92916666666674,12.4500000000002,20.000000000000146,21.561187098821392,34.778650029748675,45.92777504399419,74.8959142640233,64.77145804392376,20.314212254007934,79.82345149852335,84.11191181093454,94.4842086955905,3352496.645780597,4288718.177241304,5342586.062283113,7916486.28505914,7385487.791116737,2150271.817216904,9110729.034958435,9847182.772481255,11021596.725986982,3352496645780.5967,4288718177241.3037,5342586062283.112,7916486285059.141,7385487791116.738,2150271817216.904,9110729034958.434,9847182772481.254,11021596725986.982,198.0,298.1,363.75,469.0,505.421875,217.97117102150085,595.75,747.0,1200.0
22,11021596725986.982,8.571428571428571,11.021597726004465,11.021597726004465,17.483333333333622,0,1,94.4842086955905,1049,11021596.725986982,"[0.0, 11.021597726004465, -1.0, -17.483333333333622]",0,64,64,0,64,0,64,0,500.25000000000165,10423.100000000037,30015,625386,35.789280800003326,742.8887285999954,5.892857142857142,7.350470849445888,7.350470849445888,7350469.849438072,7.816406250000026,0.0,2.857142857142857,2.857142857142857,5.714285714285714,5.892857142857142,2.5190599963689078,8.571428571428571,8.571428571428571,8.571428571428571,2.834216526576451,4.736985342843192,5.4317651476178845,7.947432654244558,7.350470849445888,2.095595567258409,8.95556722368513,9.847183772495814,11.021597726004465,2.834216526576451,4.736985342843192,5.4317651476178845,7.947432654244558,7.350470849445888,2.095595567258409,8.95556722368513,9.847183772495814,11.021597726004465,3.133333333333327,4.569999999999989,5.6208333333333185,7.174999999999979,7.816406250000026,3.4858014235076693,8.987500000000026,10.586666666666773,20.000000000000146,16.27107275702292,39.26960246860981,46.7185346968472,75.26490822806954,64.52254565693556,19.743745011220643,79.14127473719418,84.09468174502254,94.4842086955905,2834215.5265714345,4736984.342839813,5431764.14761261,7947431.654236801,7350469.849438072,2095595.5672561608,8955566.223677153,9847182.772481255,11021596.725986982,2834215526571.4346,4736984342839.8125,5431764147612.61,7947431654236.801,7350469849438.072,2095595567256.1606,8955566223677.154,9847182772481.254,11021596725986.982,188.0,274.2,337.25,430.5,468.984375,209.14808541045593,539.25,635.2,1200.0
23,11021596725986.982,8.571428571428571,11.021597726004465,11.021597726004465,17.483333333333622,0,1,94.4842086955905,1049,11021596.725986982,"[0.0, 11.021597726004465, -1.0, -17.483333333333622]",0,64,64,0,64,0,64,0,531.6166666666691,10954.716666666705,31897,657283,35.87064980001014,779.9538189999876,5.848214285714285,7.373999612671988,7.373999612671988,7373998.612663683,8.306510416666704,0.0,2.857142857142857,2.857142857142857,5.714285714285714,5.848214285714285,2.3381097098524104,8.571428571428571,8.571428571428571,8.571428571428571,2.4935313633510043,4.796696799142021,5.5335058484758655,7.710906437465122,7.373999612671988,1.9902761649812246,8.928042139325822,9.847183772495814,11.021597726004465,2.4935313633510043,4.796696799142021,5.5335058484758655,7.710906437465122,7.373999612671988,1.9902761649812246,8.928042139325822,9.847183772495814,11.021597726004465,3.3333333333333264,4.993333333333321,5.979166666666651,7.391666666666646,8.306510416666704,3.5513478187518026,9.166666666666702,12.288333333333524,20.000000000000146,11.98314435769862,39.82116122320294,47.90829574409872,74.004539988935,65.39721547454087,18.78029722515805,79.10203923098743,84.20348676517607,94.4842086955905,2493530.3633459876,4796695.799137242,5533504.8484702315,7710905.437453281,7373998.612663683,1990276.1649791372,8928041.139312852,9847182.772481255,11021596.725986982,2493530363345.988,4796695799137.242,5533504848470.232,7710905437453.281,7373998612663.682,1990276164979.1372,8928041139312.852,9847182772481.254,11021596725986.982,200.0,299.6,358.75,443.5,498.390625,213.08086912510325,550.0,737.3000000000001,1200.0
24,11021596725986.982,8.571428571428571,11.021597726004465,11.021597726004465,17.483333333333622,0,1,94.4842086955905,1049,11021596.725986982,"[0.0, 11.021597726004465, -1.0, -17.483333333333622]",0,64,64,0,64,0,64,0,511.5666666666686,11466.283333333375,30694,687977,34.97404359999928,815.9595597000007,5.758928571428571,7.447544591767447,7.447544591767447,7447543.591759454,7.993229166666697,2.857142857142857,2.857142857142857,2.857142857142857,5.714285714285714,5.758928571428571,2.286394290589621,8.571428571428571,8.571428571428571,8.571428571428571,2.8827231270926337,4.73671885899135,5.2637399945940295,8.084167752947128,7.447544591767447,2.0812055257217605,8.993851797921318,9.952361243111746,11.021597726004465,2.8827231270926337,4.73671885899135,5.2637399945940295,8.084167752947128,7.447544591767447,2.0812055257217605,8.993851797921318,9.952361243111746,11.021597726004465,3.3666666666666596,4.801666666666655,5.612499999999986,7.07499999999998,7.993229166666697,3.56329878806686,9.075000000000031,12.231666666666857,20.000000000000146,16.45097073578654,39.40891128107906,45.08693618327379,75.82810850441456,65.86498807510168,19.6017016902194,79.5004589855671,84.76567331701517,94.4842086955905,2882722.1270858673,4736717.858984856,5263738.994587449,8084166.752939777,7447543.591759454,2081205.525719424,8993850.79791467,9952360.243102133,11021596.725986982,2882722127085.867,4736717858984.856,5263738994587.449,8084166752939.777,7447543591759.453,2081205525719.424,8993850797914.672,9952360243102.133,11021596725986.982,202.0,288.1,336.75,424.5,479.59375,213.7979272840069,544.5,733.9000000000002,1200.0
25,11021596725986.982,8.571428571428571,11.021597726004465,11.021597726004465,17.483333333333622,0,1,94.4842086955905,1049,11021596.725986982,"[0.0, 11.021597726004465, -1.0, -17.483333333333622]",0,64,64,0,64,0,64,0,521.0666666666692,11987.350000000044,31264,719241,31.18469080000068,848.0552767999907,5.758928571428571,7.391106443745749,7.391106443745749,7391105.443737607,8.141666666666707,0.0,2.857142857142857,2.857142857142857,5.714285714285714,5.758928571428571,2.5501194199728077,8.571428571428571,8.571428571428571,8.571428571428571,2.115396772112165,4.74395261492048,5.521030426025391,7.777809415544782,7.391106443745749,2.164847950034379,9.093149730137416,9.952361243111746,11.021597726004465,2.115396772112165,4.74395261492048,5.521030426025391,7.777809415544782,7.391106443745749,2.164847950034379,9.093149730137416,9.952361243111746,11.021597726004465,3.1666666666666603,4.831666666666655,5.633333333333319,6.883333333333314,8.141666666666707,3.768724087804874,9.150000000000034,13.691666666666928,20.000000000000146,7.7649901639379095,39.36075574681163,47.40310972929001,74.35492381080985,64.92606390328069,20.517543348732936,79.45020415261388,84.9784960910678,94.4842086955905,2115395.7721071485,4743951.614914756,5521029.426020058,7777808.415536091,7391105.443737607,2164847.950032288,9093148.73012977,9952360.243102133,11021596.725986982,2115395772107.1484,4743951614914.757,5521029426020.058,7777808415536.091,7391105443737.607,2164847950032.288,9093148730129.77,9952360243102.133,11021596725986.982,190.0,289.9,338.0,413.0,488.5,226.12344526828704,549.0,821.5,1200.0
26,11021596725986.982,8.571428571428571,11.021597726004465,11.021597726004465,17.483333333333622,0,1,94.4842086955905,1049,11021596.725986982,"[0.0, 11.021597726004465, -1.0, -17.483333333333622]",0,64,64,0,64,0,64,0,504.05000000000217,12491.400000000047,30243,749484,32.821229000008316,881.5115547999885,5.758928571428571,7.333257198333741,7.333257198333741,7333256.198325863,7.875781250000034,0.0,2.857142857142857,2.857142857142857,5.714285714285714,5.758928571428571,2.5501194199728077,8.571428571428571,8.571428571428571,8.571428571428571,2.7829088483537947,4.423137664794922,5.229892730712891,8.05424690246582,7.333257198333741,2.264525428231321,9.135516711643763,10.19730622427804,11.021597726004465,2.7829088483537947,4.423137664794922,5.229892730712891,8.05424690246582,7.333257198333741,2.264525428231321,9.135516711643763,10.19730622427804,11.021597726004465,3.0333333333333274,4.216666666666657,5.779166666666652,6.708333333333314,7.875781250000034,3.7604898765814125,8.695833333333345,13.27500000000024,20.000000000000146,15.279553838256106,36.044424591958524,44.51537097245455,74.16788132488728,64.05586313889853,21.153181013136184,80.01187107898295,86.1924206763506,94.4842086955905,2782907.848348778,4423136.66479043,5229891.730708845,8054245.902458529,7333256.198325863,2264525.428228762,9135515.711634928,10197305.224266006,11021596.725986982,2782907848348.7783,4423136664790.431,5229891730708.844,8054245902458.529,7333256198325.865,2264525428228.762,9135515711634.928,10197305224266.006,11021596725986.982,182.0,253.0,346.75,402.5,472.546875,225.62939259487973,521.75,796.5,1200.0
27,11021596725986.982,8.571428571428571,11.021597726004465,11.021597726004465,17.483333333333622,0,1,94.4842086955905,1049,11021596.725986982,"[0.0, 11.021597726004465, -1.0, -17.483333333333622]",0,64,64,0,64,0,64,0,502.68333333333544,12994.083333333383,30161,779645,31.3053479000082,913.663905999987,5.803571428571429,7.39629055772509,7.39629055772509,7396289.557717234,7.854427083333366,2.857142857142857,2.857142857142857,2.857142857142857,5.714285714285714,5.803571428571429,2.4206145913796355,8.571428571428571,8.571428571428571,8.571428571428571,3.5337884085518976,4.606996808733259,5.455671037946429,7.478294372558594,7.39629055772509,2.152118006505771,9.135172707693917,10.269566672188896,11.021597726004465,3.5337884085518976,4.606996808733259,5.455671037946429,7.478294372558594,7.39629055772509,2.152118006505771,9.135172707693917,10.269566672188896,11.021597726004465,3.299999999999993,4.1533333333333236,5.212499999999987,7.04999999999998,7.854427083333366,3.7883745348383333,8.879166666666688,13.606666666666923,20.000000000000146,23.808668915182352,37.99660080224275,47.31063991598785,72.77325273305178,64.98095004411152,19.65922098034586,79.98382011428475,86.99625752419233,94.4842086955905,3533787.408545281,4606995.808728706,5455670.037939671,7478293.372551018,7396289.557717234,2152118.006502938,9135171.707684,10269565.672175288,11021596.725986982,3533787408545.281,4606995808728.706,5455670037939.671,7478293372551.019,7396289557717.235,2152118006502.9382,9135171707684.0,10269565672175.29,11021596725986.982,198.0,249.2,312.75,423.0,471.265625,227.30247209029508,532.75,816.4000000000001,1200.0
28,11021596725986.982,8.571428571428571,11.021597726004465,11.021597726004465,17.483333333333622,0,1,94.4842086955905,1049,11021596.725986982,"[0.0, 11.021597726004465, -1.0, -17.483333333333622]",0,64,64,0,64,0,64,0,522.350000000002,13516.433333333385,31341,810986,34.68131149999681,949.3600799999986,5.669642857142857,7.227884616170611,7.227884616170611,7227883.616162449,8.16171875000003,0.0,2.857142857142857,2.857142857142857,5.714285714285714,5.669642857142857,2.448041048366999,8.571428571428571,8.571428571428571,8.571428571428571,2.4659837995256697,4.329970768519811,5.396532331194196,7.229409899030412,7.227884616170611,2.1435475650485687,8.919751303536552,10.269566672188896,11.021597726004465,2.4659837995256697,4.329970768519811,5.396532331194196,7.229409899030412,7.227884616170611,2.1435475650485687,8.919751303536552,10.269566672188896,11.021597726004465,3.566666666666659,4.993333333333321,6.274999999999983,7.208333333333313,8.16171875000003,3.417768724305874,9.075000000000031,13.140000000000235,20.000000000000146,11.64422741495946,34.53570897057652,45.88911995012313,70.58824537694454,63.59631020332347,20.07844863813393,79.33146134391427,86.99625752419233,94.4842086955905,2465982.799520653,4329969.768512931,5396531.3311893465,7229408.899024755,7227883.616162449,2143547.5650462355,8919750.30352567,10269565.672175288,11021596.725986982,2465982799520.6533,4329969768512.9307,5396531331189.347,7229408899024.754,7227883616162.449,2143547565046.2354,8919750303525.668,10269565672175.29,11021596725986.982,214.0,299.6,376.5,432.5,489.703125,205.06612345834787,544.5,788.4000000000001,1200.0
29,11021596725986.982,8.571428571428571,11.021597726004465,11.021597726004465,17.483333333333622,0,1,94.4842086955905,1049,11021596.725986982,"[0.0, 11.021597726004465, -1.0, -17.483333333333622]",0,64,64,0,64,0,64,0,542.7000000000028,14059.133333333388,32562,843548,34.69819200001075,985.099988099988,5.848214285714285,7.458762526512146,7.458762526512146,7458761.526503665,8.479687500000043,2.857142857142857,2.857142857142857,2.857142857142857,5.714285714285714,5.848214285714285,2.2829049420617133,8.571428571428571,8.571428571428571,8.571428571428571,3.485238211495536,4.828896658761161,5.499689919607979,7.606416429792132,7.458762526512146,2.036169949951554,8.953251157488143,10.269566672188896,11.021597726004465,3.485238211495536,4.828896658761161,5.499689919607979,7.606416429792132,7.458762526512146,2.036169949951554,8.953251157488143,10.269566672188896,11.021597726004465,2.5999999999999956,4.778333333333322,6.208333333333316,7.599999999999978,8.479687500000043,3.598826087476292,9.904166666666738,13.595000000000256,20.000000000000146,24.50402164986008,40.388902423530816,47.64640202000737,72.14788875728846,65.88419918890077,18.68120469331639,79.58501058444381,86.99625752419233,94.4842086955905,3485237.211488969,4828895.658755429,5499688.91960198,7606415.429783981,7458761.526503665,2036169.9499491006,8953250.157479022,10269565.672175288,11021596.725986982,3485237211488.969,4828895658755.43,5499688919601.9795,7606415429783.982,7458761526503.667,2036169949949.1006,8953250157479.021,10269565672175.29,11021596725986.982,156.0,286.7,372.5,456.0,508.78125,215.92956524857243,594.25,815.7,1200.0
30,11021596725986.982,8.571428571428571,11.021597726004465,11.021597726004465,17.483333333333622,0,1,94.4842086955905,1049,11021596.725986982,"[0.0, 11.021597726004465, -1.0, -17.483333333333622]",0,64,64,0,64,0,64,0,526.2500000000032,14585.383333333391,31575,875123,30.110923699990963,1016.5425595999986,5.669642857142857,7.398084827831814,7.398084827831814,7398083.8278235905,8.22265625000005,0.0,2.857142857142857,2.857142857142857,5.714285714285714,5.669642857142857,2.4480410483669988,8.571428571428571,8.571428571428571,8.571428571428571,2.690380641392299,4.618372235979353,5.359516143798828,7.789055960518974,7.398084827831814,2.1950470373252498,9.19755254473005,10.269566672188896,11.021597726004465,2.690380641392299,4.618372235979353,5.359516143798828,7.789055960518974,7.398084827831814,2.1950470373252498,9.19755254473005,10.269566672188896,11.021597726004465,3.7999999999999914,4.216666666666657,5.17083333333332,6.9999999999999805,8.22265625000005,3.895944034955239,10.091666666666747,14.020000000000277,20.000000000000146,14.18252650614886,36.5920069269836,45.93784036487341,71.56091699376702,64.05796434271383,20.070828752494798,80.25924467667937,87.05481556281447,94.4842086955905,2690379.6413872824,4618371.235971941,5359515.143793162,7789054.960507799,7398083.8278235905,2195047.0373228807,9197551.544723632,10269565.672175288,11021596.725986982,2690379641387.282,4618371235971.941,5359515143793.162,7789054960507.799,7398083827823.591,2195047037322.8806,9197551544723.633,10269565672175.29,11021596725986.982,228.0,253.0,310.25,420.0,493.359375,233.7566420973089,605.5,841.2,1200.0
31,11021596725986.982,8.571428571428571,11.021597726004465,11.021597726004465,17.483333333333622,0,1,94.4842086955905,1049,11021596.725986982,"[0.0, 11.021597726004465, -1.0, -17.483333333333622]",0,64,64,0,64,0,64,0,522.9333333333359,15108.316666666728,31376,906499,38.57530820000102,1055.9248799999914,5.535714285714286,7.3386282580239435,7.3386282580239435,7338627.258015772,8.170833333333373,0.0,2.857142857142857,2.857142857142857,5.714285714285714,5.535714285714286,2.36227795630767,8.571428571428571,8.571428571428571,8.571428571428571,2.3113632202148438,4.835980551583426,5.379753112792969,7.316488538469587,7.3386282580239435,2.1778212955306646,8.939847946166992,10.473403385707313,11.021597726004465,2.3113632202148438,4.835980551583426,5.379753112792969,7.316488538469587,7.3386282580239435,2.1778212955306646,8.939847946166992,10.473403385707313,11.021597726004465,3.733333333333325,4.816666666666655,5.616666666666652,7.283333333333313,8.170833333333373,3.6841993231607897,9.341666666666711,13.691666666666928,20.000000000000146,9.912754790275358,40.49025849923492,46.05441360734403,71.75195580720901,64.77339405686905,20.149828707883223,79.0713069178164,88.68808916285634,94.4842086955905,2311362.220209827,4835979.551578309,5379752.112787111,7316487.5384636205,7338627.258015772,2177821.2955281204,8939846.946160533,10473402.38569622,11021596.725986982,2311362220209.827,4835979551578.31,5379752112787.11,7316487538463.621,7338627258015.771,2177821295528.1206,8939846946160.533,10473402385696.219,11021596725986.982,224.0,289.0,337.0,437.0,490.25,221.05195938964215,560.5,821.5,1200.0
32,14324901125742.084,14.285714285714285,14.3249021257673,14.3249021257673,25.216666666666516,0,1,130.4350853227079,1513,14324901.125742083,"[0.0, 14.3249021257673, -1.0, -25.216666666666516]",0,64,64,0,64,0,64,0,535.0166666666684,15643.333333333396,32101,938600,31.757111700004316,1088.588096499996,6.116071428571429,7.82307037285396,7.82307037285396,7823069.372845601,8.359635416666693,2.857142857142857,2.857142857142857,5.0,5.714285714285714,6.116071428571429,2.4152569633435674,8.571428571428571,8.571428571428571,14.285714285714285,3.2965469360351567,4.976053510393416,6.5286214011056085,7.953910827636719,7.82307037285396,2.1836836219110554,9.306613377162389,10.703310557774136,14.3249021257673,3.2965469360351567,4.976053510393416,6.5286214011056085,7.953910827636719,7.82307037285396,2.1836836219110554,9.306613377162389,10.703310557774136,14.3249021257673,3.6333333333333253,5.403333333333319,5.916666666666651,7.066666666666647,8.359635416666693,4.004120929204129,9.1291666666667,13.321666666666912,25.216666666666516,21.936269637197256,41.967124559730294,58.20074453577399,74.98745668679476,69.37819819608592,19.953009323119442,80.72920259088278,91.17505647391081,130.4350853227079,3296545.93602939,4976052.510388102,6528620.401099375,7953909.827628236,7823069.372845601,2183683.621908263,9306612.377155513,10703309.55775651,14324901.125742083,3296545936029.39,4976052510388.103,6528620401099.375,7953909827628.236,7823069372845.601,2183683621908.263,9306612377155.514,10703309557756.512,14324901125742.084,218.0,324.2,355.0,424.0,501.578125,240.24725575224448,547.75,799.3000000000002,1513.0
33,14324901125742.084,14.285714285714285,14.3249021257673,14.3249021257673,25.216666666666516,0,1,130.4350853227079,1513,14324901.125742083,"[0.0, 14.3249021257673, -1.0, -25.216666666666516]",0,64,64,0,64,0,64,0,532.0166666666682,16175.350000000064,31921,970521,29.146841199995833,1118.949369599999,6.026785714285714,7.668148449489049,7.668148449489049,7668147.449480736,8.312760416666691,2.857142857142857,2.857142857142857,2.857142857142857,5.714285714285714,6.026785714285714,2.581191165263172,8.571428571428571,8.571428571428571,14.285714285714285,3.4458596365792413,4.810535975864955,5.446093423025949,7.921107155936105,7.668148449489049,2.3346347153882325,9.457857949393137,10.703310557774136,14.3249021257673,3.4458596365792413,4.810535975864955,5.446093423025949,7.921107155936105,7.668148449489049,2.3346347153882325,9.457857949393137,10.703310557774136,14.3249021257673,3.2833333333333266,4.624999999999989,5.599999999999985,7.491666666666646,8.312760416666691,4.35732415637297,8.712500000000013,14.523333333333637,25.216666666666516,22.85131906272727,40.17575279697776,46.97690608352423,75.25663843750954,67.63479974141546,21.323034195611243,81.45021281763911,91.17505647391081,130.4350853227079,3445858.636572791,4810534.975859811,5446092.42302024,7921106.15592893,7668147.449480736,2334634.715385171,9457856.949385338,10703309.55775651,14324901.125742083,3445858636572.791,4810534975859.811,5446092423020.24,7921106155928.93,7668147449480.736,2334634715385.1714,9457856949385.336,10703309557756.512,14324901125742.084,197.0,277.5,336.0,449.5,498.765625,261.4394493823749,522.75,871.4000000000001,1513.0
34,14324901125742.084,14.285714285714285,14.3249021257673,14.3249021257673,25.216666666666516,0,1,130.4350853227079,1513,14324901.125742083,"[0.0, 14.3249021257673, -1.0, -25.216666666666516]",0,64,64,0,64,0,64,0,537.2333333333361,16712.5833333334,32234,1002755,34.698416300001554,1154.33723189999,5.848214285714285,7.536830774375371,7.536830774375371,7536829.774366977,8.394270833333376,0.0,2.857142857142857,2.857142857142857,5.714285714285714,5.848214285714285,2.645254101254562,8.571428571428571,8.571428571428571,14.285714285714285,2.33499254499163,4.393656049455916,5.467038835797991,7.928303309849331,7.536830774375371,2.4105802509906407,9.588524273463658,10.703310557774136,14.3249021257673,2.33499254499163,4.393656049455916,5.467038835797991,7.928303309849331,7.536830774375371,2.4105802509906407,9.588524273463658,10.703310557774136,14.3249021257673,3.2833333333333266,4.30499999999999,5.412499999999986,7.141666666666646,8.394270833333376,4.379030106844423,10.845833333333452,14.723333333333645,25.216666666666516,10.207939382249606,35.69635056704283,47.135031308978796,74.99259413778782,65.94110351492179,22.423988159854908,82.8800441250205,91.27568331360817,130.4350853227079,2334991.544986613,4393655.049452078,5467037.83579405,7928302.309841731,7536829.774366977,2410580.250987651,9588523.27345357,10703309.55775651,14324901.125742083,2334991544986.6133,4393655049452.077,5467037835794.05,7928302309841.73,7536829774366.977,2410580250987.6504,9588523273453.57,10703309557756.512,14324901125742.084,197.0,258.3,324.75,428.5,503.65625,262.74180641066147,650.75,883.4000000000001,1513.0
35,14324901125742.084,14.285714285714285,14.3249021257673,14.3249021257673,25.216666666666516,0,1,130.4350853227079,1513,14324901.125742083,"[0.0, 14.3249021257673, -1.0, -25.216666666666516]",0,64,64,0,64,0,64,0,512.083333333335,17224.666666666737,30725,1033480,27.6213768000016,1182.8352261999971,5.669642857142858,7.40498960018158,7.40498960018158,7404988.600173578,8.001302083333359,2.857142857142857,2.857142857142857,2.857142857142857,5.714285714285714,5.669642857142858,2.5996559574179763,8.571428571428571,8.571428571428571,14.285714285714285,3.853367396763393,4.752388545445034,5.316376004900251,7.397245679582868,7.40498960018158,2.3179761082058925,9.305484635489329,10.703310557774136,14.3249021257673,3.853367396763393,4.752388545445034,5.316376004900251,7.397245679582868,7.40498960018158,2.3179761082058925,9.305484635489329,10.703310557774136,14.3249021257673,3.0833333333333273,4.1933333333333245,5.18333333333332,6.733333333333315,8.001302083333359,4.3473254715938126,8.966666666666692,14.178333333333622,25.216666666666516,28.068239812753745,39.637124286592005,45.44952383637428,72.02134528756142,65.36426098669494,21.27146209191174,80.65350177884102,91.17505647391081,130.4350853227079,3853366.3967564595,4752387.545439673,5316375.004896151,7397244.679576701,7404988.600173578,2317976.1082025957,9305483.635481961,10703309.55775651,14324901.125742083,3853366396756.4595,4752387545439.672,5316375004896.151,7397244679576.701,7404988600173.579,2317976108202.596,9305483635481.963,10703309557756.512,14324901125742.084,185.0,251.60000000000002,311.0,404.0,480.078125,260.8395282956254,538.0,850.7000000000004,1513.0
36,14324901125742.084,14.285714285714285,14.3249021257673,14.3249021257673,25.216666666666516,0,1,130.4350853227079,1513,14324901.125742083,"[0.0, 14.3249021257673, -1.0, -25.216666666666516]",0,64,64,0,64,0,64,0,519.1666666666683,17743.833333333405,31150,1064630,32.74330909999844,1216.793004399995,5.580357142857142,7.134589510304587,7.134589510304587,7134588.510296475,8.111979166666693,2.857142857142857,2.857142857142857,2.857142857142857,5.714285714285714,5.580357142857142,2.4964100500028237,8.571428571428571,8.571428571428571,14.285714285714285,3.1930650983537943,4.647453308105469,5.391300746372767,6.994141169956752,7.134589510304587,2.247232997636922,8.605513572692871,10.703310557774136,14.3249021257673,3.1930650983537943,4.647453308105469,5.391300746372767,6.994141169956752,7.134589510304587,2.247232997636922,8.605513572692871,10.703310557774136,14.3249021257673,3.433333333333326,4.604999999999989,5.691666666666652,6.833333333333314,8.111979166666693,4.109302485365742,9.145833333333368,12.258333333333523,25.216666666666516,19.770013567700516,39.073407978564504,45.971224524546415,64.23793153092265,63.133301247321924,21.026155042358898,78.32612890005112,91.17505647391081,130.4350853227079,3193064.098347928,4647452.30809735,5391299.74636358,6994140.169948668,7134588.510296475,2247232.9976340183,8605512.572686445,10703309.55775651,14324901.125742083,3193064098347.9277,4647452308097.351,5391299746363.58,6994140169948.668,7134588510296.475,2247232997634.018,8605512572686.446,10703309557756.512,14324901125742.084,206.0,276.3,341.5,410.0,486.71875,246.55814912194143,548.75,735.5,1513.0
37,14324901125742.084,14.285714285714285,14.3249021257673,14.3249021257673,25.216666666666516,0,1,130.4350853227079,1513,14324901.125742083,"[0.0, 14.3249021257673, -1.0, -25.216666666666516]",0,64,64,0,64,0,64,0,526.3666666666679,18270.200000000073,31582,1096212,31.654192700007115,1249.0893202000007,5.803571428571429,7.539018562861852,7.539018562861852,7539017.562853627,8.224479166666686,2.857142857142857,2.857142857142857,2.857142857142857,5.714285714285714,5.803571428571429,2.523802504482602,8.571428571428571,8.571428571428571,14.285714285714285,3.8997868129185265,4.7476703098842075,5.484797613961356,7.269934245518276,7.539018562861852,2.2287634184210314,9.070100784301758,10.711695807320732,14.3249021257673,3.8997868129185265,4.7476703098842075,5.484797613961356,7.269934245518276,7.539018562861852,2.2287634184210314,9.070100784301758,10.711695807320732,14.3249021257673,3.3333333333333264,4.501666666666656,5.583333333333319,7.066666666666647,8.224479166666686,4.5654889075370795,8.88750000000002,14.113333333333621,25.216666666666516,29.024345281533897,39.188513246923684,47.242898447439075,70.91414226591587,67.03749738045008,20.445125572835337,80.37487878277898,91.34725730568171,130.4350853227079,3899785.812910926,4747669.309880083,5484796.613956077,7269933.245510526,7539017.562853627,2228763.4184176335,9070099.784295697,10711694.807306798,14324901.125742083,3899785812910.9263,4747669309880.084,5484796613956.077,7269933245510.525,7539017562853.627,2228763418417.634,9070099784295.695,10711694807306.797,14324901125742.084,200.0,270.1,335.0,424.0,493.46875,273.92933445222235,533.25,846.8000000000004,1513.0
38,14324901125742.084,14.285714285714285,14.3249021257673,14.3249021257673,25.216666666666516,0,1,130.4350853227079,1513,14324901.125742083,"[0.0, 14.3249021257673, -1.0, -25.216666666666516]",0,64,64,0,64,0,64,0,515.3500000000015,18785.550000000076,30921,1127133,32.543311599991284,1282.3701919999876,5.7142857142857135,7.416749000549316,7.416749000549316,7416748.000541264,8.052343750000023,2.857142857142857,2.857142857142857,2.857142857142857,5.714285714285714,5.7142857142857135,2.4743582965269675,8.571428571428571,8.571428571428571,14.285714285714285,2.875873020717076,5.081010001046317,5.544708796909877,7.371206283569336,7.416749000549316,2.198120283094967,8.732942172459195,10.711695807320732,14.3249021257673,2.875873020717076,5.081010001046317,5.544708796909877,7.371206283569336,7.416749000549316,2.198120283094967,8.732942172459195,10.711695807320732,14.3249021257673,3.4166666666666594,4.188333333333324,5.087499999999987,6.458333333333316,8.052343750000023,4.697870812033742,9.241666666666706,14.773333333333648,25.216666666666516,16.229250153577595,42.40317023675889,48.05207324400544,71.48045177012682,66.05709007202029,20.460767001904088,78.54263449460268,91.34725730568171,130.4350853227079,2875872.020710259,5081009.001039243,5544707.796905652,7371205.283557019,7416748.000541264,2198120.2830914874,8732941.172453014,10711694.807306798,14324901.125742083,2875872020710.2593,5081009001039.243,5544707796905.652,7371205283557.02,7416748000541.264,2198120283091.4873,8732941172453.015,10711694807306.797,14324901125742.084,205.0,251.3,305.25,387.5,483.140625,281.8722487220219,554.5,886.4,1513.0
39,14324901125742.084,14.285714285714285,14.3249021257673,14.3249021257673,25.216666666666516,0,1,130.4350853227079,1513,14324901.125742083,"[0.0, 14.3249021257673, -1.0, -25.216666666666516]",0,64,64,0,64,0,64,0,534.350000000002,19319.900000000078,32061,1159194,29.994856999997864,1313.2067184999905,5.758928571428571,7.396198383399418,7.396198383399418,7396197.383391069,8.34921875000003,2.857142857142857,2.857142857142857,2.857142857142857,5.714285714285714,5.758928571428571,2.5501194199728072,8.571428571428571,8.571428571428571,14.285714285714285,4.033039637974331,4.557230268205916,5.307527269635882,7.142857142857142,7.396198383399418,2.351322768380862,9.19313975742885,10.711695807320732,14.3249021257673,4.033039637974331,4.557230268205916,5.307527269635882,7.142857142857142,7.396198383399418,2.351322768380862,9.19313975742885,10.711695807320732,14.3249021257673,3.6666666666666585,4.47499999999999,4.999999999999988,6.716666666666648,8.34921875000003,4.79473400889328,9.033333333333362,15.25000000000034,25.216666666666516,29.308765805326402,36.78254005815834,44.97476342692971,69.00663630664349,64.89960510614401,21.475649909818305,80.72993921115994,91.39453613385558,130.4350853227079,4033038.637966931,4557229.268201398,5307526.26962817,7142856.142850667,7396197.383391069,2351322.76837739,9193138.757421333,10711694.807306798,14324901.125742083,4033038637966.9307,4557229268201.397,5307526269628.17,7142856142850.668,7396197383391.069,2351322768377.39,9193138757421.334,10711694807306.797,14324901125742.084,220.0,268.5,300.0,403.0,500.953125,287.6840405335937,542.0,915.0000000000001,1513.0
40,14324901125742.084,14.285714285714285,14.3249021257673,14.3249021257673,25.216666666666516,0,1,130.4350853227079,1513,14324901.125742083,"[0.0, 14.3249021257673, -1.0, -25.216666666666516]",0,64,64,0,64,0,64,0,574.5166666666692,19894.416666666748,34471,1193665,34.81087599998864,1349.0345705999935,6.0267857142857135,7.63865773166929,7.63865773166929,7638656.731660312,8.976822916666706,2.857142857142857,2.857142857142857,2.857142857142857,5.714285714285714,6.0267857142857135,2.5312933039883636,8.571428571428571,8.571428571428571,14.285714285714285,3.2459858485630577,4.630863734654018,5.266686848231724,7.794891084943499,7.63865773166929,2.357333424121303,9.461981228419713,10.711695807320732,14.3249021257673,3.2459858485630577,4.630863734654018,5.266686848231724,7.794891084943499,7.63865773166929,2.357333424121303,9.461981228419713,10.711695807320732,14.3249021257673,4.0666666666666575,5.608333333333319,6.070833333333317,7.208333333333313,8.976822916666706,4.5921379609039805,9.787500000000065,15.800000000000367,25.216666666666516,20.804046299192123,37.85469963122159,45.08797634392977,74.68643119931221,67.25611518168466,21.893557769645646,82.13839038833976,91.34725730568171,130.4350853227079,3245984.8485569577,4630862.734647421,5266685.848224141,7794890.084936574,7638656.731660312,2357333.4241181817,9461980.22841125,10711694.807306798,14324901.125742083,3245984848556.9575,4630862734647.421,5266685848224.141,7794890084936.574,7638656731660.3125,2357333424118.1816,9461980228411.25,10711694807306.797,14324901125742.084,244.0,336.5,364.25,432.5,538.609375,275.5282776542353,587.25,948.0000000000001,1513.0
41,14324901125742.084,14.285714285714285,14.3249021257673,14.3249021257673,25.216666666666516,0,1,130.4350853227079,1513,14324901.125742083,"[0.0, 14.3249021257673, -1.0, -25.216666666666516]",0,64,64,0,64,0,64,0,551.5666666666688,20445.983333333417,33094,1226759,29.87258679998922,1379.9357544999948,5.982142857142858,7.681260534695217,7.681260534695217,7681259.534686599,8.6182291666667,0.0,2.857142857142857,2.857142857142857,5.714285714285714,5.982142857142858,2.610748485216687,8.571428571428571,8.571428571428571,14.285714285714285,2.2105298723493303,4.684114728655134,5.583098275320871,8.003057752336774,7.681260534695217,2.3837207423776263,9.321750232151576,10.736799785069056,14.3249021257673,2.2105298723493303,4.684114728655134,5.583098275320871,8.003057752336774,7.681260534695217,2.3837207423776263,9.321750232151576,10.736799785069056,14.3249021257673,3.566666666666659,4.396666666666657,6.124999999999984,7.141666666666646,8.6182291666667,4.604959131225907,9.904166666666738,14.538333333333638,25.216666666666516,8.799034851137549,37.64127309769392,48.60486718453467,75.66972352564335,67.56936691812734,21.964342467295175,80.94146800786257,91.39453613385558,130.4350853227079,2210528.8723443137,4684113.72864782,5583097.275314366,8003056.752328317,7681259.534686599,2383720.742374275,9321749.232144834,10736798.785052335,14324901.125742083,2210528872344.3135,4684113728647.819,5583097275314.367,8003056752328.316,7681259534686.598,2383720742374.2744,9321749232144.834,10736798785052.334,14324901125742.084,214.0,263.8,367.5,428.5,517.09375,276.29754787355154,594.25,872.3000000000002,1513.0
42,14324901125742.084,14.285714285714285,14.3249021257673,14.3249021257673,25.216666666666516,0,1,130.4350853227079,1513,14324901.125742083,"[0.0, 14.3249021257673, -1.0, -25.216666666666516]",0,64,64,0,64,0,64,0,546.266666666668,20992.250000000084,32776,1259535,30.92922639999597,1411.6558768999967,6.428571428571427,8.035986295768193,8.035986295768193,8035985.295759657,8.535416666666688,2.857142857142857,2.857142857142857,5.714285714285714,5.714285714285714,6.428571428571427,2.5253813613805267,8.571428571428571,8.571428571428571,14.285714285714285,3.5016087123325894,5.376221248081753,5.786858967372349,8.103372028895787,8.035986295768193,2.274168253258425,9.545557839529854,10.74925994873047,14.3249021257673,3.5016087123325894,5.376221248081753,5.786858967372349,8.103372028895787,8.035986295768193,2.274168253258425,9.545557839529854,10.74925994873047,14.3249021257673,3.866666666666658,5.4266666666666525,5.9124999999999845,6.933333333333314,8.535416666666688,4.4752070676798335,8.52916666666667,15.25000000000034,25.216666666666516,25.735999222029932,46.09865534454584,50.76400903053582,76.49716604501009,71.42953481001496,20.20076897908795,81.61894330009818,92.04018169865013,130.4350853227079,3501607.712325606,5376220.248076814,5786857.967365765,8103371.028889412,8035985.295759657,2274168.253255263,9545556.83952366,10749258.948714413,14324901.125742083,3501607712325.606,5376220248076.813,5786857967365.766,8103371028889.412,8035985295759.658,2274168253255.2627,9545556839523.66,10749258948714.412,14324901125742.084,232.0,325.6,354.75,416.0,512.125,268.51242406078717,511.75,915.0000000000001,1513.0
43,14324901125742.084,14.285714285714285,14.3249021257673,14.3249021257673,25.216666666666516,0,1,130.4350853227079,1513,14324901.125742083,"[0.0, 14.3249021257673, -1.0, -25.216666666666516]",0,64,64,0,64,0,64,0,513.1666666666686,21505.41666666675,30790,1290325,32.35030639999604,1444.9348029999965,5.535714285714286,7.1831534164292465,7.1831534164292465,7183152.416421229,8.018229166666696,0.0,2.857142857142857,2.857142857142857,5.714285714285714,5.535714285714286,2.666640093405014,8.571428571428571,8.571428571428571,14.285714285714285,2.503743852887835,4.3658632550920755,5.102815628051758,7.142857142857142,7.1831534164292465,2.508315501733128,8.578833852495467,10.74925994873047,14.3249021257673,2.503743852887835,4.3658632550920755,5.102815628051758,7.142857142857142,7.1831534164292465,2.508315501733128,8.578833852495467,10.74925994873047,14.3249021257673,3.649999999999992,4.2783333333333236,5.179166666666654,6.06666666666665,8.018229166666696,4.639554537732496,9.208333333333371,14.198333333333624,25.216666666666516,12.052706161164679,35.414199769310656,43.033802423626184,66.61426900327206,63.2281772699464,23.721331301096917,78.07441338710487,92.04018169865013,130.4350853227079,2503742.8528828183,4365862.25508782,5102814.628046882,7142856.142851142,7183152.416421229,2508315.501729467,8578832.852484338,10749258.948714413,14324901.125742083,2503742852882.8184,4365862255087.82,5102814628046.883,7142856142851.143,7183152416421.229,2508315501729.4673,8578832852484.338,10749258948714.412,14324901125742.084,219.0,256.7,310.75,364.0,481.09375,278.3732722639469,552.5,851.9000000000003,1513.0
44,14324901125742.084,14.285714285714285,14.3249021257673,14.3249021257673,25.216666666666516,0,1,130.4350853227079,1513,14324901.125742083,"[0.0, 14.3249021257673, -1.0, -25.216666666666516]",0,64,64,0,64,0,64,0,517.4000000000013,22022.816666666753,31044,1321369,31.295507700007875,1477.1395990999881,6.071428571428571,7.705035976001195,7.705035976001195,7705034.97599311,8.084375000000021,0.0,2.857142857142857,2.857142857142857,5.714285714285714,6.071428571428571,2.743266338524503,8.571428571428571,8.571428571428571,14.285714285714285,2.494659423828125,4.7828232901436945,5.551552091326032,8.201984677995956,7.705035976001195,2.4345377685238803,9.294848442077637,10.74925994873047,14.3249021257673,2.494659423828125,4.7828232901436945,5.551552091326032,8.201984677995956,7.705035976001195,2.4345377685238803,9.294848442077637,10.74925994873047,14.3249021257673,3.1666666666666603,4.316666666666657,5.116666666666654,6.866666666666648,8.084375000000021,4.561533264209147,8.604166666666673,15.25000000000034,25.216666666666516,11.956594745861366,39.84322474598885,47.901610139757395,76.50881537050009,67.82613223142232,22.550751173152403,80.31399537436664,92.04018169865013,130.4350853227079,2494658.4238231084,4782822.290139243,5551551.091321461,8201983.677989304,7705034.97599311,2434537.768520291,9294847.442070732,10749258.948714413,14324901.125742083,2494658423823.1084,4782822290139.243,5551551091321.461,8201983677989.305,7705034975993.11,2434537768520.2905,9294847442070.732,10749258948714.412,14324901125742.084,190.0,259.0,307.0,412.0,485.0625,273.6919958525459,516.25,915.0000000000001,1513.0
45,14324901125742.084,14.285714285714285,14.3249021257673,14.3249021257673,25.216666666666516,0,1,130.4350853227079,1513,14324901.125742083,"[0.0, 14.3249021257673, -1.0, -25.216666666666516]",0,64,64,0,64,0,64,0,517.433333333335,22540.250000000087,31046,1352415,35.23834589999751,1513.491717500001,5.669642857142857,7.311468635286603,7.311468635286603,7311467.635278519,8.08489583333336,2.857142857142857,2.857142857142857,2.857142857142857,5.714285714285714,5.669642857142857,2.5501194199728072,8.571428571428571,8.571428571428571,14.285714285714285,3.719231741768973,4.381867000034877,5.06091935294015,7.142857142857142,7.311468635286603,2.475421557951644,8.674870218549454,10.918477194649833,14.3249021257673,3.719231741768973,4.381867000034877,5.06091935294015,7.142857142857142,7.311468635286603,2.475421557951644,8.674870218549454,10.918477194649833,14.3249021257673,3.183333333333327,4.368333333333323,5.158333333333321,6.774999999999981,8.08489583333336,4.622763835116486,8.66250000000001,15.25000000000034,25.216666666666516,26.179340362374205,35.55935108214617,42.874353947117925,69.13749592751265,64.8545941269166,22.94450867964308,78.26380621641874,92.45877275764943,130.4350853227079,3719230.7417623564,4381866.000030489,5060918.3529351,7142856.142851043,7311467.635278519,2475421.5579478927,8674869.218535304,10918476.194636567,14324901.125742083,3719230741762.3564,4381866000030.4893,5060918352935.1,7142856142851.043,7311467635278.519,2475421557947.8926,8674869218535.305,10918476194636.564,14324901125742.084,191.0,262.1,309.5,406.5,485.09375,277.36583010698615,519.75,915.0000000000001,1513.0
46,14324901125742.084,14.285714285714285,14.3249021257673,14.3249021257673,25.216666666666516,0,1,130.4350853227079,1513,14324901.125742083,"[0.0, 14.3249021257673, -1.0, -25.216666666666516]",0,64,64,0,64,0,64,0,527.1833333333353,23067.43333333342,31631,1384046,33.58334009999817,1548.1035694999882,5.669642857142857,7.412287252289908,7.412287252289908,7412286.252281671,8.237239583333364,0.0,2.857142857142857,2.857142857142857,5.714285714285714,5.669642857142857,2.7429030641617205,8.571428571428571,8.571428571428571,14.285714285714285,2.7476228986467635,4.655199323381696,5.164164134434291,7.372075489589147,7.412287252289908,2.5689188733544532,8.93782479422433,10.918477194649833,14.3249021257673,2.7476228986467635,4.655199323381696,5.164164134434291,7.372075489589147,7.412287252289908,2.5689188733544532,8.93782479422433,10.918477194649833,14.3249021257673,3.433333333333326,4.3216666666666566,5.462499999999986,6.791666666666648,8.237239583333364,4.362720607072839,9.616666666666724,13.666666666666929,25.216666666666516,14.776646684389561,38.555277205258605,43.91646976582706,72.10022970288992,65.0840072608463,23.953962141808997,79.20042851381004,92.45877275764943,130.4350853227079,2747621.898641747,4655198.323376997,5164163.134429837,7372074.489582088,7412286.252281671,2568918.873351246,8937823.79421701,10918476.194636567,14324901.125742083,2747621898641.747,4655198323376.998,5164163134429.838,7372074489582.088,7412286252281.671,2568918873351.246,8937823794217.01,10918476194636.564,14324901125742.084,206.0,259.3,327.75,407.5,494.234375,261.7632364243676,577.0,820.0000000000002,1513.0
47,14324901125742.084,14.285714285714285,14.3249021257673,14.3249021257673,25.216666666666516,0,1,130.4350853227079,1513,14324901.125742083,"[0.0, 14.3249021257673, -1.0, -25.216666666666516]",0,64,64,0,64,0,64,0,503.9000000000011,23571.333333333423,30234,1414280,29.19433339999523,1578.488577199998,5.803571428571428,7.459182568958828,7.459182568958828,7459181.568950954,7.873437500000017,2.857142857142857,2.857142857142857,2.857142857142857,5.714285714285714,5.803571428571428,2.6711205895806414,8.571428571428571,8.571428571428571,14.285714285714285,4.258635384695871,4.561067853655134,5.35940442766462,7.142857142857142,7.459182568958828,2.4498356631233213,9.125492913382393,10.918477194649833,14.3249021257673,4.258635384695871,4.561067853655134,5.35940442766462,7.142857142857142,7.459182568958828,2.4498356631233213,9.125492913382393,10.918477194649833,14.3249021257673,3.0833333333333273,4.608333333333323,5.408333333333319,6.683333333333315,7.873437500000017,4.2412161257427945,8.470833333333333,12.53166666666687,25.216666666666516,34.493905999697745,37.379826821386814,46.05278606712818,69.36332042515278,65.7549680286902,22.43171065434692,80.01903750747442,93.32860656902194,130.4350853227079,4258634.38468942,4561066.8536493145,5359403.427659719,7142856.142851358,7459181.568950954,2449835.663120118,9125491.913375776,10918476.194636567,14324901.125742083,4258634384689.4204,4561066853649.314,5359403427659.72,7142856142851.359,7459181568950.954,2449835663120.118,9125491913375.777,10918476194636.564,14324901125742.084,185.0,276.5,324.5,401.0,472.40625,254.47296754456553,508.25,751.9000000000001,1513.0
48,14324901125742.084,14.285714285714285,14.3249021257673,14.3249021257673,25.216666666666516,0,1,130.4350853227079,1513,14324901.125742083,"[0.0, 14.3249021257673, -1.0, -25.216666666666516]",0,64,64,0,64,0,64,0,511.5833333333351,24082.91666666676,30695,1444975,29.184407099994132,1608.862604199996,5.580357142857142,7.392482842717852,7.392482842717852,7392481.842709859,7.993489583333361,0.0,2.857142857142857,2.857142857142857,5.714285714285714,5.580357142857142,2.7861578172553436,8.571428571428571,8.571428571428571,14.285714285714285,2.438594273158482,4.692163739885603,5.266765866960798,7.077702113560267,7.392482842717852,2.5518132280331898,9.537146432059153,10.918477194649833,14.3249021257673,2.438594273158482,4.692163739885603,5.266765866960798,7.077702113560267,7.392482842717852,2.5518132280331898,9.537146432059153,10.918477194649833,14.3249021257673,3.21666666666666,4.286666666666657,5.016666666666654,6.724999999999982,7.993489583333361,4.491222745135193,8.708333333333346,12.81833333333355,25.216666666666516,11.323873372981325,38.92165634781122,45.08838326483965,65.18585678935051,64.79565586991157,23.541433325166018,81.86867874488235,93.32860656902194,130.4350853227079,2438593.2731534657,4692162.739881914,5266764.866952019,7077701.113553793,7392481.842709859,2551813.2280296413,9537145.432049861,10918476.194636567,14324901.125742083,2438593273153.466,4692162739881.915,5266764866952.019,7077701113553.793,7392481842709.858,2551813228029.6416,9537145432049.861,10918476194636.564,14324901125742.084,193.0,257.2,301.0,403.5,479.609375,269.4733647081087,522.5,769.1,1513.0
49,14324901125742.084,14.285714285714285,14.3249021257673,14.3249021257673,25.216666666666516,0,1,130.4350853227079,1513,14324901.125742083,"[0.0, 14.3249021257673, -1.0, -25.216666666666516]",0,64,64,0,64,0,64,0,530.6000000000016,24613.51666666676,31836,1476811,26.832115500001237,1636.5790149999957,5.535714285714285,7.428301317351204,7.428301317351204,7428300.317342915,8.290625000000025,2.857142857142857,2.857142857142857,2.857142857142857,5.714285714285714,5.535714285714285,2.666640093405014,8.571428571428571,8.571428571428571,14.285714285714285,3.460900442940848,4.744847433907645,5.318352835518973,7.395268848964147,7.428301317351204,2.4799684518324154,9.141383171081543,10.918477194649833,14.3249021257673,3.460900442940848,4.744847433907645,5.318352835518973,7.395268848964147,7.428301317351204,2.4799684518324154,9.141383171081543,10.918477194649833,14.3249021257673,3.649999999999992,4.233333333333324,5.524999999999986,7.316666666666646,8.290625000000025,4.408810697019457,8.937500000000023,13.993333333333615,25.216666666666516,23.006255881300604,39.468352663516995,45.5672676153481,65.36289216950536,64.8229903230573,22.734059694251652,80.01639159396291,92.45877275764943,130.4350853227079,3460899.4429344316,4744846.433903268,5318351.835513894,7395267.848956464,7428300.317342915,2479968.4518289613,9141382.171073439,10918476.194636567,14324901.125742083,3460899442934.4316,4744846433903.268,5318351835513.895,7395267848956.463,7428300317342.914,2479968451828.961,9141382171073.438,10918476194636.564,14324901125742.084,219.0,254.0,331.5,439.0,497.4375,264.5286418211646,536.25,839.6000000000004,1513.0
50,14324901125742.084,14.285714285714285,14.3249021257673,14.3249021257673,25.216666666666516,0,1,130.4350853227079,1513,14324901.125742083,"[0.0, 14.3249021257673, -1.0, -25.216666666666516]",0,64,64,0,64,0,64,0,595.1500000000026,25208.666666666762,35709,1512520,50.483842400004505,1688.1026772999903,6.0267857142857135,7.844277237142835,7.844277237142835,7844276.2371335365,9.29921875000004,2.857142857142857,2.857142857142857,2.857142857142857,5.714285714285714,6.0267857142857135,2.581191165263172,8.571428571428571,8.571428571428571,14.285714285714285,3.345494951520647,4.767936706542969,5.5400208064488,7.813876015799385,7.844277237142835,2.4720202027803055,9.18970789228167,11.021290370396207,14.3249021257673,3.345494951520647,4.767936706542969,5.5400208064488,7.813876015799385,7.844277237142835,2.4720202027803055,9.18970789228167,11.021290370396207,14.3249021257673,3.2833333333333266,5.306666666666653,6.2333333333333165,8.024999999999983,9.29921875000004,4.7938350435086035,10.145833333333417,16.320000000000352,25.216666666666516,21.51384777275962,39.9160866253078,48.268925657495856,74.51914980262518,69.34190603072102,22.67518578612976,79.9875535108149,94.24643884822727,130.4350853227079,3345493.9515146636,4767935.706538579,5540019.806441564,7813875.015793152,7844276.2371335365,2472020.202776738,9189706.892270856,11021289.370380182,14324901.125742083,3345493951514.6636,4767935706538.58,5540019806441.563,7813875015793.152,7844276237133.535,2472020202776.738,9189706892270.857,11021289370380.184,14324901125742.084,197.0,318.4,374.0,481.5,557.953125,287.63010261051323,608.75,979.2000000000002,1513.0
51,14324901125742.084,14.285714285714285,14.3249021257673,14.3249021257673,25.216666666666516,0,1,130.4350853227079,1513,14324901.125742083,"[0.0, 14.3249021257673, -1.0, -25.216666666666516]",0,64,64,0,64,0,64,0,538.1833333333349,25746.850000000097,32291,1544811,33.134714899992105,1722.0547304999927,5.535714285714286,7.261207614626203,7.261207614626203,7261206.614617795,8.409114583333357,2.857142857142857,2.857142857142857,2.857142857142857,5.714285714285714,5.535714285714286,2.8959419178976527,8.571428571428571,8.571428571428571,14.285714285714285,3.433069501604353,4.337837219238282,4.9786499568394245,7.2711181640625,7.261207614626203,2.780067288003169,8.836607251848493,11.075472695486887,14.3249021257673,3.433069501604353,4.337837219238282,4.9786499568394245,7.2711181640625,7.261207614626203,2.780067288003169,8.836607251848493,11.075472695486887,14.3249021257673,3.383333333333326,4.381666666666656,5.954166666666651,7.19999999999998,8.409114583333357,4.521120315092013,9.1541666666667,13.62000000000026,25.216666666666516,22.576735189184546,34.96982610467821,41.91454955562949,63.66932604368776,63.372266092812424,26.051070888787912,78.59266820549965,94.67357113733888,130.4350853227079,3433068.5015981197,4337836.2192336405,4978648.956833991,7271117.164054925,7261206.614617795,2780067.2879997455,8836606.251840472,11075471.695475657,14324901.125742083,3433068501598.1196,4337836219233.64,4978648956833.991,7271117164054.925,7261206614617.794,2780067287999.7456,8836606251840.473,11075471695475.656,14324901125742.084,203.0,262.9,357.25,432.0,504.546875,271.2672189055183,549.25,817.2000000000003,1513.0
52,14324901125742.084,14.285714285714285,14.3249021257673,14.3249021257673,25.216666666666516,0,1,130.4350853227079,1513,14324901.125742083,"[0.0, 14.3249021257673, -1.0, -25.216666666666516]",0,64,64,0,64,0,64,0,577.2166666666683,26324.066666666764,34633,1579444,40.778894099988975,1763.5688705999928,6.383928571428571,8.068859279155731,8.068859279155731,8068858.279146713,9.019010416666692,2.857142857142857,2.857142857142857,2.857142857142857,5.714285714285714,6.383928571428571,2.8900863052927703,8.571428571428571,8.571428571428571,14.285714285714285,3.952865600585938,4.634747096470424,5.412886483328683,8.251819610595703,8.068859279155731,2.7567160001615365,9.402452877589633,11.17730631147112,14.3249021257673,3.952865600585938,4.634747096470424,5.412886483328683,8.251819610595703,8.068859279155731,2.7567160001615365,9.402452877589633,11.17730631147112,14.3249021257673,3.26666666666666,4.9599999999999875,6.133333333333317,7.924999999999978,9.019010416666692,4.617833098723849,9.941666666666741,13.391666666666913,25.216666666666516,28.283769300207496,38.200288355816156,47.279041562229395,77.04376578330994,71.34986686192701,25.712529322714744,82.82338214293122,95.29877110123634,130.4350853227079,3952864.6005783547,4634746.0964642875,5412885.483322167,8251818.610586688,8068858.279146713,2756716.0001582997,9402451.877581371,11177305.311451409,14324901.125742083,3952864600578.3545,4634746096464.288,5412885483322.166,8251818610586.6875,8068858279146.713,2756716000158.3,9402451877581.371,11177305311451.408,14324901125742.084,196.0,297.6,368.0,475.5,541.140625,277.06998592342944,596.5,803.5,1513.0
53,14324901125742.084,14.285714285714285,14.3249021257673,14.3249021257673,25.216666666666516,0,1,130.4350853227079,1513,14324901.125742083,"[0.0, 14.3249021257673, -1.0, -25.216666666666516]",0,64,64,0,64,0,64,0,572.0833333333355,26896.1500000001,34325,1613769,32.77893359999871,1797.2540936999867,6.473214285714286,8.151332778590065,8.151332778590065,8151331.7785811275,8.938802083333368,0.0,2.857142857142857,2.857142857142857,5.714285714285714,6.473214285714286,3.282692224348167,8.571428571428571,11.428571428571429,14.285714285714285,2.8190285818917413,4.746045793805804,5.363785879952566,8.157818658011301,8.151332778590065,3.0307783026097352,10.028397696358816,13.36203329903739,14.3249021257673,2.8190285818917413,4.746045793805804,5.363785879952566,8.157818658011301,8.151332778590065,3.0307783026097352,10.028397696358816,13.36203329903739,14.3249021257673,3.3166666666666598,4.401666666666657,5.691666666666652,7.1249999999999805,8.938802083333368,5.1658988464143345,10.02083333333341,16.455000000000346,25.216666666666516,15.58924730407307,39.45186736434698,45.84661365300417,75.6509361192584,71.72858985011351,28.799273279170357,84.8716265335679,122.20951408594847,133.0215249620378,2819027.5818867246,4746044.793802114,5363784.879946821,8157817.657999309,8151331.7785811275,3030778.3026059647,10028396.696352268,13362032.299019512,14324901.125742083,2819027581886.7246,4746044793802.114,5363784879946.82,8157817657999.309,8151331778581.127,3030778302605.965,10028396696352.266,13362032299019.51,14324901125742.084,199.0,264.1,341.5,427.5,536.328125,309.95393078485773,601.25,987.3000000000002,1513.0
54,14723177318550.54,14.285714285714285,14.723178318568639,14.723178318568639,18.100000000000254,0,1,129.97948688268661,1086,14723177.318550538,"[0.0, 14.723178318568639, -1.0, -18.100000000000254]",0,64,64,0,64,0,64,0,557.4000000000026,27453.5500000001,33444,1647213,32.14262610000151,1830.3579369999934,6.383928571428571,8.127620645931788,8.127620645931788,8127619.64592308,8.70937500000004,0.0,2.857142857142857,2.857142857142857,5.714285714285714,6.383928571428571,3.4159808814823687,8.571428571428571,11.428571428571429,14.285714285714285,2.814658028738839,4.7341379438127795,5.507886069161551,7.659187316894531,8.127620645931788,3.180906982881287,10.126423154558454,13.604072025844028,14.723178318568639,2.814658028738839,4.7341379438127795,5.507886069161551,7.659187316894531,8.127620645931788,3.180906982881287,10.126423154558454,13.604072025844028,14.723178318568639,2.916666666666661,4.454999999999989,5.804166666666651,7.516666666666645,8.70937500000004,4.495623715958298,10.175000000000086,15.34833333333368,25.216666666666516,15.528906265681144,39.15482941066584,47.808547279797494,73.54210160672665,72.23664649442435,29.852925704421658,86.7775544617325,124.03740364983678,133.0215249620378,2814657.028733822,4734136.943807629,5507885.0691542765,7659186.316888156,8127619.64592308,3180906.982877717,10126422.154549683,13604071.0258289,14723177.318550538,2814657028733.8223,4734136943807.629,5507885069154.276,7659186316888.156,8127619645923.08,3180906982877.717,10126422154549.682,13604071025828.9,14723177318550.54,175.0,267.3,348.25,451.0,522.5625,269.737422957494,610.5,920.9000000000003,1513.0
55,14723177318550.54,14.285714285714285,14.723178318568639,14.723178318568639,18.100000000000254,0,1,129.97948688268661,1086,14723177.318550538,"[0.0, 14.723178318568639, -1.0, -18.100000000000254]",0,64,64,0,64,0,64,0,509.41666666666794,27962.96666666677,30565,1677778,33.14722179999808,1864.4109228999878,6.517857142857142,8.033504528658732,8.033504528658732,8033503.528650771,7.9596354166666865,2.857142857142857,2.857142857142857,2.857142857142857,5.714285714285714,6.517857142857142,3.2914836769940643,8.571428571428571,11.428571428571429,14.285714285714285,3.378088814871652,4.592652457101005,5.101950509207589,7.9864910670689175,8.033504528658732,3.1187691767936756,9.68186719076974,13.604072025844028,14.723178318568639,3.378088814871652,4.592652457101005,5.101950509207589,7.9864910670689175,8.033504528658732,3.1187691767936756,9.68186719076974,13.604072025844028,14.723178318568639,3.1166666666666605,4.626666666666655,5.474999999999985,6.9999999999999805,7.9596354166666865,3.978322123168321,8.658333333333342,12.238333333333523,25.216666666666516,22.594937142916024,36.08644362455234,43.883642664179206,76.38588149100542,70.9205690829906,28.886031339370877,84.4726743362844,123.31387290731072,130.4350853227079,3378087.814865318,4592651.457093365,5101949.509202709,7986490.067061951,8033503.528650771,3118769.1767906086,9681866.190758588,13604071.0258289,14723177.318550538,3378087814865.3184,4592651457093.365,5101949509202.71,7986490067061.951,8033503528650.771,3118769176790.6084,9681866190758.588,13604071025828.9,14723177318550.54,187.0,277.6,328.5,420.0,477.578125,238.6993273900963,519.5,734.3000000000002,1513.0
