timestamp_utc,episode,term,progress,time,distance,fitness,fitness_delta_score,last_fitness_delta_score,last_fitness_delta_progress,episode_reward,timesteps
2026-04-29T10:59:15Z,1,-1,2.857142857142857,8.449999809265137,33.98882293701172,-997142857.1428572,-997.1428571428572,-997.1428571428572,2.857142857142857,-997.142857,545
2026-04-29T10:59:21Z,2,-1,2.857142857142857,4.449999809265137,16.987478256225586,-997142857.1428572,-997.1428571428572,-997.1428571428572,2.857142857142857,-997.142857,857
2026-04-29T10:59:29Z,3,-1,2.857142857142857,6.849999904632568,25.76966094970703,-997142857.1428572,-997.1428571428572,-997.1428571428572,2.857142857142857,-997.142857,1276
2026-04-29T10:59:33Z,4,-1,0.0,2.0299999713897705,2.1739022731781006,-1000000000.0,-1000.0,-1000.0,0.0,-1000.0,1360
2026-04-29T10:59:36Z,5,-1,0.0,2.009999990463257,0.8315353393554688,-1000000000.0,-1000.0,-1000.0,0.0,-1000.0,1439
2026-04-29T10:59:40Z,6,-1,0.0,2.009999990463257,0.7568728923797607,-1000000000.0,-1000.0,-1000.0,0.0,-1000.0,1513
2026-04-29T10:59:44Z,7,-1,0.0,2.0199999809265137,1.1845697164535522,-1000000000.0,-1000.0,-1000.0,0.0,-1000.0,1563
2026-04-29T10:59:47Z,8,-1,0.0,2.0799999237060547,3.767038106918335,-1000000000.0,-1000.0,-1000.0,0.0,-1000.0,1654
2026-04-29T10:59:51Z,9,-1,0.0,2.009999990463257,0.7867894172668457,-1000000000.0,-1000.0,-1000.0,0.0,-1000.0,1709
2026-04-29T10:59:58Z,10,-1,2.857142857142857,5.710000038146973,25.50068473815918,-997142857.1428572,-997.1428571428572,-997.1428571428572,2.857142857142857,-997.142857,2001
2026-04-29T11:00:06Z,11,-1,2.857142857142857,5.639999866485596,23.11041259765625,-997142857.1428572,-997.1428571428572,-997.1428571428572,2.857142857142857,-997.142857,2278
2026-04-29T11:00:11Z,12,-1,0.0,3.6700000762939453,19.23534393310547,-1000000000.0,-1000.0,-1000.0,0.0,-1000.0,2466
2026-04-29T11:00:16Z,13,-1,0.0,3.2799999713897705,18.19119644165039,-1000000000.0,-1000.0,-1000.0,0.0,-1000.0,2628
2026-04-29T11:00:21Z,14,-1,0.0,3.5399999618530273,20.37176513671875,-1000000000.0,-1000.0,-1000.0,0.0,-1000.0,2778
2026-04-29T11:00:25Z,15,-1,0.0,2.0199999809265137,0.21591106057167053,-1000000000.0,-1000.0,-1000.0,0.0,-1000.0,2793
2026-04-29T11:00:30Z,16,-1,2.857142857142857,4.199999809265137,23.215251922607422,-997142857.1428572,-997.1428571428572,-997.1428571428572,2.857142857142857,-997.142857,2973
2026-04-29T11:00:36Z,17,-1,0.0,3.880000114440918,18.145326614379883,-1000000000.0,-1000.0,-1000.0,0.0,-1000.0,3156
2026-04-29T11:00:42Z,18,-1,0.0,4.329999923706055,15.990857124328613,-1000000000.0,-1000.0,-1000.0,0.0,-1000.0,3349
2026-04-29T11:00:45Z,19,-1,0.0,2.0199999809265137,1.022947907447815,-1000000000.0,-1000.0,-1000.0,0.0,-1000.0,3378
2026-04-29T11:00:49Z,20,-1,0.0,2.0199999809265137,6.574164390563965,-1000000000.0,-1000.0,-1000.0,0.0,-1000.0,3454
