timestamp_utc,generation,individual_index,finished,crashes,timeout,progress,block_progress,ranking_progress,distance,time,reward,fitness,ranking_key,selection_mode,selection_rank,selection_crowding,selection_objectives,selection_objective_names,evaluation_steps,evaluation_terminated,evaluation_truncated,evaluation_valid
2026-05-09T11:36:20Z,111,0,1,0,0,100.0,100.0,100.0,1403.6492919921875,27.260000228881836,1.00009999997274e+18,1.00009999997274e+18,"[1.0, 100.0, -27.260000228881836, -0.0]",lexicographic,0,0.0,"[1.0, 100.0, -27.260000228881836, -0.0]","[""ranking_0"", ""ranking_1"", ""ranking_2"", ""ranking_3""]",4071,1,0,1
2026-05-09T11:36:20Z,111,1,1,0,0,100.0,100.0,100.0,1363.026123046875,28.600000381469727,1.0000999999714e+18,1.0000999999714e+18,"[1.0, 100.0, -28.600000381469727, -0.0]",lexicographic,1,0.0,"[1.0, 100.0, -28.600000381469727, -0.0]","[""ranking_0"", ""ranking_1"", ""ranking_2"", ""ranking_3""]",4288,1,0,1
2026-05-09T11:36:20Z,111,2,1,0,0,100.0,100.0,100.0,1349.3367919921875,28.639999389648438,1.00009999997136e+18,1.00009999997136e+18,"[1.0, 100.0, -28.639999389648438, -0.0]",lexicographic,2,0.0,"[1.0, 100.0, -28.639999389648438, -0.0]","[""ranking_0"", ""ranking_1"", ""ranking_2"", ""ranking_3""]",4294,1,0,1
2026-05-09T11:36:20Z,111,3,1,0,0,100.0,100.0,100.0,1365.7957763671875,28.8799991607666,1.00009999997112e+18,1.00009999997112e+18,"[1.0, 100.0, -28.8799991607666, -0.0]",lexicographic,3,0.0,"[1.0, 100.0, -28.8799991607666, -0.0]","[""ranking_0"", ""ranking_1"", ""ranking_2"", ""ranking_3""]",4330,1,0,1
2026-05-09T11:36:20Z,111,4,1,0,0,100.0,100.0,100.0,1363.42578125,29.81999969482422,1.00009999997018e+18,1.00009999997018e+18,"[1.0, 100.0, -29.81999969482422, -0.0]",lexicographic,4,0.0,"[1.0, 100.0, -29.81999969482422, -0.0]","[""ranking_0"", ""ranking_1"", ""ranking_2"", ""ranking_3""]",4468,1,0,1
2026-05-09T11:36:20Z,111,5,1,0,0,100.0,100.0,100.0,1430.73876953125,30.34000015258789,1.00009999996966e+18,1.00009999996966e+18,"[1.0, 100.0, -30.34000015258789, -0.0]",lexicographic,5,0.0,"[1.0, 100.0, -30.34000015258789, -0.0]","[""ranking_0"", ""ranking_1"", ""ranking_2"", ""ranking_3""]",4549,1,0,1
2026-05-09T11:36:20Z,111,6,1,0,0,100.0,100.0,100.0,1381.18212890625,30.579999923706055,1.00009999996942e+18,1.00009999996942e+18,"[1.0, 100.0, -30.579999923706055, -0.0]",lexicographic,6,0.0,"[1.0, 100.0, -30.579999923706055, -0.0]","[""ranking_0"", ""ranking_1"", ""ranking_2"", ""ranking_3""]",4585,1,0,1
2026-05-09T11:36:20Z,111,7,1,0,0,100.0,100.0,100.0,1334.87646484375,30.809999465942383,1.00009999996919e+18,1.00009999996919e+18,"[1.0, 100.0, -30.809999465942383, -0.0]",lexicographic,7,0.0,"[1.0, 100.0, -30.809999465942383, -0.0]","[""ranking_0"", ""ranking_1"", ""ranking_2"", ""ranking_3""]",4618,1,0,1
2026-05-09T11:36:20Z,111,8,1,0,0,100.0,100.0,100.0,1333.881103515625,30.8799991607666,1.00009999996912e+18,1.00009999996912e+18,"[1.0, 100.0, -30.8799991607666, -0.0]",lexicographic,8,0.0,"[1.0, 100.0, -30.8799991607666, -0.0]","[""ranking_0"", ""ranking_1"", ""ranking_2"", ""ranking_3""]",4631,1,0,1
2026-05-09T11:36:20Z,111,9,1,0,0,100.0,100.0,100.0,1351.713134765625,31.079999923706055,1.00009999996892e+18,1.00009999996892e+18,"[1.0, 100.0, -31.079999923706055, -0.0]",lexicographic,9,0.0,"[1.0, 100.0, -31.079999923706055, -0.0]","[""ranking_0"", ""ranking_1"", ""ranking_2"", ""ranking_3""]",4657,1,0,1
2026-05-09T11:36:20Z,111,10,1,0,0,100.0,100.0,100.0,1354.081298828125,31.520000457763672,1.00009999996848e+18,1.00009999996848e+18,"[1.0, 100.0, -31.520000457763672, -0.0]",lexicographic,10,0.0,"[1.0, 100.0, -31.520000457763672, -0.0]","[""ranking_0"", ""ranking_1"", ""ranking_2"", ""ranking_3""]",4722,1,0,1
2026-05-09T11:36:20Z,111,11,1,0,0,100.0,100.0,100.0,1364.7867431640625,32.5099983215332,1.00009999996749e+18,1.00009999996749e+18,"[1.0, 100.0, -32.5099983215332, -0.0]",lexicographic,11,0.0,"[1.0, 100.0, -32.5099983215332, -0.0]","[""ranking_0"", ""ranking_1"", ""ranking_2"", ""ranking_3""]",4874,1,0,1
2026-05-09T11:36:20Z,111,12,1,0,0,100.0,100.0,100.0,1351.8126220703125,33.79999923706055,1.0000999999662e+18,1.0000999999662e+18,"[1.0, 100.0, -33.79999923706055, -0.0]",lexicographic,12,0.0,"[1.0, 100.0, -33.79999923706055, -0.0]","[""ranking_0"", ""ranking_1"", ""ranking_2"", ""ranking_3""]",5067,1,0,1
2026-05-09T11:36:20Z,111,13,1,0,0,100.0,100.0,100.0,1342.4630126953125,33.849998474121094,1.00009999996615e+18,1.00009999996615e+18,"[1.0, 100.0, -33.849998474121094, -0.0]",lexicographic,13,0.0,"[1.0, 100.0, -33.849998474121094, -0.0]","[""ranking_0"", ""ranking_1"", ""ranking_2"", ""ranking_3""]",5075,1,0,1
2026-05-09T11:36:20Z,111,14,1,0,0,100.0,100.0,100.0,1370.3909912109375,34.25,1.00009999996575e+18,1.00009999996575e+18,"[1.0, 100.0, -34.25, -0.0]",lexicographic,14,0.0,"[1.0, 100.0, -34.25, -0.0]","[""ranking_0"", ""ranking_1"", ""ranking_2"", ""ranking_3""]",5135,1,0,1
2026-05-09T11:36:20Z,111,15,1,0,0,100.0,100.0,100.0,1355.452392578125,34.29999923706055,1.0000999999657e+18,1.0000999999657e+18,"[1.0, 100.0, -34.29999923706055, -0.0]",lexicographic,15,0.0,"[1.0, 100.0, -34.29999923706055, -0.0]","[""ranking_0"", ""ranking_1"", ""ranking_2"", ""ranking_3""]",5143,1,0,1
2026-05-09T11:36:20Z,111,16,1,0,0,100.0,100.0,100.0,1337.4139404296875,34.900001525878906,1.0000999999651e+18,1.0000999999651e+18,"[1.0, 100.0, -34.900001525878906, -0.0]",lexicographic,16,0.0,"[1.0, 100.0, -34.900001525878906, -0.0]","[""ranking_0"", ""ranking_1"", ""ranking_2"", ""ranking_3""]",5230,1,0,1
2026-05-09T11:36:20Z,111,17,1,0,0,100.0,100.0,100.0,1325.471923828125,34.90999984741211,1.00009999996509e+18,1.00009999996509e+18,"[1.0, 100.0, -34.90999984741211, -0.0]",lexicographic,17,0.0,"[1.0, 100.0, -34.90999984741211, -0.0]","[""ranking_0"", ""ranking_1"", ""ranking_2"", ""ranking_3""]",5235,1,0,1
2026-05-09T11:36:20Z,111,18,1,0,0,100.0,100.0,100.0,1344.0711669921875,35.61000061035156,1.00009999996439e+18,1.00009999996439e+18,"[1.0, 100.0, -35.61000061035156, -0.0]",lexicographic,18,0.0,"[1.0, 100.0, -35.61000061035156, -0.0]","[""ranking_0"", ""ranking_1"", ""ranking_2"", ""ranking_3""]",5340,1,0,1
2026-05-09T11:36:20Z,111,19,1,0,0,100.0,100.0,100.0,1375.1343994140625,39.560001373291016,1.0000999999604399e+18,1.0000999999604399e+18,"[1.0, 100.0, -39.560001373291016, -0.0]",lexicographic,19,0.0,"[1.0, 100.0, -39.560001373291016, -0.0]","[""ranking_0"", ""ranking_1"", ""ranking_2"", ""ranking_3""]",5932,1,0,1
2026-05-09T11:36:20Z,111,20,0,1,0,95.45536530323517,94.87179487179486,95.45536530323517,1266.580810546875,32.310001373291016,95455332993232.8,95455332993232.8,"[0.0, 95.45536530323517, -32.310001373291016, -1.0]",lexicographic,20,0.0,"[0.0, 95.45536530323517, -32.310001373291016, -1.0]","[""ranking_0"", ""ranking_1"", ""ranking_2"", ""ranking_3""]",4843,1,0,1
2026-05-09T11:36:20Z,111,21,0,1,0,80.76923076923077,79.48717948717949,80.76923076923077,1078.47216796875,28.34000015258789,80769202429229.62,80769202429229.62,"[0.0, 80.76923076923077, -28.34000015258789, -1.0]",lexicographic,21,0.0,"[0.0, 80.76923076923077, -28.34000015258789, -1.0]","[""ranking_0"", ""ranking_1"", ""ranking_2"", ""ranking_3""]",4250,1,0,1
2026-05-09T11:36:20Z,111,22,0,1,0,79.48717948717949,76.92307692307693,79.48717948717949,1053.1151123046875,22.5,79487156987178.48,79487156987178.48,"[0.0, 79.48717948717949, -22.5, -1.0]",lexicographic,22,0.0,"[0.0, 79.48717948717949, -22.5, -1.0]","[""ranking_0"", ""ranking_1"", ""ranking_2"", ""ranking_3""]",3374,1,0,1
2026-05-09T11:36:20Z,111,23,0,1,0,79.48717948717949,76.92307692307693,79.48717948717949,1075.820068359375,23.90999984741211,79487155577178.64,79487155577178.64,"[0.0, 79.48717948717949, -23.90999984741211, -1.0]",lexicographic,23,0.0,"[0.0, 79.48717948717949, -23.90999984741211, -1.0]","[""ranking_0"", ""ranking_1"", ""ranking_2"", ""ranking_3""]",3585,1,0,1
2026-05-09T11:36:20Z,111,24,0,1,0,79.48717948717949,76.92307692307693,79.48717948717949,1097.623046875,24.43000030517578,79487155057178.17,79487155057178.17,"[0.0, 79.48717948717949, -24.43000030517578, -1.0]",lexicographic,24,0.0,"[0.0, 79.48717948717949, -24.43000030517578, -1.0]","[""ranking_0"", ""ranking_1"", ""ranking_2"", ""ranking_3""]",3662,1,0,1
2026-05-09T11:36:20Z,111,25,0,1,0,79.48717948717949,76.92307692307693,79.48717948717949,1051.5318603515625,25.649999618530273,79487153837178.86,79487153837178.86,"[0.0, 79.48717948717949, -25.649999618530273, -1.0]",lexicographic,25,0.0,"[0.0, 79.48717948717949, -25.649999618530273, -1.0]","[""ranking_0"", ""ranking_1"", ""ranking_2"", ""ranking_3""]",3844,1,0,1
2026-05-09T11:36:20Z,111,26,0,1,0,79.3469092418829,76.92307692307693,79.3469092418829,1074.72705078125,22.8700008392334,79346886371881.05,79346886371881.05,"[0.0, 79.3469092418829, -22.8700008392334, -1.0]",lexicographic,26,0.0,"[0.0, 79.3469092418829, -22.8700008392334, -1.0]","[""ranking_0"", ""ranking_1"", ""ranking_2"", ""ranking_3""]",3428,1,0,1
2026-05-09T11:36:20Z,111,27,0,1,0,74.23150983921917,71.7948717948718,74.23150983921917,1043.252197265625,21.290000915527344,74231488549217.25,74231488549217.25,"[0.0, 74.23150983921917, -21.290000915527344, -1.0]",lexicographic,27,0.0,"[0.0, 74.23150983921917, -21.290000915527344, -1.0]","[""ranking_0"", ""ranking_1"", ""ranking_2"", ""ranking_3""]",3193,1,0,1
2026-05-09T11:36:20Z,111,28,0,1,0,71.12022791153345,69.23076923076923,71.12022791153345,950.680908203125,20.5,71120207411532.45,71120207411532.45,"[0.0, 71.12022791153345, -20.5, -1.0]",lexicographic,28,0.0,"[0.0, 71.12022791153345, -20.5, -1.0]","[""ranking_0"", ""ranking_1"", ""ranking_2"", ""ranking_3""]",3073,1,0,1
2026-05-09T11:36:20Z,111,29,0,1,0,68.74447357960236,66.66666666666666,68.74447357960236,926.8432006835938,22.059999465942383,68744451519601.89,68744451519601.89,"[0.0, 68.74447357960236, -22.059999465942383, -1.0]",lexicographic,29,0.0,"[0.0, 68.74447357960236, -22.059999465942383, -1.0]","[""ranking_0"", ""ranking_1"", ""ranking_2"", ""ranking_3""]",3298,1,0,1
2026-05-09T11:36:20Z,111,30,0,1,0,68.70120610946265,66.66666666666666,68.70120610946265,937.1879272460938,19.809999465942383,68701186299462.18,68701186299462.18,"[0.0, 68.70120610946265, -19.809999465942383, -1.0]",lexicographic,30,0.0,"[0.0, 68.70120610946265, -19.809999465942383, -1.0]","[""ranking_0"", ""ranking_1"", ""ranking_2"", ""ranking_3""]",2968,1,0,1
2026-05-09T11:36:20Z,111,31,0,1,0,58.875905319191105,56.41025641025641,58.875905319191105,786.5662231445312,22.6299991607666,58875882689190.94,58875882689190.94,"[0.0, 58.875905319191105, -22.6299991607666, -1.0]",lexicographic,31,0.0,"[0.0, 58.875905319191105, -22.6299991607666, -1.0]","[""ranking_0"", ""ranking_1"", ""ranking_2"", ""ranking_3""]",3393,1,0,1
2026-05-09T11:36:20Z,111,32,0,1,0,48.84805190257537,48.717948717948715,48.84805190257537,721.9961547851562,15.079999923706055,48848036822574.445,48848036822574.445,"[0.0, 48.84805190257537, -15.079999923706055, -1.0]",lexicographic,32,0.0,"[0.0, 48.84805190257537, -15.079999923706055, -1.0]","[""ranking_0"", ""ranking_1"", ""ranking_2"", ""ranking_3""]",2261,1,0,1
2026-05-09T11:36:20Z,111,33,0,1,0,48.688966800005005,46.15384615384615,48.688966800005005,702.0370483398438,16.549999237060547,48688950250004.77,48688950250004.77,"[0.0, 48.688966800005005, -16.549999237060547, -1.0]",lexicographic,33,0.0,"[0.0, 48.688966800005005, -16.549999237060547, -1.0]","[""ranking_0"", ""ranking_1"", ""ranking_2"", ""ranking_3""]",2481,1,0,1
2026-05-09T11:36:20Z,111,34,0,1,0,48.51114321977664,46.15384615384615,48.51114321977664,714.7643432617188,15.850000381469727,48511127369775.26,48511127369775.26,"[0.0, 48.51114321977664, -15.850000381469727, -1.0]",lexicographic,34,0.0,"[0.0, 48.51114321977664, -15.850000381469727, -1.0]","[""ranking_0"", ""ranking_1"", ""ranking_2"", ""ranking_3""]",2376,1,0,1
2026-05-09T11:36:20Z,111,35,0,1,0,45.902252197265625,43.58974358974359,45.902252197265625,669.715087890625,18.600000381469727,45902233597264.24,45902233597264.24,"[0.0, 45.902252197265625, -18.600000381469727, -1.0]",lexicographic,35,0.0,"[0.0, 45.902252197265625, -18.600000381469727, -1.0]","[""ranking_0"", ""ranking_1"", ""ranking_2"", ""ranking_3""]",2787,1,0,1
2026-05-09T11:36:20Z,111,36,0,1,0,42.30769230769231,41.02564102564102,42.30769230769231,634.3203125,13.479999542236328,42307678827691.766,42307678827691.766,"[0.0, 42.30769230769231, -13.479999542236328, -1.0]",lexicographic,36,0.0,"[0.0, 42.30769230769231, -13.479999542236328, -1.0]","[""ranking_0"", ""ranking_1"", ""ranking_2"", ""ranking_3""]",2021,1,0,1
2026-05-09T11:36:20Z,111,37,0,1,0,42.11811707991641,41.02564102564102,42.11811707991641,618.0511474609375,15.920000076293945,42118101159915.33,42118101159915.33,"[0.0, 42.11811707991641, -15.920000076293945, -1.0]",lexicographic,37,0.0,"[0.0, 42.11811707991641, -15.920000076293945, -1.0]","[""ranking_0"", ""ranking_1"", ""ranking_2"", ""ranking_3""]",2385,1,0,1
2026-05-09T11:36:20Z,111,38,0,1,0,41.02564102564102,38.46153846153847,41.02564102564102,621.7222900390625,14.0600004196167,41025626965639.6,41025626965639.6,"[0.0, 41.02564102564102, -14.0600004196167, -1.0]",lexicographic,38,0.0,"[0.0, 41.02564102564102, -14.0600004196167, -1.0]","[""ranking_0"", ""ranking_1"", ""ranking_2"", ""ranking_3""]",2107,1,0,1
2026-05-09T11:36:20Z,111,39,0,1,0,41.02564102564102,38.46153846153847,41.02564102564102,611.4561767578125,16.139999389648438,41025624885640.63,41025624885640.63,"[0.0, 41.02564102564102, -16.139999389648438, -1.0]",lexicographic,39,0.0,"[0.0, 41.02564102564102, -16.139999389648438, -1.0]","[""ranking_0"", ""ranking_1"", ""ranking_2"", ""ranking_3""]",2416,1,0,1
2026-05-09T11:36:20Z,111,40,0,1,0,40.6561576303013,38.46153846153847,40.6561576303013,579.9161987304688,14.380000114440918,40656143250300.19,40656143250300.19,"[0.0, 40.6561576303013, -14.380000114440918, -1.0]",lexicographic,40,0.0,"[0.0, 40.6561576303013, -14.380000114440918, -1.0]","[""ranking_0"", ""ranking_1"", ""ranking_2"", ""ranking_3""]",2150,1,0,1
2026-05-09T11:36:20Z,111,41,0,1,0,39.94195918147953,38.46153846153847,39.94195918147953,587.3455810546875,13.100000381469727,39941946081478.15,39941946081478.15,"[0.0, 39.94195918147953, -13.100000381469727, -1.0]",lexicographic,41,0.0,"[0.0, 39.94195918147953, -13.100000381469727, -1.0]","[""ranking_0"", ""ranking_1"", ""ranking_2"", ""ranking_3""]",1962,1,0,1
2026-05-09T11:36:20Z,111,42,0,1,0,38.221227205716644,35.8974358974359,38.221227205716644,566.3480834960938,11.729999542236328,38221215475716.1,38221215475716.1,"[0.0, 38.221227205716644, -11.729999542236328, -1.0]",lexicographic,42,0.0,"[0.0, 38.221227205716644, -11.729999542236328, -1.0]","[""ranking_0"", ""ranking_1"", ""ranking_2"", ""ranking_3""]",1758,1,0,1
2026-05-09T11:36:20Z,111,43,0,1,0,36.5730463347351,35.8974358974359,36.5730463347351,537.885986328125,16.06999969482422,36573030264734.41,36573030264734.41,"[0.0, 36.5730463347351, -16.06999969482422, -1.0]",lexicographic,43,0.0,"[0.0, 36.5730463347351, -16.06999969482422, -1.0]","[""ranking_0"", ""ranking_1"", ""ranking_2"", ""ranking_3""]",2409,1,0,1
2026-05-09T11:36:20Z,111,44,0,1,0,10.253573686648638,7.6923076923076925,10.253573686648638,107.20040893554688,4.400000095367432,10253569286647.543,10253569286647.543,"[0.0, 10.253573686648638, -4.400000095367432, -1.0]",lexicographic,44,0.0,"[0.0, 10.253573686648638, -4.400000095367432, -1.0]","[""ranking_0"", ""ranking_1"", ""ranking_2"", ""ranking_3""]",659,1,0,1
2026-05-09T11:36:20Z,111,45,0,1,0,7.861787844926884,7.6923076923076925,7.861787844926884,82.3751220703125,3.5899999141693115,7861784254925.97,7861784254925.97,"[0.0, 7.861787844926884, -3.5899999141693115, -1.0]",lexicographic,45,0.0,"[0.0, 7.861787844926884, -3.5899999141693115, -1.0]","[""ranking_0"", ""ranking_1"", ""ranking_2"", ""ranking_3""]",537,1,0,1
2026-05-09T11:36:20Z,111,46,0,1,0,5.339666513296274,5.128205128205128,5.339666513296274,53.98676681518555,3.069999933242798,5339663443295.341,5339663443295.341,"[0.0, 5.339666513296274, -3.069999933242798, -1.0]",lexicographic,46,0.0,"[0.0, 5.339666513296274, -3.069999933242798, -1.0]","[""ranking_0"", ""ranking_1"", ""ranking_2"", ""ranking_3""]",460,1,0,1
2026-05-09T11:36:20Z,111,47,0,1,0,1.326766380896935,0.0,1.326766380896935,0.631338357925415,2.009999990463257,1326764370895.9446,1326764370895.9446,"[0.0, 1.326766380896935, -2.009999990463257, -1.0]",lexicographic,47,0.0,"[0.0, 1.326766380896935, -2.009999990463257, -1.0]","[""ranking_0"", ""ranking_1"", ""ranking_2"", ""ranking_3""]",300,1,0,1
2026-05-09T11:53:40Z,112,0,1,0,0,100.0,100.0,100.0,1401.733642578125,28.09000015258789,1.00009999997191e+18,1.00009999997191e+18,"[1.0, 100.0, -28.09000015258789, -0.0]",lexicographic,0,0.0,"[1.0, 100.0, -28.09000015258789, -0.0]","[""ranking_0"", ""ranking_1"", ""ranking_2"", ""ranking_3""]",4209,1,0,1
2026-05-09T11:53:40Z,112,1,1,0,0,100.0,100.0,100.0,1353.2950439453125,29.239999771118164,1.0000999999707601e+18,1.0000999999707601e+18,"[1.0, 100.0, -29.239999771118164, -0.0]",lexicographic,1,0.0,"[1.0, 100.0, -29.239999771118164, -0.0]","[""ranking_0"", ""ranking_1"", ""ranking_2"", ""ranking_3""]",4383,1,0,1
2026-05-09T11:53:40Z,112,2,1,0,0,100.0,100.0,100.0,1396.71923828125,29.260000228881836,1.00009999997074e+18,1.00009999997074e+18,"[1.0, 100.0, -29.260000228881836, -0.0]",lexicographic,2,0.0,"[1.0, 100.0, -29.260000228881836, -0.0]","[""ranking_0"", ""ranking_1"", ""ranking_2"", ""ranking_3""]",4388,1,0,1
2026-05-09T11:53:40Z,112,3,1,0,0,100.0,100.0,100.0,1361.0809326171875,29.729999542236328,1.00009999997027e+18,1.00009999997027e+18,"[1.0, 100.0, -29.729999542236328, -0.0]",lexicographic,3,0.0,"[1.0, 100.0, -29.729999542236328, -0.0]","[""ranking_0"", ""ranking_1"", ""ranking_2"", ""ranking_3""]",4459,1,0,1
2026-05-09T11:53:40Z,112,4,1,0,0,100.0,100.0,100.0,1342.68408203125,29.760000228881836,1.00009999997024e+18,1.00009999997024e+18,"[1.0, 100.0, -29.760000228881836, -0.0]",lexicographic,4,0.0,"[1.0, 100.0, -29.760000228881836, -0.0]","[""ranking_0"", ""ranking_1"", ""ranking_2"", ""ranking_3""]",4463,1,0,1
2026-05-09T11:53:40Z,112,5,1,0,0,100.0,100.0,100.0,1376.502685546875,29.760000228881836,1.00009999997024e+18,1.00009999997024e+18,"[1.0, 100.0, -29.760000228881836, -0.0]",lexicographic,5,0.0,"[1.0, 100.0, -29.760000228881836, -0.0]","[""ranking_0"", ""ranking_1"", ""ranking_2"", ""ranking_3""]",4461,1,0,1
2026-05-09T11:53:40Z,112,6,1,0,0,100.0,100.0,100.0,1402.98681640625,29.93000030517578,1.00009999997007e+18,1.00009999997007e+18,"[1.0, 100.0, -29.93000030517578, -0.0]",lexicographic,6,0.0,"[1.0, 100.0, -29.93000030517578, -0.0]","[""ranking_0"", ""ranking_1"", ""ranking_2"", ""ranking_3""]",4487,1,0,1
2026-05-09T11:53:40Z,112,7,1,0,0,100.0,100.0,100.0,1348.0191650390625,30.780000686645508,1.00009999996922e+18,1.00009999996922e+18,"[1.0, 100.0, -30.780000686645508, -0.0]",lexicographic,7,0.0,"[1.0, 100.0, -30.780000686645508, -0.0]","[""ranking_0"", ""ranking_1"", ""ranking_2"", ""ranking_3""]",4616,1,0,1
2026-05-09T11:53:40Z,112,8,1,0,0,100.0,100.0,100.0,1367.8651123046875,31.920000076293945,1.00009999996808e+18,1.00009999996808e+18,"[1.0, 100.0, -31.920000076293945, -0.0]",lexicographic,8,0.0,"[1.0, 100.0, -31.920000076293945, -0.0]","[""ranking_0"", ""ranking_1"", ""ranking_2"", ""ranking_3""]",4782,1,0,1
2026-05-09T11:53:40Z,112,9,1,0,0,100.0,100.0,100.0,1352.409423828125,32.27000045776367,1.00009999996773e+18,1.00009999996773e+18,"[1.0, 100.0, -32.27000045776367, -0.0]",lexicographic,9,0.0,"[1.0, 100.0, -32.27000045776367, -0.0]","[""ranking_0"", ""ranking_1"", ""ranking_2"", ""ranking_3""]",4838,1,0,1
2026-05-09T11:53:40Z,112,10,1,0,0,100.0,100.0,100.0,1327.9903564453125,34.61000061035156,1.00009999996539e+18,1.00009999996539e+18,"[1.0, 100.0, -34.61000061035156, -0.0]",lexicographic,10,0.0,"[1.0, 100.0, -34.61000061035156, -0.0]","[""ranking_0"", ""ranking_1"", ""ranking_2"", ""ranking_3""]",5191,1,0,1
2026-05-09T11:53:40Z,112,11,1,0,0,100.0,100.0,100.0,1367.94287109375,36.470001220703125,1.00009999996353e+18,1.00009999996353e+18,"[1.0, 100.0, -36.470001220703125, -0.0]",lexicographic,11,0.0,"[1.0, 100.0, -36.470001220703125, -0.0]","[""ranking_0"", ""ranking_1"", ""ranking_2"", ""ranking_3""]",5466,1,0,1
2026-05-09T11:53:40Z,112,12,1,0,0,100.0,100.0,100.0,1340.554931640625,37.459999084472656,1.00009999996254e+18,1.00009999996254e+18,"[1.0, 100.0, -37.459999084472656, -0.0]",lexicographic,12,0.0,"[1.0, 100.0, -37.459999084472656, -0.0]","[""ranking_0"", ""ranking_1"", ""ranking_2"", ""ranking_3""]",5607,1,0,1
2026-05-09T11:53:40Z,112,13,0,1,0,97.43589743589743,94.87179487179486,97.43589743589743,1295.291015625,30.739999771118164,97435866695896.67,97435866695896.67,"[0.0, 97.43589743589743, -30.739999771118164, -1.0]",lexicographic,13,0.0,"[0.0, 97.43589743589743, -30.739999771118164, -1.0]","[""ranking_0"", ""ranking_1"", ""ranking_2"", ""ranking_3""]",4606,1,0,1
2026-05-09T11:53:40Z,112,14,0,1,0,91.9868909395658,89.74358974358975,91.9868909395658,1204.365966796875,26.8799991607666,91986864059565.64,91986864059565.64,"[0.0, 91.9868909395658, -26.8799991607666, -1.0]",lexicographic,14,0.0,"[0.0, 91.9868909395658, -26.8799991607666, -1.0]","[""ranking_0"", ""ranking_1"", ""ranking_2"", ""ranking_3""]",4012,1,0,1
2026-05-09T11:53:40Z,112,15,0,1,0,87.17948717948718,84.61538461538461,87.17948717948718,1145.1290283203125,27.1200008392334,87179460059485.34,87179460059485.34,"[0.0, 87.17948717948718, -27.1200008392334, -1.0]",lexicographic,15,0.0,"[0.0, 87.17948717948718, -27.1200008392334, -1.0]","[""ranking_0"", ""ranking_1"", ""ranking_2"", ""ranking_3""]",4062,1,0,1
2026-05-09T11:53:40Z,112,16,0,1,0,87.17948717948718,84.61538461538461,87.17948717948718,1174.67626953125,29.40999984741211,87179457769486.34,87179457769486.34,"[0.0, 87.17948717948718, -29.40999984741211, -1.0]",lexicographic,16,0.0,"[0.0, 87.17948717948718, -29.40999984741211, -1.0]","[""ranking_0"", ""ranking_1"", ""ranking_2"", ""ranking_3""]",4410,1,0,1
2026-05-09T11:53:40Z,112,17,0,1,0,81.95586571326623,79.48717948717949,81.95586571326623,1158.8289794921875,26.459999084472656,81955839253266.16,81955839253266.16,"[0.0, 81.95586571326623, -26.459999084472656, -1.0]",lexicographic,17,0.0,"[0.0, 81.95586571326623, -26.459999084472656, -1.0]","[""ranking_0"", ""ranking_1"", ""ranking_2"", ""ranking_3""]",3968,1,0,1
2026-05-09T11:53:40Z,112,18,0,1,0,80.59228144044262,79.48717948717949,80.59228144044262,1107.4195556640625,24.100000381469727,80592257340441.25,80592257340441.25,"[0.0, 80.59228144044262, -24.100000381469727, -1.0]",lexicographic,18,0.0,"[0.0, 80.59228144044262, -24.100000381469727, -1.0]","[""ranking_0"", ""ranking_1"", ""ranking_2"", ""ranking_3""]",3613,1,0,1
2026-05-09T11:53:40Z,112,19,0,1,0,79.48717948717949,76.92307692307693,79.48717948717949,1059.998291015625,25.1200008392334,79487154367177.64,79487154367177.64,"[0.0, 79.48717948717949, -25.1200008392334, -1.0]",lexicographic,19,0.0,"[0.0, 79.48717948717949, -25.1200008392334, -1.0]","[""ranking_0"", ""ranking_1"", ""ranking_2"", ""ranking_3""]",3764,1,0,1
2026-05-09T11:53:40Z,112,20,0,1,0,78.79281175705377,76.92307692307693,78.79281175705377,1037.6810302734375,23.329999923706055,78792788427052.84,78792788427052.84,"[0.0, 78.79281175705377, -23.329999923706055, -1.0]",lexicographic,20,0.0,"[0.0, 78.79281175705377, -23.329999923706055, -1.0]","[""ranking_0"", ""ranking_1"", ""ranking_2"", ""ranking_3""]",3498,1,0,1
2026-05-09T11:53:40Z,112,21,0,1,0,77.2881385607597,76.92307692307693,77.2881385607597,1041.212158203125,23.170000076293945,77288115390758.62,77288115390758.62,"[0.0, 77.2881385607597, -23.170000076293945, -1.0]",lexicographic,21,0.0,"[0.0, 77.2881385607597, -23.170000076293945, -1.0]","[""ranking_0"", ""ranking_1"", ""ranking_2"", ""ranking_3""]",3447,1,0,1
2026-05-09T11:53:40Z,112,22,0,1,0,77.25054912078076,76.92307692307693,77.25054912078076,1018.589111328125,22.360000610351562,77250526760779.16,77250526760779.16,"[0.0, 77.25054912078076, -22.360000610351562, -1.0]",lexicographic,22,0.0,"[0.0, 77.25054912078076, -22.360000610351562, -1.0]","[""ranking_0"", ""ranking_1"", ""ranking_2"", ""ranking_3""]",3351,1,0,1
2026-05-09T11:53:40Z,112,23,0,1,0,75.12201508337532,74.35897435897436,75.12201508337532,971.5179443359375,24.579999923706055,75121990503374.39,75121990503374.39,"[0.0, 75.12201508337532, -24.579999923706055, -1.0]",lexicographic,23,0.0,"[0.0, 75.12201508337532, -24.579999923706055, -1.0]","[""ranking_0"", ""ranking_1"", ""ranking_2"", ""ranking_3""]",3686,1,0,1
2026-05-09T11:53:40Z,112,24,0,1,0,70.81001966427533,69.23076923076923,70.81001966427533,953.3079833984375,19.709999084472656,70809999954275.25,70809999954275.25,"[0.0, 70.81001966427533, -19.709999084472656, -1.0]",lexicographic,24,0.0,"[0.0, 70.81001966427533, -19.709999084472656, -1.0]","[""ranking_0"", ""ranking_1"", ""ranking_2"", ""ranking_3""]",2955,1,0,1
2026-05-09T11:53:40Z,112,25,0,1,0,69.60936326246994,69.23076923076923,69.60936326246994,948.3767700195312,19.06999969482422,69609344192469.24,69609344192469.24,"[0.0, 69.60936326246994, -19.06999969482422, -1.0]",lexicographic,25,0.0,"[0.0, 69.60936326246994, -19.06999969482422, -1.0]","[""ranking_0"", ""ranking_1"", ""ranking_2"", ""ranking_3""]",2859,1,0,1
2026-05-09T11:53:40Z,112,26,0,1,0,69.30643228384164,69.23076923076923,69.30643228384164,924.325439453125,22.209999084472656,69306410073841.555,69306410073841.555,"[0.0, 69.30643228384164, -22.209999084472656, -1.0]",lexicographic,26,0.0,"[0.0, 69.30643228384164, -22.209999084472656, -1.0]","[""ranking_0"", ""ranking_1"", ""ranking_2"", ""ranking_3""]",3325,1,0,1
2026-05-09T11:53:40Z,112,27,0,1,0,48.12115400265425,46.15384615384615,48.12115400265425,686.4805908203125,14.930000305175781,48121139072652.945,48121139072652.945,"[0.0, 48.12115400265425, -14.930000305175781, -1.0]",lexicographic,27,0.0,"[0.0, 48.12115400265425, -14.930000305175781, -1.0]","[""ranking_0"", ""ranking_1"", ""ranking_2"", ""ranking_3""]",2237,1,0,1
2026-05-09T11:53:40Z,112,28,0,1,0,47.830356695713135,46.15384615384615,47.830356695713135,687.3538818359375,18.239999771118164,47830338455712.36,47830338455712.36,"[0.0, 47.830356695713135, -18.239999771118164, -1.0]",lexicographic,28,0.0,"[0.0, 47.830356695713135, -18.239999771118164, -1.0]","[""ranking_0"", ""ranking_1"", ""ranking_2"", ""ranking_3""]",2735,1,0,1
2026-05-09T11:53:40Z,112,29,0,1,0,47.44110596485627,46.15384615384615,47.44110596485627,686.4007568359375,14.130000114440918,47441091834855.16,47441091834855.16,"[0.0, 47.44110596485627, -14.130000114440918, -1.0]",lexicographic,29,0.0,"[0.0, 47.44110596485627, -14.130000114440918, -1.0]","[""ranking_0"", ""ranking_1"", ""ranking_2"", ""ranking_3""]",2117,1,0,1
2026-05-09T11:53:40Z,112,30,0,1,0,46.34141188401442,46.15384615384615,46.34141188401442,674.0394897460938,14.529999732971191,46341397354013.69,46341397354013.69,"[0.0, 46.34141188401442, -14.529999732971191, -1.0]",lexicographic,30,0.0,"[0.0, 46.34141188401442, -14.529999732971191, -1.0]","[""ranking_0"", ""ranking_1"", ""ranking_2"", ""ranking_3""]",2174,1,0,1
2026-05-09T11:53:40Z,112,31,0,1,0,42.30769230769231,41.02564102564102,42.30769230769231,620.65576171875,13.3100004196167,42307678997690.88,42307678997690.88,"[0.0, 42.30769230769231, -13.3100004196167, -1.0]",lexicographic,31,0.0,"[0.0, 42.30769230769231, -13.3100004196167, -1.0]","[""ranking_0"", ""ranking_1"", ""ranking_2"", ""ranking_3""]",1995,1,0,1
2026-05-09T11:53:40Z,112,32,0,1,0,41.02564102564102,38.46153846153847,41.02564102564102,591.0096435546875,13.710000038146973,41025627315639.984,41025627315639.984,"[0.0, 41.02564102564102, -13.710000038146973, -1.0]",lexicographic,32,0.0,"[0.0, 41.02564102564102, -13.710000038146973, -1.0]","[""ranking_0"", ""ranking_1"", ""ranking_2"", ""ranking_3""]",2055,1,0,1
2026-05-09T11:53:40Z,112,33,0,1,0,40.81854446644703,38.46153846153847,40.81854446644703,616.5223999023438,15.300000190734863,40818529166445.84,40818529166445.84,"[0.0, 40.81854446644703, -15.300000190734863, -1.0]",lexicographic,33,0.0,"[0.0, 40.81854446644703, -15.300000190734863, -1.0]","[""ranking_0"", ""ranking_1"", ""ranking_2"", ""ranking_3""]",2293,1,0,1
2026-05-09T11:53:40Z,112,34,0,1,0,39.442786192282654,38.46153846153847,39.442786192282654,580.5095825195312,12.619999885559082,39442773572281.77,39442773572281.77,"[0.0, 39.442786192282654, -12.619999885559082, -1.0]",lexicographic,34,0.0,"[0.0, 39.442786192282654, -12.619999885559082, -1.0]","[""ranking_0"", ""ranking_1"", ""ranking_2"", ""ranking_3""]",1890,1,0,1
2026-05-09T11:53:40Z,112,35,0,1,0,39.28041213598007,38.46153846153847,39.28041213598007,577.6806030273438,13.0600004196167,39280399075978.65,39280399075978.65,"[0.0, 39.28041213598007, -13.0600004196167, -1.0]",lexicographic,35,0.0,"[0.0, 39.28041213598007, -13.0600004196167, -1.0]","[""ranking_0"", ""ranking_1"", ""ranking_2"", ""ranking_3""]",1957,1,0,1
2026-05-09T11:53:40Z,112,36,0,1,0,35.8974358974359,33.33333333333333,35.8974358974359,519.7863159179688,13.670000076293945,35897422227434.82,35897422227434.82,"[0.0, 35.8974358974359, -13.670000076293945, -1.0]",lexicographic,36,0.0,"[0.0, 35.8974358974359, -13.670000076293945, -1.0]","[""ranking_0"", ""ranking_1"", ""ranking_2"", ""ranking_3""]",2049,1,0,1
2026-05-09T11:53:40Z,112,37,0,1,0,35.726923667300106,33.33333333333333,35.726923667300106,503.51190185546875,12.9399995803833,35726910727299.53,35726910727299.53,"[0.0, 35.726923667300106, -12.9399995803833, -1.0]",lexicographic,37,0.0,"[0.0, 35.726923667300106, -12.9399995803833, -1.0]","[""ranking_0"", ""ranking_1"", ""ranking_2"", ""ranking_3""]",1939,1,0,1
2026-05-09T11:53:40Z,112,38,0,1,0,20.458216544909355,17.94871794871795,20.458216544909355,213.53778076171875,8.859999656677246,20458207684908.7,20458207684908.7,"[0.0, 20.458216544909355, -8.859999656677246, -1.0]",lexicographic,38,0.0,"[0.0, 20.458216544909355, -8.859999656677246, -1.0]","[""ranking_0"", ""ranking_1"", ""ranking_2"", ""ranking_3""]",1327,1,0,1
2026-05-09T11:53:40Z,112,39,0,1,0,17.9013488675975,15.384615384615385,17.9013488675975,182.87396240234375,6.690000057220459,17901342177596.44,17901342177596.44,"[0.0, 17.9013488675975, -6.690000057220459, -1.0]",lexicographic,39,0.0,"[0.0, 17.9013488675975, -6.690000057220459, -1.0]","[""ranking_0"", ""ranking_1"", ""ranking_2"", ""ranking_3""]",1001,1,0,1
2026-05-09T11:53:40Z,112,40,0,1,0,12.905629475911459,12.82051282051282,12.905629475911459,126.90060424804688,4.920000076293945,12905624555910.383,12905624555910.383,"[0.0, 12.905629475911459, -4.920000076293945, -1.0]",lexicographic,40,0.0,"[0.0, 12.905629475911459, -4.920000076293945, -1.0]","[""ranking_0"", ""ranking_1"", ""ranking_2"", ""ranking_3""]",737,1,0,1
2026-05-09T11:53:40Z,112,41,0,1,0,12.42684584397536,10.256410256410255,12.42684584397536,121.85039520263672,5.489999771118164,12426840353974.59,12426840353974.59,"[0.0, 12.42684584397536, -5.489999771118164, -1.0]",lexicographic,41,0.0,"[0.0, 12.42684584397536, -5.489999771118164, -1.0]","[""ranking_0"", ""ranking_1"", ""ranking_2"", ""ranking_3""]",823,1,0,1
2026-05-09T11:53:40Z,112,42,0,1,0,10.981095142853565,10.256410256410255,10.981095142853565,103.6077880859375,5.800000190734863,10981089342852.373,10981089342852.373,"[0.0, 10.981095142853565, -5.800000190734863, -1.0]",lexicographic,42,0.0,"[0.0, 10.981095142853565, -5.800000190734863, -1.0]","[""ranking_0"", ""ranking_1"", ""ranking_2"", ""ranking_3""]",868,1,0,1
2026-05-09T11:53:40Z,112,43,0,1,0,5.321311950683594,5.128205128205128,5.321311950683594,52.711910247802734,4.039999961853027,5321307910682.632,5321307910682.632,"[0.0, 5.321311950683594, -4.039999961853027, -1.0]",lexicographic,43,0.0,"[0.0, 5.321311950683594, -4.039999961853027, -1.0]","[""ranking_0"", ""ranking_1"", ""ranking_2"", ""ranking_3""]",605,1,0,1
2026-05-09T11:53:40Z,112,44,0,1,0,4.852495438013321,2.564102564102564,4.852495438013321,46.415775299072266,2.7100000381469727,4852492728012.283,4852492728012.283,"[0.0, 4.852495438013321, -2.7100000381469727, -1.0]",lexicographic,44,0.0,"[0.0, 4.852495438013321, -2.7100000381469727, -1.0]","[""ranking_0"", ""ranking_1"", ""ranking_2"", ""ranking_3""]",406,1,0,1
2026-05-09T11:53:40Z,112,45,0,1,0,4.702954414563301,2.564102564102564,4.702954414563301,44.7969970703125,2.5399999618530273,4702951874562.339,4702951874562.339,"[0.0, 4.702954414563301, -2.5399999618530273, -1.0]",lexicographic,45,0.0,"[0.0, 4.702954414563301, -2.5399999618530273, -1.0]","[""ranking_0"", ""ranking_1"", ""ranking_2"", ""ranking_3""]",379,1,0,1
2026-05-09T11:53:40Z,112,46,0,1,0,1.5441649999373999,0.0,1.5441649999373999,3.300736665725708,2.009999990463257,1544162989936.4094,1544162989936.4094,"[0.0, 1.5441649999373999, -2.009999990463257, -1.0]",lexicographic,46,0.0,"[0.0, 1.5441649999373999, -2.009999990463257, -1.0]","[""ranking_0"", ""ranking_1"", ""ranking_2"", ""ranking_3""]",300,1,0,1
2026-05-09T11:53:40Z,112,47,0,1,0,1.3611377813877203,0.0,1.3611377813877203,1.0193666219711304,2.009999990463257,1361135771386.73,1361135771386.73,"[0.0, 1.3611377813877203, -2.009999990463257, -1.0]",lexicographic,47,0.0,"[0.0, 1.3611377813877203, -2.009999990463257, -1.0]","[""ranking_0"", ""ranking_1"", ""ranking_2"", ""ranking_3""]",300,1,0,1
2026-05-09T12:14:11Z,113,0,1,0,0,100.0,100.0,100.0,1425.610595703125,28.18000030517578,1.00009999997182e+18,1.00009999997182e+18,"[1.0, 100.0, -28.18000030517578, -0.0]",lexicographic,0,0.0,"[1.0, 100.0, -28.18000030517578, -0.0]","[""ranking_0"", ""ranking_1"", ""ranking_2"", ""ranking_3""]",4225,1,0,1
2026-05-09T12:14:11Z,113,1,1,0,0,100.0,100.0,100.0,1346.6190185546875,29.1200008392334,1.00009999997088e+18,1.00009999997088e+18,"[1.0, 100.0, -29.1200008392334, -0.0]",lexicographic,1,0.0,"[1.0, 100.0, -29.1200008392334, -0.0]","[""ranking_0"", ""ranking_1"", ""ranking_2"", ""ranking_3""]",4365,1,0,1
2026-05-09T12:14:11Z,113,2,1,0,0,100.0,100.0,100.0,1365.7744140625,29.190000534057617,1.00009999997081e+18,1.00009999997081e+18,"[1.0, 100.0, -29.190000534057617, -0.0]",lexicographic,2,0.0,"[1.0, 100.0, -29.190000534057617, -0.0]","[""ranking_0"", ""ranking_1"", ""ranking_2"", ""ranking_3""]",4376,1,0,1
2026-05-09T12:14:11Z,113,3,1,0,0,100.0,100.0,100.0,1360.3626708984375,29.290000915527344,1.00009999997071e+18,1.00009999997071e+18,"[1.0, 100.0, -29.290000915527344, -0.0]",lexicographic,3,0.0,"[1.0, 100.0, -29.290000915527344, -0.0]","[""ranking_0"", ""ranking_1"", ""ranking_2"", ""ranking_3""]",4377,1,0,1
2026-05-09T12:14:11Z,113,4,1,0,0,100.0,100.0,100.0,1384.38134765625,30.049999237060547,1.00009999996995e+18,1.00009999996995e+18,"[1.0, 100.0, -30.049999237060547, -0.0]",lexicographic,4,0.0,"[1.0, 100.0, -30.049999237060547, -0.0]","[""ranking_0"", ""ranking_1"", ""ranking_2"", ""ranking_3""]",4493,1,0,1
2026-05-09T12:14:11Z,113,5,1,0,0,100.0,100.0,100.0,1353.869140625,30.520000457763672,1.00009999996948e+18,1.00009999996948e+18,"[1.0, 100.0, -30.520000457763672, -0.0]",lexicographic,5,0.0,"[1.0, 100.0, -30.520000457763672, -0.0]","[""ranking_0"", ""ranking_1"", ""ranking_2"", ""ranking_3""]",4577,1,0,1
2026-05-09T12:14:11Z,113,6,1,0,0,100.0,100.0,100.0,1388.5765380859375,30.540000915527344,1.00009999996946e+18,1.00009999996946e+18,"[1.0, 100.0, -30.540000915527344, -0.0]",lexicographic,6,0.0,"[1.0, 100.0, -30.540000915527344, -0.0]","[""ranking_0"", ""ranking_1"", ""ranking_2"", ""ranking_3""]",4578,1,0,1
2026-05-09T12:14:11Z,113,7,1,0,0,100.0,100.0,100.0,1360.2255859375,30.899999618530273,1.0000999999691e+18,1.0000999999691e+18,"[1.0, 100.0, -30.899999618530273, -0.0]",lexicographic,7,0.0,"[1.0, 100.0, -30.899999618530273, -0.0]","[""ranking_0"", ""ranking_1"", ""ranking_2"", ""ranking_3""]",4632,1,0,1
2026-05-09T12:14:11Z,113,8,1,0,0,100.0,100.0,100.0,1364.4210205078125,30.90999984741211,1.00009999996909e+18,1.00009999996909e+18,"[1.0, 100.0, -30.90999984741211, -0.0]",lexicographic,8,0.0,"[1.0, 100.0, -30.90999984741211, -0.0]","[""ranking_0"", ""ranking_1"", ""ranking_2"", ""ranking_3""]",4635,1,0,1
2026-05-09T12:14:11Z,113,9,1,0,0,100.0,100.0,100.0,1346.1519775390625,31.31999969482422,1.0000999999686801e+18,1.0000999999686801e+18,"[1.0, 100.0, -31.31999969482422, -0.0]",lexicographic,9,0.0,"[1.0, 100.0, -31.31999969482422, -0.0]","[""ranking_0"", ""ranking_1"", ""ranking_2"", ""ranking_3""]",4689,1,0,1
2026-05-09T12:14:11Z,113,10,1,0,0,100.0,100.0,100.0,1351.197509765625,31.65999984741211,1.00009999996834e+18,1.00009999996834e+18,"[1.0, 100.0, -31.65999984741211, -0.0]",lexicographic,10,0.0,"[1.0, 100.0, -31.65999984741211, -0.0]","[""ranking_0"", ""ranking_1"", ""ranking_2"", ""ranking_3""]",4746,1,0,1
2026-05-09T12:14:11Z,113,11,1,0,0,100.0,100.0,100.0,1337.0924072265625,31.75,1.00009999996825e+18,1.00009999996825e+18,"[1.0, 100.0, -31.75, -0.0]",lexicographic,11,0.0,"[1.0, 100.0, -31.75, -0.0]","[""ranking_0"", ""ranking_1"", ""ranking_2"", ""ranking_3""]",4761,1,0,1
2026-05-09T12:14:11Z,113,12,1,0,0,100.0,100.0,100.0,1364.960693359375,32.16999816894531,1.00009999996783e+18,1.00009999996783e+18,"[1.0, 100.0, -32.16999816894531, -0.0]",lexicographic,12,0.0,"[1.0, 100.0, -32.16999816894531, -0.0]","[""ranking_0"", ""ranking_1"", ""ranking_2"", ""ranking_3""]",4822,1,0,1
2026-05-09T12:14:11Z,113,13,1,0,0,100.0,100.0,100.0,1350.7281494140625,32.400001525878906,1.0000999999676e+18,1.0000999999676e+18,"[1.0, 100.0, -32.400001525878906, -0.0]",lexicographic,13,0.0,"[1.0, 100.0, -32.400001525878906, -0.0]","[""ranking_0"", ""ranking_1"", ""ranking_2"", ""ranking_3""]",4856,1,0,1
2026-05-09T12:14:11Z,113,14,1,0,0,100.0,100.0,100.0,1324.8231201171875,32.560001373291016,1.00009999996744e+18,1.00009999996744e+18,"[1.0, 100.0, -32.560001373291016, -0.0]",lexicographic,14,0.0,"[1.0, 100.0, -32.560001373291016, -0.0]","[""ranking_0"", ""ranking_1"", ""ranking_2"", ""ranking_3""]",4882,1,0,1
2026-05-09T12:14:11Z,113,15,1,0,0,100.0,100.0,100.0,1365.143798828125,33.31999969482422,1.00009999996668e+18,1.00009999996668e+18,"[1.0, 100.0, -33.31999969482422, -0.0]",lexicographic,15,0.0,"[1.0, 100.0, -33.31999969482422, -0.0]","[""ranking_0"", ""ranking_1"", ""ranking_2"", ""ranking_3""]",4994,1,0,1
2026-05-09T12:14:11Z,113,16,1,0,0,100.0,100.0,100.0,1341.974853515625,33.54999923706055,1.00009999996645e+18,1.00009999996645e+18,"[1.0, 100.0, -33.54999923706055, -0.0]",lexicographic,16,0.0,"[1.0, 100.0, -33.54999923706055, -0.0]","[""ranking_0"", ""ranking_1"", ""ranking_2"", ""ranking_3""]",5029,1,0,1
2026-05-09T12:14:11Z,113,17,1,0,0,100.0,100.0,100.0,1365.1424560546875,36.189998626708984,1.00009999996381e+18,1.00009999996381e+18,"[1.0, 100.0, -36.189998626708984, -0.0]",lexicographic,17,0.0,"[1.0, 100.0, -36.189998626708984, -0.0]","[""ranking_0"", ""ranking_1"", ""ranking_2"", ""ranking_3""]",5426,1,0,1
2026-05-09T12:14:11Z,113,18,1,0,0,100.0,100.0,100.0,1354.976318359375,38.029998779296875,1.00009999996197e+18,1.00009999996197e+18,"[1.0, 100.0, -38.029998779296875, -0.0]",lexicographic,18,0.0,"[1.0, 100.0, -38.029998779296875, -0.0]","[""ranking_0"", ""ranking_1"", ""ranking_2"", ""ranking_3""]",5702,1,0,1
2026-05-09T12:14:11Z,113,19,1,0,0,100.0,100.0,100.0,1317.887451171875,41.5099983215332,1.00009999995849e+18,1.00009999995849e+18,"[1.0, 100.0, -41.5099983215332, -0.0]",lexicographic,19,0.0,"[1.0, 100.0, -41.5099983215332, -0.0]","[""ranking_0"", ""ranking_1"", ""ranking_2"", ""ranking_3""]",6224,1,0,1
2026-05-09T12:14:11Z,113,20,1,0,0,100.0,100.0,100.0,1317.08154296875,43.849998474121094,1.00009999995615e+18,1.00009999995615e+18,"[1.0, 100.0, -43.849998474121094, -0.0]",lexicographic,20,0.0,"[1.0, 100.0, -43.849998474121094, -0.0]","[""ranking_0"", ""ranking_1"", ""ranking_2"", ""ranking_3""]",6572,1,0,1
2026-05-09T12:14:11Z,113,21,0,1,0,96.80809319624456,94.87179487179486,96.80809319624456,1284.4300537109375,32.630001068115234,96808060566242.5,96808060566242.5,"[0.0, 96.80809319624456, -32.630001068115234, -1.0]",lexicographic,21,0.0,"[0.0, 96.80809319624456, -32.630001068115234, -1.0]","[""ranking_0"", ""ranking_1"", ""ranking_2"", ""ranking_3""]",4886,1,0,1
2026-05-09T12:14:11Z,113,22,0,1,0,87.17948717948718,84.61538461538461,87.17948717948718,1143.5504150390625,26.809999465942383,87179460369486.72,87179460369486.72,"[0.0, 87.17948717948718, -26.809999465942383, -1.0]",lexicographic,22,0.0,"[0.0, 87.17948717948718, -26.809999465942383, -1.0]","[""ranking_0"", ""ranking_1"", ""ranking_2"", ""ranking_3""]",4019,1,0,1
2026-05-09T12:14:11Z,113,23,0,1,0,87.04318003477673,84.61538461538461,87.04318003477673,1155.515869140625,30.040000915527344,87043149994774.8,87043149994774.8,"[0.0, 87.04318003477673, -30.040000915527344, -1.0]",lexicographic,23,0.0,"[0.0, 87.04318003477673, -30.040000915527344, -1.0]","[""ranking_0"", ""ranking_1"", ""ranking_2"", ""ranking_3""]",4504,1,0,1
2026-05-09T12:14:11Z,113,24,0,1,0,86.31875222161483,84.61538461538461,86.31875222161483,1190.4208984375,26.549999237060547,86318725671614.6,86318725671614.6,"[0.0, 86.31875222161483, -26.549999237060547, -1.0]",lexicographic,24,0.0,"[0.0, 86.31875222161483, -26.549999237060547, -1.0]","[""ranking_0"", ""ranking_1"", ""ranking_2"", ""ranking_3""]",3981,1,0,1
2026-05-09T12:14:11Z,113,25,0,1,0,86.23352135159232,84.61538461538461,86.23352135159232,1180.763916015625,24.31999969482422,86233497031591.62,86233497031591.62,"[0.0, 86.23352135159232, -24.31999969482422, -1.0]",lexicographic,25,0.0,"[0.0, 86.23352135159232, -24.31999969482422, -1.0]","[""ranking_0"", ""ranking_1"", ""ranking_2"", ""ranking_3""]",3647,1,0,1
2026-05-09T12:14:11Z,113,26,0,1,0,79.48717948717949,76.92307692307693,79.48717948717949,1051.2913818359375,22.899999618530273,79487156587178.86,79487156587178.86,"[0.0, 79.48717948717949, -22.899999618530273, -1.0]",lexicographic,26,0.0,"[0.0, 79.48717948717949, -22.899999618530273, -1.0]","[""ranking_0"", ""ranking_1"", ""ranking_2"", ""ranking_3""]",3433,1,0,1
2026-05-09T12:14:11Z,113,27,0,1,0,79.48717948717949,76.92307692307693,79.48717948717949,1078.22412109375,23.209999084472656,79487156277179.4,79487156277179.4,"[0.0, 79.48717948717949, -23.209999084472656, -1.0]",lexicographic,27,0.0,"[0.0, 79.48717948717949, -23.209999084472656, -1.0]","[""ranking_0"", ""ranking_1"", ""ranking_2"", ""ranking_3""]",3480,1,0,1
2026-05-09T12:14:11Z,113,28,0,1,0,77.73550962790465,76.92307692307693,77.73550962790465,1030.5164794921875,22.920000076293945,77735486707903.56,77735486707903.56,"[0.0, 77.73550962790465, -22.920000076293945, -1.0]",lexicographic,28,0.0,"[0.0, 77.73550962790465, -22.920000076293945, -1.0]","[""ranking_0"", ""ranking_1"", ""ranking_2"", ""ranking_3""]",3437,1,0,1
2026-05-09T12:14:11Z,113,29,0,1,0,74.35897435897436,71.7948717948718,74.35897435897436,986.9759521484375,22.25,74358952108973.36,74358952108973.36,"[0.0, 74.35897435897436, -22.25, -1.0]",lexicographic,29,0.0,"[0.0, 74.35897435897436, -22.25, -1.0]","[""ranking_0"", ""ranking_1"", ""ranking_2"", ""ranking_3""]",3337,1,0,1
2026-05-09T12:14:11Z,113,30,0,1,0,69.29062574337689,69.23076923076923,69.29062574337689,913.5289916992188,21.1299991607666,69290604613376.73,69290604613376.73,"[0.0, 69.29062574337689, -21.1299991607666, -1.0]",lexicographic,30,0.0,"[0.0, 69.29062574337689, -21.1299991607666, -1.0]","[""ranking_0"", ""ranking_1"", ""ranking_2"", ""ranking_3""]",3166,1,0,1
2026-05-09T12:14:11Z,113,31,0,1,0,64.1025641025641,61.53846153846154,64.1025641025641,894.9876708984375,18.93000030517578,64102545172562.8,64102545172562.8,"[0.0, 64.1025641025641, -18.93000030517578, -1.0]",lexicographic,31,0.0,"[0.0, 64.1025641025641, -18.93000030517578, -1.0]","[""ranking_0"", ""ranking_1"", ""ranking_2"", ""ranking_3""]",2836,1,0,1
2026-05-09T12:14:11Z,113,32,0,1,0,48.8898203923152,48.717948717948715,48.8898203923152,737.6422119140625,15.180000305175781,48889805212313.9,48889805212313.9,"[0.0, 48.8898203923152, -15.180000305175781, -1.0]",lexicographic,32,0.0,"[0.0, 48.8898203923152, -15.180000305175781, -1.0]","[""ranking_0"", ""ranking_1"", ""ranking_2"", ""ranking_3""]",2276,1,0,1
2026-05-09T12:14:11Z,113,33,0,1,0,48.83900666848207,48.717948717948715,48.83900666848207,691.6827392578125,15.390000343322754,48838991278480.73,48838991278480.73,"[0.0, 48.83900666848207, -15.390000343322754, -1.0]",lexicographic,33,0.0,"[0.0, 48.83900666848207, -15.390000343322754, -1.0]","[""ranking_0"", ""ranking_1"", ""ranking_2"", ""ranking_3""]",2307,1,0,1
2026-05-09T12:14:11Z,113,34,0,1,0,46.33065248147035,46.15384615384615,46.33065248147035,672.4197387695312,15.609999656677246,46330636871469.695,46330636871469.695,"[0.0, 46.33065248147035, -15.609999656677246, -1.0]",lexicographic,34,0.0,"[0.0, 46.33065248147035, -15.609999656677246, -1.0]","[""ranking_0"", ""ranking_1"", ""ranking_2"", ""ranking_3""]",2340,1,0,1
2026-05-09T12:14:11Z,113,35,0,1,0,46.24766814403045,46.15384615384615,46.24766814403045,667.1129760742188,15.300000190734863,46247652844029.26,46247652844029.26,"[0.0, 46.24766814403045, -15.300000190734863, -1.0]",lexicographic,35,0.0,"[0.0, 46.24766814403045, -15.300000190734863, -1.0]","[""ranking_0"", ""ranking_1"", ""ranking_2"", ""ranking_3""]",2294,1,0,1
2026-05-09T12:14:11Z,113,36,0,1,0,42.152125047773325,41.02564102564102,42.152125047773325,629.4505615234375,15.0600004196167,42152109987771.91,42152109987771.91,"[0.0, 42.152125047773325, -15.0600004196167, -1.0]",lexicographic,36,0.0,"[0.0, 42.152125047773325, -15.0600004196167, -1.0]","[""ranking_0"", ""ranking_1"", ""ranking_2"", ""ranking_3""]",2258,1,0,1
2026-05-09T12:14:11Z,113,37,0,1,0,41.90007046721414,41.02564102564102,41.90007046721414,608.072998046875,12.449999809265137,41900058017213.33,41900058017213.33,"[0.0, 41.90007046721414, -12.449999809265137, -1.0]",lexicographic,37,0.0,"[0.0, 41.90007046721414, -12.449999809265137, -1.0]","[""ranking_0"", ""ranking_1"", ""ranking_2"", ""ranking_3""]",1866,1,0,1
2026-05-09T12:14:11Z,113,38,0,1,0,41.02564102564102,38.46153846153847,41.02564102564102,592.4352416992188,11.920000076293945,41025629105639.945,41025629105639.945,"[0.0, 41.02564102564102, -11.920000076293945, -1.0]",lexicographic,38,0.0,"[0.0, 41.02564102564102, -11.920000076293945, -1.0]","[""ranking_0"", ""ranking_1"", ""ranking_2"", ""ranking_3""]",1787,1,0,1
2026-05-09T12:14:11Z,113,39,0,1,0,41.02564102564102,38.46153846153847,41.02564102564102,616.83154296875,16.020000457763672,41025625005639.56,41025625005639.56,"[0.0, 41.02564102564102, -16.020000457763672, -1.0]",lexicographic,39,0.0,"[0.0, 41.02564102564102, -16.020000457763672, -1.0]","[""ranking_0"", ""ranking_1"", ""ranking_2"", ""ranking_3""]",2401,1,0,1
2026-05-09T12:14:11Z,113,40,0,1,0,41.02564102564102,38.46153846153847,41.02564102564102,599.2547607421875,17.579999923706055,41025623445640.1,41025623445640.1,"[0.0, 41.02564102564102, -17.579999923706055, -1.0]",lexicographic,40,0.0,"[0.0, 41.02564102564102, -17.579999923706055, -1.0]","[""ranking_0"", ""ranking_1"", ""ranking_2"", ""ranking_3""]",2631,1,0,1
2026-05-09T12:14:11Z,113,41,0,1,0,40.89591829935639,38.46153846153847,40.89591829935639,608.2821044921875,13.890000343322754,40895904409355.05,40895904409355.05,"[0.0, 40.89591829935639, -13.890000343322754, -1.0]",lexicographic,41,0.0,"[0.0, 40.89591829935639, -13.890000343322754, -1.0]","[""ranking_0"", ""ranking_1"", ""ranking_2"", ""ranking_3""]",2082,1,0,1
2026-05-09T12:14:11Z,113,42,0,1,0,30.76923076923077,28.205128205128204,30.76923076923077,426.85101318359375,10.979999542236328,30769219789230.227,30769219789230.227,"[0.0, 30.76923076923077, -10.979999542236328, -1.0]",lexicographic,42,0.0,"[0.0, 30.76923076923077, -10.979999542236328, -1.0]","[""ranking_0"", ""ranking_1"", ""ranking_2"", ""ranking_3""]",1645,1,0,1
2026-05-09T12:14:11Z,113,43,0,1,0,30.68572000903033,28.205128205128204,30.68572000903033,400.9000244140625,11.680000305175781,30685708329029.027,30685708329029.027,"[0.0, 30.68572000903033, -11.680000305175781, -1.0]",lexicographic,43,0.0,"[0.0, 30.68572000903033, -11.680000305175781, -1.0]","[""ranking_0"", ""ranking_1"", ""ranking_2"", ""ranking_3""]",1750,1,0,1
2026-05-09T12:14:11Z,113,44,0,1,0,10.665702819824219,10.256410256410255,10.665702819824219,105.65013885498047,7.230000019073486,10665695589823.2,10665695589823.2,"[0.0, 10.665702819824219, -7.230000019073486, -1.0]",lexicographic,44,0.0,"[0.0, 10.665702819824219, -7.230000019073486, -1.0]","[""ranking_0"", ""ranking_1"", ""ranking_2"", ""ranking_3""]",1083,1,0,1
2026-05-09T12:14:11Z,113,45,0,1,0,5.057496290940504,2.564102564102564,5.057496290940504,49.38806915283203,2.680000066757202,5057493610939.4375,5057493610939.4375,"[0.0, 5.057496290940504, -2.680000066757202, -1.0]",lexicographic,45,0.0,"[0.0, 5.057496290940504, -2.680000066757202, -1.0]","[""ranking_0"", ""ranking_1"", ""ranking_2"", ""ranking_3""]",400,1,0,1
2026-05-09T12:14:11Z,113,46,0,1,0,4.263051350911459,2.564102564102564,4.263051350911459,40.99229049682617,2.609999895095825,4263048740910.564,4263048740910.564,"[0.0, 4.263051350911459, -2.609999895095825, -1.0]",lexicographic,46,0.0,"[0.0, 4.263051350911459, -2.609999895095825, -1.0]","[""ranking_0"", ""ranking_1"", ""ranking_2"", ""ranking_3""]",391,1,0,1
2026-05-09T12:14:11Z,113,47,0,1,0,1.2815719995743189,0.0,1.2815719995743189,0.027885902673006058,2.009999990463257,1281569989573.3284,1281569989573.3284,"[0.0, 1.2815719995743189, -2.009999990463257, -1.0]",lexicographic,47,0.0,"[0.0, 1.2815719995743189, -2.009999990463257, -1.0]","[""ranking_0"", ""ranking_1"", ""ranking_2"", ""ranking_3""]",299,1,0,1
2026-05-09T12:33:17Z,114,0,1,0,0,100.0,100.0,100.0,1365.9295654296875,27.709999084472656,1.00009999997229e+18,1.00009999997229e+18,"[1.0, 100.0, -27.709999084472656, -0.0]",lexicographic,0,0.0,"[1.0, 100.0, -27.709999084472656, -0.0]","[""ranking_0"", ""ranking_1"", ""ranking_2"", ""ranking_3""]",4153,1,0,1
2026-05-09T12:33:17Z,114,1,1,0,0,100.0,100.0,100.0,1367.25439453125,27.959999084472656,1.0000999999720401e+18,1.0000999999720401e+18,"[1.0, 100.0, -27.959999084472656, -0.0]",lexicographic,1,0.0,"[1.0, 100.0, -27.959999084472656, -0.0]","[""ranking_0"", ""ranking_1"", ""ranking_2"", ""ranking_3""]",4181,1,0,1
2026-05-09T12:33:17Z,114,2,1,0,0,100.0,100.0,100.0,1361.95751953125,29.200000762939453,1.0000999999708e+18,1.0000999999708e+18,"[1.0, 100.0, -29.200000762939453, -0.0]",lexicographic,2,0.0,"[1.0, 100.0, -29.200000762939453, -0.0]","[""ranking_0"", ""ranking_1"", ""ranking_2"", ""ranking_3""]",4378,1,0,1
2026-05-09T12:33:17Z,114,3,1,0,0,100.0,100.0,100.0,1405.364501953125,29.270000457763672,1.00009999997073e+18,1.00009999997073e+18,"[1.0, 100.0, -29.270000457763672, -0.0]",lexicographic,3,0.0,"[1.0, 100.0, -29.270000457763672, -0.0]","[""ranking_0"", ""ranking_1"", ""ranking_2"", ""ranking_3""]",4389,1,0,1
2026-05-09T12:33:17Z,114,4,1,0,0,100.0,100.0,100.0,1364.8211669921875,29.90999984741211,1.00009999997009e+18,1.00009999997009e+18,"[1.0, 100.0, -29.90999984741211, -0.0]",lexicographic,4,0.0,"[1.0, 100.0, -29.90999984741211, -0.0]","[""ranking_0"", ""ranking_1"", ""ranking_2"", ""ranking_3""]",4479,1,0,1
2026-05-09T12:33:17Z,114,5,1,0,0,100.0,100.0,100.0,1366.8896484375,30.540000915527344,1.00009999996946e+18,1.00009999996946e+18,"[1.0, 100.0, -30.540000915527344, -0.0]",lexicographic,5,0.0,"[1.0, 100.0, -30.540000915527344, -0.0]","[""ranking_0"", ""ranking_1"", ""ranking_2"", ""ranking_3""]",4580,1,0,1
2026-05-09T12:33:17Z,114,6,1,0,0,100.0,100.0,100.0,1339.8699951171875,30.549999237060547,1.00009999996945e+18,1.00009999996945e+18,"[1.0, 100.0, -30.549999237060547, -0.0]",lexicographic,6,0.0,"[1.0, 100.0, -30.549999237060547, -0.0]","[""ranking_0"", ""ranking_1"", ""ranking_2"", ""ranking_3""]",4581,1,0,1
2026-05-09T12:33:17Z,114,7,1,0,0,100.0,100.0,100.0,1374.8466796875,30.700000762939453,1.0000999999693e+18,1.0000999999693e+18,"[1.0, 100.0, -30.700000762939453, -0.0]",lexicographic,7,0.0,"[1.0, 100.0, -30.700000762939453, -0.0]","[""ranking_0"", ""ranking_1"", ""ranking_2"", ""ranking_3""]",4603,1,0,1
2026-05-09T12:33:17Z,114,8,1,0,0,100.0,100.0,100.0,1366.269775390625,31.059999465942383,1.00009999996894e+18,1.00009999996894e+18,"[1.0, 100.0, -31.059999465942383, -0.0]",lexicographic,8,0.0,"[1.0, 100.0, -31.059999465942383, -0.0]","[""ranking_0"", ""ranking_1"", ""ranking_2"", ""ranking_3""]",4658,1,0,1
2026-05-09T12:33:17Z,114,9,1,0,0,100.0,100.0,100.0,1363.1427001953125,31.3799991607666,1.00009999996862e+18,1.00009999996862e+18,"[1.0, 100.0, -31.3799991607666, -0.0]",lexicographic,9,0.0,"[1.0, 100.0, -31.3799991607666, -0.0]","[""ranking_0"", ""ranking_1"", ""ranking_2"", ""ranking_3""]",4704,1,0,1
2026-05-09T12:33:17Z,114,10,1,0,0,100.0,100.0,100.0,1354.6434326171875,31.979999542236328,1.00009999996802e+18,1.00009999996802e+18,"[1.0, 100.0, -31.979999542236328, -0.0]",lexicographic,10,0.0,"[1.0, 100.0, -31.979999542236328, -0.0]","[""ranking_0"", ""ranking_1"", ""ranking_2"", ""ranking_3""]",4793,1,0,1
2026-05-09T12:33:17Z,114,11,1,0,0,100.0,100.0,100.0,1349.6767578125,32.0099983215332,1.00009999996799e+18,1.00009999996799e+18,"[1.0, 100.0, -32.0099983215332, -0.0]",lexicographic,11,0.0,"[1.0, 100.0, -32.0099983215332, -0.0]","[""ranking_0"", ""ranking_1"", ""ranking_2"", ""ranking_3""]",4797,1,0,1
2026-05-09T12:33:17Z,114,12,1,0,0,100.0,100.0,100.0,1333.5361328125,32.689998626708984,1.00009999996731e+18,1.00009999996731e+18,"[1.0, 100.0, -32.689998626708984, -0.0]",lexicographic,12,0.0,"[1.0, 100.0, -32.689998626708984, -0.0]","[""ranking_0"", ""ranking_1"", ""ranking_2"", ""ranking_3""]",4900,1,0,1
2026-05-09T12:33:17Z,114,13,1,0,0,100.0,100.0,100.0,1349.138427734375,33.33000183105469,1.00009999996667e+18,1.00009999996667e+18,"[1.0, 100.0, -33.33000183105469, -0.0]",lexicographic,13,0.0,"[1.0, 100.0, -33.33000183105469, -0.0]","[""ranking_0"", ""ranking_1"", ""ranking_2"", ""ranking_3""]",4998,1,0,1
2026-05-09T12:33:17Z,114,14,1,0,0,100.0,100.0,100.0,1332.0205078125,33.650001525878906,1.00009999996635e+18,1.00009999996635e+18,"[1.0, 100.0, -33.650001525878906, -0.0]",lexicographic,14,0.0,"[1.0, 100.0, -33.650001525878906, -0.0]","[""ranking_0"", ""ranking_1"", ""ranking_2"", ""ranking_3""]",5028,1,0,1
2026-05-09T12:33:17Z,114,15,1,0,0,100.0,100.0,100.0,1366.224365234375,33.91999816894531,1.00009999996608e+18,1.00009999996608e+18,"[1.0, 100.0, -33.91999816894531, -0.0]",lexicographic,15,0.0,"[1.0, 100.0, -33.91999816894531, -0.0]","[""ranking_0"", ""ranking_1"", ""ranking_2"", ""ranking_3""]",5085,1,0,1
2026-05-09T12:33:17Z,114,16,1,0,0,100.0,100.0,100.0,1351.83544921875,34.599998474121094,1.0000999999654e+18,1.0000999999654e+18,"[1.0, 100.0, -34.599998474121094, -0.0]",lexicographic,16,0.0,"[1.0, 100.0, -34.599998474121094, -0.0]","[""ranking_0"", ""ranking_1"", ""ranking_2"", ""ranking_3""]",5188,1,0,1
2026-05-09T12:33:17Z,114,17,1,0,0,100.0,100.0,100.0,1339.4029541015625,34.95000076293945,1.00009999996505e+18,1.00009999996505e+18,"[1.0, 100.0, -34.95000076293945, -0.0]",lexicographic,17,0.0,"[1.0, 100.0, -34.95000076293945, -0.0]","[""ranking_0"", ""ranking_1"", ""ranking_2"", ""ranking_3""]",5236,1,0,1
2026-05-09T12:33:17Z,114,18,1,0,0,100.0,100.0,100.0,1319.4302978515625,36.150001525878906,1.00009999996385e+18,1.00009999996385e+18,"[1.0, 100.0, -36.150001525878906, -0.0]",lexicographic,18,0.0,"[1.0, 100.0, -36.150001525878906, -0.0]","[""ranking_0"", ""ranking_1"", ""ranking_2"", ""ranking_3""]",5421,1,0,1
2026-05-09T12:33:17Z,114,19,1,0,0,100.0,100.0,100.0,1362.1627197265625,36.54999923706055,1.00009999996345e+18,1.00009999996345e+18,"[1.0, 100.0, -36.54999923706055, -0.0]",lexicographic,19,0.0,"[1.0, 100.0, -36.54999923706055, -0.0]","[""ranking_0"", ""ranking_1"", ""ranking_2"", ""ranking_3""]",5481,1,0,1
2026-05-09T12:33:17Z,114,20,0,1,0,96.15384615384616,94.87179487179486,96.15384615384616,1282.7943115234375,31.18000030517578,96153814973844.84,96153814973844.84,"[0.0, 96.15384615384616, -31.18000030517578, -1.0]",lexicographic,20,0.0,"[0.0, 96.15384615384616, -31.18000030517578, -1.0]","[""ranking_0"", ""ranking_1"", ""ranking_2"", ""ranking_3""]",4675,1,0,1
2026-05-09T12:33:17Z,114,21,0,1,0,87.17948717948718,84.61538461538461,87.17948717948718,1184.013671875,24.84000015258789,87179462339486.03,87179462339486.03,"[0.0, 87.17948717948718, -24.84000015258789, -1.0]",lexicographic,21,0.0,"[0.0, 87.17948717948718, -24.84000015258789, -1.0]","[""ranking_0"", ""ranking_1"", ""ranking_2"", ""ranking_3""]",3725,1,0,1
2026-05-09T12:33:17Z,114,22,0,1,0,87.17948717948718,84.61538461538461,87.17948717948718,1141.978271484375,29.809999465942383,87179457369486.72,87179457369486.72,"[0.0, 87.17948717948718, -29.809999465942383, -1.0]",lexicographic,22,0.0,"[0.0, 87.17948717948718, -29.809999465942383, -1.0]","[""ranking_0"", ""ranking_1"", ""ranking_2"", ""ranking_3""]",4442,1,0,1
2026-05-09T12:33:17Z,114,23,0,1,0,87.17948717948718,84.61538461538461,87.17948717948718,1145.0777587890625,31.079999923706055,87179456099486.27,87179456099486.27,"[0.0, 87.17948717948718, -31.079999923706055, -1.0]",lexicographic,23,0.0,"[0.0, 87.17948717948718, -31.079999923706055, -1.0]","[""ranking_0"", ""ranking_1"", ""ranking_2"", ""ranking_3""]",4660,1,0,1
2026-05-09T12:33:17Z,114,24,0,1,0,81.0350858248197,79.48717948717949,81.0350858248197,1079.71044921875,25.6299991607666,81035060194819.55,81035060194819.55,"[0.0, 81.0350858248197, -25.6299991607666, -1.0]",lexicographic,24,0.0,"[0.0, 81.0350858248197, -25.6299991607666, -1.0]","[""ranking_0"", ""ranking_1"", ""ranking_2"", ""ranking_3""]",3843,1,0,1
2026-05-09T12:33:17Z,114,25,0,1,0,79.48717948717949,76.92307692307693,79.48717948717949,1079.9757080078125,22.68000030517578,79487156807178.17,79487156807178.17,"[0.0, 79.48717948717949, -22.68000030517578, -1.0]",lexicographic,25,0.0,"[0.0, 79.48717948717949, -22.68000030517578, -1.0]","[""ranking_0"", ""ranking_1"", ""ranking_2"", ""ranking_3""]",3401,1,0,1
2026-05-09T12:33:17Z,114,26,0,1,0,79.48717948717949,76.92307692307693,79.48717948717949,1052.954833984375,25.790000915527344,79487153697177.56,79487153697177.56,"[0.0, 79.48717948717949, -25.790000915527344, -1.0]",lexicographic,26,0.0,"[0.0, 79.48717948717949, -25.790000915527344, -1.0]","[""ranking_0"", ""ranking_1"", ""ranking_2"", ""ranking_3""]",3866,1,0,1
2026-05-09T12:33:17Z,114,27,0,1,0,78.2051282051282,76.92307692307693,78.2051282051282,1053.0841064453125,21.809999465942383,78205106395127.73,78205106395127.73,"[0.0, 78.2051282051282, -21.809999465942383, -1.0]",lexicographic,27,0.0,"[0.0, 78.2051282051282, -21.809999465942383, -1.0]","[""ranking_0"", ""ranking_1"", ""ranking_2"", ""ranking_3""]",3263,1,0,1
2026-05-09T12:33:17Z,114,28,0,1,0,69.94995704064002,69.23076923076923,69.94995704064002,968.869873046875,23.65999984741211,69949933380639.17,69949933380639.17,"[0.0, 69.94995704064002, -23.65999984741211, -1.0]",lexicographic,28,0.0,"[0.0, 69.94995704064002, -23.65999984741211, -1.0]","[""ranking_0"", ""ranking_1"", ""ranking_2"", ""ranking_3""]",3547,1,0,1
2026-05-09T12:33:17Z,114,29,0,1,0,46.36553250826322,46.15384615384615,46.36553250826322,653.2434692382812,14.5,46365518008262.22,46365518008262.22,"[0.0, 46.36553250826322, -14.5, -1.0]",lexicographic,29,0.0,"[0.0, 46.36553250826322, -14.5, -1.0]","[""ranking_0"", ""ranking_1"", ""ranking_2"", ""ranking_3""]",2174,1,0,1
2026-05-09T12:33:17Z,114,30,0,1,0,42.30769230769231,41.02564102564102,42.30769230769231,614.1778564453125,12.710000038146973,42307679597691.266,42307679597691.266,"[0.0, 42.30769230769231, -12.710000038146973, -1.0]",lexicographic,30,0.0,"[0.0, 42.30769230769231, -12.710000038146973, -1.0]","[""ranking_0"", ""ranking_1"", ""ranking_2"", ""ranking_3""]",1905,1,0,1
2026-05-09T12:33:17Z,114,31,0,1,0,41.949214989403956,41.02564102564102,41.949214989403956,621.3013916015625,14.739999771118164,41949200249403.18,41949200249403.18,"[0.0, 41.949214989403956, -14.739999771118164, -1.0]",lexicographic,31,0.0,"[0.0, 41.949214989403956, -14.739999771118164, -1.0]","[""ranking_0"", ""ranking_1"", ""ranking_2"", ""ranking_3""]",2209,1,0,1
2026-05-09T12:33:17Z,114,32,0,1,0,41.02564102564102,38.46153846153847,41.02564102564102,613.0092163085938,12.869999885559082,41025628155640.14,41025628155640.14,"[0.0, 41.02564102564102, -12.869999885559082, -1.0]",lexicographic,32,0.0,"[0.0, 41.02564102564102, -12.869999885559082, -1.0]","[""ranking_0"", ""ranking_1"", ""ranking_2"", ""ranking_3""]",1928,1,0,1
2026-05-09T12:33:17Z,114,33,0,1,0,41.02564102564102,38.46153846153847,41.02564102564102,592.3546142578125,13.069999694824219,41025627955640.33,41025627955640.33,"[0.0, 41.02564102564102, -13.069999694824219, -1.0]",lexicographic,33,0.0,"[0.0, 41.02564102564102, -13.069999694824219, -1.0]","[""ranking_0"", ""ranking_1"", ""ranking_2"", ""ranking_3""]",1959,1,0,1
2026-05-09T12:33:17Z,114,34,0,1,0,41.02564102564102,38.46153846153847,41.02564102564102,604.5267944335938,13.130000114440918,41025627895639.91,41025627895639.91,"[0.0, 41.02564102564102, -13.130000114440918, -1.0]",lexicographic,34,0.0,"[0.0, 41.02564102564102, -13.130000114440918, -1.0]","[""ranking_0"", ""ranking_1"", ""ranking_2"", ""ranking_3""]",1968,1,0,1
2026-05-09T12:33:17Z,114,35,0,1,0,40.90550097974397,38.46153846153847,40.90550097974397,592.2393188476562,12.640000343322754,40905488339742.625,40905488339742.625,"[0.0, 40.90550097974397, -12.640000343322754, -1.0]",lexicographic,35,0.0,"[0.0, 40.90550097974397, -12.640000343322754, -1.0]","[""ranking_0"", ""ranking_1"", ""ranking_2"", ""ranking_3""]",1894,1,0,1
2026-05-09T12:33:17Z,114,36,0,1,0,40.195075430345824,38.46153846153847,40.195075430345824,581.6685180664062,12.5,40195062930344.82,40195062930344.82,"[0.0, 40.195075430345824, -12.5, -1.0]",lexicographic,36,0.0,"[0.0, 40.195075430345824, -12.5, -1.0]","[""ranking_0"", ""ranking_1"", ""ranking_2"", ""ranking_3""]",1873,1,0,1
2026-05-09T12:33:17Z,114,37,0,1,0,39.68454018617288,38.46153846153847,39.68454018617288,576.4159545898438,13.199999809265137,39684526986172.07,39684526986172.07,"[0.0, 39.68454018617288, -13.199999809265137, -1.0]",lexicographic,37,0.0,"[0.0, 39.68454018617288, -13.199999809265137, -1.0]","[""ranking_0"", ""ranking_1"", ""ranking_2"", ""ranking_3""]",1978,1,0,1
2026-05-09T12:33:17Z,114,38,0,1,0,36.64638098659332,35.8974358974359,36.64638098659332,543.6895141601562,12.880000114440918,36646368106592.2,36646368106592.2,"[0.0, 36.64638098659332, -12.880000114440918, -1.0]",lexicographic,38,0.0,"[0.0, 36.64638098659332, -12.880000114440918, -1.0]","[""ranking_0"", ""ranking_1"", ""ranking_2"", ""ranking_3""]",1930,1,0,1
2026-05-09T12:33:17Z,114,39,0,1,0,35.8974358974359,33.33333333333333,35.8974358974359,520.34814453125,13.8100004196167,35897422087434.48,35897422087434.48,"[0.0, 35.8974358974359, -13.8100004196167, -1.0]",lexicographic,39,0.0,"[0.0, 35.8974358974359, -13.8100004196167, -1.0]","[""ranking_0"", ""ranking_1"", ""ranking_2"", ""ranking_3""]",2070,1,0,1
2026-05-09T12:33:17Z,114,40,0,1,0,25.64102564102564,23.076923076923077,25.64102564102564,283.8803405761719,8.40999984741211,25641017231024.793,25641017231024.793,"[0.0, 25.64102564102564, -8.40999984741211, -1.0]",lexicographic,40,0.0,"[0.0, 25.64102564102564, -8.40999984741211, -1.0]","[""ranking_0"", ""ranking_1"", ""ranking_2"", ""ranking_3""]",1260,1,0,1
2026-05-09T12:33:17Z,114,41,0,1,0,25.64102564102564,23.076923076923077,25.64102564102564,281.2391357421875,8.489999771118164,25641017151024.87,25641017151024.87,"[0.0, 25.64102564102564, -8.489999771118164, -1.0]",lexicographic,41,0.0,"[0.0, 25.64102564102564, -8.489999771118164, -1.0]","[""ranking_0"", ""ranking_1"", ""ranking_2"", ""ranking_3""]",1273,1,0,1
2026-05-09T12:33:17Z,114,42,0,1,0,10.354428413586739,10.256410256410255,10.354428413586739,104.08067321777344,4.46999979019165,10354423943585.947,10354423943585.947,"[0.0, 10.354428413586739, -4.46999979019165, -1.0]",lexicographic,42,0.0,"[0.0, 10.354428413586739, -4.46999979019165, -1.0]","[""ranking_0"", ""ranking_1"", ""ranking_2"", ""ranking_3""]",669,1,0,1
2026-05-09T12:33:17Z,114,43,0,1,0,10.353626349033455,10.256410256410255,10.353626349033455,100.68437194824219,4.019999980926514,10353622329032.475,10353622329032.475,"[0.0, 10.353626349033455, -4.019999980926514, -1.0]",lexicographic,43,0.0,"[0.0, 10.353626349033455, -4.019999980926514, -1.0]","[""ranking_0"", ""ranking_1"", ""ranking_2"", ""ranking_3""]",602,1,0,1
2026-05-09T12:33:17Z,114,44,0,1,0,5.052679012983273,2.564102564102564,5.052679012983273,49.971160888671875,3.0799999237060547,5052675932982.349,5052675932982.349,"[0.0, 5.052679012983273, -3.0799999237060547, -1.0]",lexicographic,44,0.0,"[0.0, 5.052679012983273, -3.0799999237060547, -1.0]","[""ranking_0"", ""ranking_1"", ""ranking_2"", ""ranking_3""]",460,1,0,1
2026-05-09T12:33:17Z,114,45,0,1,0,5.045934823843149,2.564102564102564,5.045934823843149,49.94149398803711,3.4100000858306885,5045931413842.063,5045931413842.063,"[0.0, 5.045934823843149, -3.4100000858306885, -1.0]",lexicographic,45,0.0,"[0.0, 5.045934823843149, -3.4100000858306885, -1.0]","[""ranking_0"", ""ranking_1"", ""ranking_2"", ""ranking_3""]",511,1,0,1
2026-05-09T12:33:17Z,114,46,0,1,0,4.936408996582031,2.564102564102564,4.936408996582031,47.81676483154297,2.630000114440918,4936406366580.917,4936406366580.917,"[0.0, 4.936408996582031, -2.630000114440918, -1.0]",lexicographic,46,0.0,"[0.0, 4.936408996582031, -2.630000114440918, -1.0]","[""ranking_0"", ""ranking_1"", ""ranking_2"", ""ranking_3""]",393,1,0,1
2026-05-09T12:33:17Z,114,47,0,1,0,4.707453801081731,2.564102564102564,4.707453801081731,45.75679016113281,2.7100000381469727,4707451091080.692,4707451091080.692,"[0.0, 4.707453801081731, -2.7100000381469727, -1.0]",lexicographic,47,0.0,"[0.0, 4.707453801081731, -2.7100000381469727, -1.0]","[""ranking_0"", ""ranking_1"", ""ranking_2"", ""ranking_3""]",405,1,0,1
