generation,best_fitness,best_progress,best_dense_progress,best_ranking_progress,best_time,best_finished,best_crashes,best_distance,best_steps,best_reward,best_ranking_key,current_mutation_prob,current_mutation_sigma,cached_evaluations,evaluated_count,rollout_count,mirror_rollout_count,mirror_individual_count,population_size,finish_count,crash_count,timeout_count,terminated_count,truncated_count,virtual_time_sum,cumulative_virtual_time,virtual_steps_sum,cumulative_virtual_steps,generation_wall_seconds,cumulative_wall_seconds,mean_progress,mean_dense_progress,mean_ranking_progress,mean_reward,mean_time,mean_physics_tick_count,mean_physics_hz,mean_physics_delay_norm,progress_min,progress_p10,progress_p25,progress_median,progress_mean,progress_std,progress_p75,progress_p90,progress_max,dense_progress_min,dense_progress_p10,dense_progress_p25,dense_progress_median,dense_progress_mean,dense_progress_std,dense_progress_p75,dense_progress_p90,dense_progress_max,ranking_progress_min,ranking_progress_p10,ranking_progress_p25,ranking_progress_median,ranking_progress_mean,ranking_progress_std,ranking_progress_p75,ranking_progress_p90,ranking_progress_max,time_min,time_p10,time_p25,time_median,time_mean,time_std,time_p75,time_p90,time_max,distance_min,distance_p10,distance_p25,distance_median,distance_mean,distance_std,distance_p75,distance_p90,distance_max,reward_min,reward_p10,reward_p25,reward_median,reward_mean,reward_std,reward_p75,reward_p90,reward_max,fitness_min,fitness_p10,fitness_p25,fitness_median,fitness_mean,fitness_std,fitness_p75,fitness_p90,fitness_max,steps_min,steps_p10,steps_p25,steps_median,steps_mean,steps_std,steps_p75,steps_p90,steps_max,physics_tick_min,physics_tick_p10,physics_tick_p25,physics_tick_median,physics_tick_mean,physics_tick_std,physics_tick_p75,physics_tick_p90,physics_tick_max,physics_hz_min,physics_hz_p10,physics_hz_p25,physics_hz_median,physics_hz_mean,physics_hz_std,physics_hz_p75,physics_hz_p90,physics_hz_max,physics_delay_norm_min,physics_delay_norm_p10,physics_delay_norm_p25,physics_delay_norm_median,physics_delay_norm_mean,physics_delay_norm_std,physics_delay_norm_p75,physics_delay_norm_p90,physics_delay_norm_max
1,8571399331425.571,5.714285714285714,8.571428571428571,8.571428571428571,29.24000000000177,0,3,2226.565349837765,2924,8571399.331425572,"[0.0, 8.571428571428571, -29.24000000000177, -3.0]",0.1,0.25,0,48,48,0,0,48,0,41,7,36,12,602.3600000000222,602.3600000000222,60236,60236,19.612556800013408,19.648128299973905,2.142857142857143,3.193985167003813,3.193985167003813,3193972.617836042,12.549166666667128,1.0,100.0,0.0,0.0,0.0,0.0,0.0,2.142857142857143,2.439750182371333,5.714285714285714,5.714285714285714,5.714285714285714,0.0,0.0,1.883295604160854,1.883730207170759,3.193985167003813,2.546944425040978,5.714285714285714,7.142857142857142,8.571428571428571,0.0,0.0,1.883295604160854,1.883730207170759,3.193985167003813,2.546944425040978,5.714285714285714,7.142857142857142,8.571428571428571,4.669999999999945,5.009999999999938,5.009999999999938,5.714999999999923,12.549166666667128,10.884872115566665,29.4300000000018,30.00000000000189,30.00000000000189,5.134538386773784,5.134598802460824,5.135220599091554,18.436815499622753,349.55672386191844,741.060229079039,293.59913163105375,2246.4774726043456,2313.9139570109546,-30.00000000000189,-30.00000000000189,1883290.5941598539,1883725.1971697588,3193972.617836042,2546943.230150768,5714255.714283715,7142838.791855142,8571399.331425572,-30000000.00000189,-30000000.00000189,1883290594159.854,1883725197169.7588,3193972617836.0425,2546943230150.768,5714255714283.715,7142838791855.143,8571399331425.571,467.0,501.0,501.0,571.5,1254.9166666666667,1088.4872115565815,2943.0,3000.0,3000.0,1.0,1.0,1.0,1.0,1.0,0.0,1.0,1.0,1.0,100.0,100.0,100.0,100.0,100.0,0.0,100.0,100.0,100.0,0.0,0.0,0.0,0.0,0.0,0.0,0.0,0.0,0.0
2,8571419681425.571,5.714285714285714,8.571428571428571,8.571428571428571,8.889999999999855,0,3,247.48989081010222,889,8571419.681425571,"[0.0, 8.571428571428571, -8.889999999999855, -3.0]",0.1,0.25,0,48,48,0,0,48,0,48,0,34,14,796.3500000000328,1398.710000000055,79635,139871,18.7211413999903,38.44064470002195,5.059523809523809,6.613060633341472,6.613060633341472,6613044.042714658,16.59062500000068,1.0,100.0,0.0,0.0,2.857142857142857,5.714285714285714,5.714285714285714,5.059523809523809,1.569217419817151,5.714285714285714,5.714285714285714,5.714285714285714,1.8837084089006695,3.068800789969308,5.714285714285714,7.142857142857142,6.613060633341472,1.7884225114357626,7.646366528102329,8.571428571428571,8.571428571428571,1.8837084089006695,3.068800789969308,5.714285714285714,7.142857142857142,6.613060633341472,1.7884225114357626,7.646366528102329,8.571428571428571,8.571428571428571,4.789999999999942,5.436999999999928,5.729999999999922,11.349999999999802,16.59062500000068,11.035491116970228,30.00000000000189,30.00000000000189,30.00000000000189,5.134548124362482,18.435515217320063,68.1420295031403,108.24683082193587,950.5858916343385,1061.1159475867519,2288.6298404019326,2311.0751934645696,2320.4548492785543,1883703.3988996695,3068795.0669683083,5714255.714283715,7142839.397855142,6613044.042714658,1788418.2703477605,7646354.518099579,8571399.037425572,8571419.681425571,1883703398899.6694,3068795066968.308,5714255714283.715,7142839397855.143,6613044042714.659,1788418270347.7607,7646354518099.579,8571399037425.571,8571419681425.571,479.0,543.7,573.0,1135.0,1659.0625,1103.54911169693,3000.0,3000.0,3000.0,1.0,1.0,1.0,1.0,1.0,0.0,1.0,1.0,1.0,100.0,100.0,100.0,100.0,100.0,0.0,100.0,100.0,100.0,0.0,0.0,0.0,0.0,0.0,0.0,0.0,0.0,0.0
3,8571420191425.571,5.714285714285714,8.571428571428571,8.571428571428571,8.379999999999866,0,3,219.3775555137545,838,8571420.191425571,"[0.0, 8.571428571428571, -8.379999999999866, -3.0]",0.1,0.25,0,48,48,0,0,48,0,48,0,32,16,827.2800000000329,2225.990000000088,82728,222599,18.20702639996307,56.71786949998932,4.880952380952381,6.528821445646739,6.528821445646739,6528804.210644636,17.235000000000685,1.0,100.0,0.0,0.0,2.0000000000000004,5.714285714285714,5.714285714285714,4.880952380952381,1.8404315278262269,5.714285714285714,5.714285714285714,5.714285714285714,1.8819046020507812,2.715188707624163,5.714285714285714,7.142857142857142,6.528821445646739,2.183149277296376,8.571428571428571,8.571428571428571,8.571428571428571,1.8819046020507812,2.715188707624163,5.714285714285714,7.142857142857142,6.528821445646739,2.183149277296376,8.571428571428571,8.571428571428571,8.571428571428571,5.009999999999938,5.499999999999927,8.402499999999865,11.774999999999793,17.235000000000685,10.630195788414214,30.00000000000189,30.00000000000189,30.00000000000189,5.134449401521124,14.445416218286848,103.15069579197188,244.75791101437062,1047.0605043984933,1032.5515967930273,2306.2828463315964,2313.837019936554,2320.987473880872,1881899.5920497812,2715183.200623163,5714255.714283715,7142836.242855143,6528804.210644636,2183145.349361353,8571399.10142632,8571419.660425572,8571420.191425571,1881899592049.7812,2715183200623.163,5714255714283.715,7142836242855.143,6528804210644.636,2183145349361.3533,8571399101426.321,8571419660425.571,8571420191425.571,501.0,550.0,840.25,1177.5,1723.5,1063.0195788413307,3000.0,3000.0,3000.0,1.0,1.0,1.0,1.0,1.0,0.0,1.0,1.0,1.0,100.0,100.0,100.0,100.0,100.0,0.0,100.0,100.0,100.0,0.0,0.0,0.0,0.0,0.0,0.0,0.0,0.0,0.0
4,11428564848568.43,8.571428571428571,11.428571428571429,11.428571428571429,6.579999999999904,0,3,136.0269665569067,658,11428564.84856843,"[0.0, 11.428571428571429, -6.579999999999904, -3.0]",0.1,0.25,0,48,48,0,0,48,0,48,0,25,23,1007.250000000048,3233.240000000136,100725,323324,27.44666070002131,84.23317630001111,5.595238095238095,7.117549805414108,7.117549805414108,7117528.821036753,20.984375000001,1.0,100.0,0.0,0.0,5.714285714285714,5.714285714285714,5.714285714285714,5.595238095238095,1.2986562041232994,5.714285714285714,5.714285714285714,8.571428571428571,1.883730207170759,5.714285714285714,5.714285714285714,7.142857142857142,7.117549805414108,1.747710433743718,8.571428571428571,8.571428571428571,11.428571428571429,1.883730207170759,5.714285714285714,5.714285714285714,7.142857142857142,7.117549805414108,1.747710433743718,8.571428571428571,8.571428571428571,11.428571428571429,5.009999999999938,8.367999999999865,8.60249999999986,28.73000000000169,20.984375000001,10.230062297434667,30.00000000000189,30.00000000000189,30.00000000000189,5.1345790187479,194.37237882670016,231.66011405643076,1942.7155948439613,1388.0914711827847,986.4464919373066,2310.9690725682303,2316.7966344607994,2347.5853234045208,1883725.1971697588,5714255.714283715,5714255.714283715,7142830.197855143,7117528.821036753,1747712.2290684236,8571400.366425572,8571420.154425573,11428564.84856843,1883725197169.7588,5714255714283.715,5714255714283.715,7142830197855.143,7117528821036.755,1747712229068.4233,8571400366425.571,8571420154425.571,11428564848568.43,501.0,836.8,860.25,2873.0,2098.4375,1023.0062297433726,3000.0,3000.0,3000.0,1.0,1.0,1.0,1.0,1.0,0.0,1.0,1.0,1.0,100.0,100.0,100.0,100.0,100.0,0.0,100.0,100.0,100.0,0.0,0.0,0.0,0.0,0.0,0.0,0.0,0.0,0.0
5,11428564848568.43,8.571428571428571,11.428571428571429,11.428571428571429,6.579999999999904,0,3,136.0269665569067,658,11428564.84856843,"[0.0, 11.428571428571429, -6.579999999999904, -3.0]",0.1,0.25,0,48,48,0,0,48,0,48,0,31,17,805.7100000000341,4038.9500000001703,80571,403895,20.390093100024387,104.70861660002265,4.8809523809523805,6.432934829166957,6.432934829166957,6432918.043540041,16.78562500000071,1.0,100.0,0.0,0.0,0.0,5.714285714285714,5.714285714285714,4.8809523809523805,2.099427629589095,5.714285714285714,5.714285714285714,8.571428571428571,1.8826402936662947,1.8837378365652901,5.714285714285714,7.142857142857142,6.432934829166957,2.317853253355154,7.410663877214704,8.571428571428571,11.428571428571429,1.8826402936662947,1.8837378365652901,5.714285714285714,7.142857142857142,6.432934829166957,2.317853253355154,7.410663877214704,8.571428571428571,11.428571428571429,4.279999999999953,5.009999999999938,5.922499999999918,8.449999999999864,16.78562500000071,11.18410551971243,30.00000000000189,30.00000000000189,30.00000000000189,5.134414356900379,5.135401398463728,65.49165957496007,222.55899686645716,914.9200211030326,990.1716567112993,2238.8389229673776,2306.7422779522835,2318.087653722614,1882635.2836652948,1883732.82656429,5714255.714283715,7142827.142855142,6432918.043540041,2317849.4881163607,7410656.384713454,8571420.147425571,11428564.84856843,1882635283665.2947,1883732826564.2903,5714255714283.715,7142827142855.143,6432918043540.039,2317849488116.3604,7410656384713.453,8571420147425.571,11428564848568.43,428.0,501.0,592.25,845.0,1678.5625,1118.410551971152,3000.0,3000.0,3000.0,1.0,1.0,1.0,1.0,1.0,0.0,1.0,1.0,1.0,100.0,100.0,100.0,100.0,100.0,0.0,100.0,100.0,100.0,0.0,0.0,0.0,0.0,0.0,0.0,0.0,0.0,0.0
6,14433674573077.357,14.285714285714285,14.433680943080358,14.433680943080358,6.369999999999909,0,3,126.21066437475383,637,14433674.573077358,"[0.0, 14.433680943080358, -6.369999999999909, -3.0]",0.1,0.25,0,48,48,0,0,48,0,48,0,30,18,841.7600000000348,4880.710000000205,84176,488071,21.78687529999297,126.56739290000405,5.535714285714286,7.246216251736596,7.246216251736596,7246198.715067659,17.53666666666739,1.0,100.0,0.0,0.0,2.857142857142857,5.714285714285714,5.714285714285714,5.535714285714286,2.13540370412525,5.714285714285714,5.714285714285714,14.285714285714285,1.8836103166852678,4.931153433663505,5.714285714285714,7.142857142857142,7.246216251736596,2.3809104346751777,8.571428571428571,8.571428571428571,14.433680943080358,1.8836103166852678,4.931153433663505,5.714285714285714,7.142857142857142,7.246216251736596,2.3809104346751777,8.571428571428571,8.571428571428571,14.433680943080358,5.009999999999938,5.770999999999922,8.424999999999866,11.234999999999804,17.53666666666739,10.754402263983632,30.00000000000189,30.00000000000189,30.00000000000189,5.134579407022102,51.28365641909114,133.57289101136848,252.80348370131105,1078.8821101465708,1043.5593560314117,2303.4525316064246,2311.7053425475956,2320.5946170799434,1883605.3066842677,4931130.699661805,5714255.714283715,7142847.362854143,7246198.715067659,2380910.599114634,8571408.966425572,8571420.170425572,14433674.573077358,1883605306684.2678,4931130699661.806,5714255714283.715,7142847362854.143,7246198715067.659,2380910599114.634,8571408966425.571,8571420170425.571,14433674573077.357,501.0,577.1,842.5,1123.5,1753.6666666666667,1075.4402263982668,3000.0,3000.0,3000.0,1.0,1.0,1.0,1.0,1.0,0.0,1.0,1.0,1.0,100.0,100.0,100.0,100.0,100.0,0.0,100.0,100.0,100.0,0.0,0.0,0.0,0.0,0.0,0.0,0.0,0.0,0.0
7,14433674573077.357,14.285714285714285,14.433680943080358,14.433680943080358,6.369999999999909,0,3,126.21066437475383,637,14433674.573077358,"[0.0, 14.433680943080358, -6.369999999999909, -3.0]",0.1,0.25,0,48,48,0,0,48,0,46,2,42,6,580.4500000000094,5461.1600000002145,58045,546116,12.759449900011532,139.3972776000155,6.25,8.598834219433012,8.598834219433012,8598822.126722096,12.092708333333528,1.0,100.0,0.0,0.0,5.714285714285714,5.714285714285714,5.714285714285714,6.25,2.3802082170395478,8.571428571428571,8.571428571428571,14.285714285714285,0.0,5.714285714285714,8.19199970790318,8.571428571428571,8.598834219433012,2.5994145769239405,11.410842623029437,11.428571428571429,14.433680943080358,0.0,5.714285714285714,8.19199970790318,8.571428571428571,8.598834219433012,2.5994145769239405,11.410842623029437,11.428571428571429,14.433680943080358,5.009999999999938,6.397999999999908,6.859999999999898,8.524999999999864,12.092708333333528,8.058724500912541,11.424999999999802,30.00000000000189,30.00000000000189,5.135499484065804,110.78275285341151,132.17786304978654,218.97159369289875,469.2512083135568,677.6795544176175,247.36332015600055,1855.669643830323,2303.8224119991064,-30.00000000000189,5714255.714283715,8191989.915400931,8571419.896425571,8598822.126722096,2599419.0056394963,11410836.305526435,11428564.646568429,14433674.573077358,-30000000.00000189,5714255714283.715,8191989915400.931,8571419896425.571,8598822126722.097,2599419005639.497,11410836305526.436,11428564646568.43,14433674573077.357,501.0,639.8,686.0,852.5,1209.2708333333333,805.8724500911867,1142.5,3000.0,3000.0,1.0,1.0,1.0,1.0,1.0,0.0,1.0,1.0,1.0,100.0,100.0,100.0,100.0,100.0,0.0,100.0,100.0,100.0,0.0,0.0,0.0,0.0,0.0,0.0,0.0,0.0,0.0
8,14466949662368.652,14.285714285714285,14.466956002371653,14.466956002371653,6.339999999999909,0,3,125.56607432849705,634,14466949.662368651,"[0.0, 14.466956002371653, -6.339999999999909, -3.0]",0.1,0.25,0,48,48,0,0,48,0,48,0,46,1,413.4199999999954,5874.58000000021,41342,587458,9.612401399994269,149.08097650000127,7.857142857142857,10.239940711430142,10.239940711430142,10239932.098510703,8.612916666666571,1.0,100.0,0.0,0.0,5.714285714285714,5.714285714285714,8.571428571428571,7.857142857142857,2.369017707396714,8.571428571428571,8.571428571428571,14.285714285714285,1.8834795270647322,7.989494323730468,8.571428571428571,11.414939335414342,10.239940711430142,2.3732279548305453,11.428571428571429,11.428571428571429,14.466956002371653,1.8834795270647322,7.989494323730468,8.571428571428571,11.414939335414342,10.239940711430142,2.3732279548305453,11.428571428571429,11.428571428571429,14.466956002371653,4.849999999999941,5.7939999999999205,6.2074999999999125,6.604999999999904,8.612916666666571,6.988498872651771,8.839999999999856,9.042999999999852,49.99999999999862,5.13574007571151,86.9883650675416,115.31724455486983,129.02943922486156,200.86071841559928,320.1835995676934,237.60218810709193,256.7127697538585,2341.661638651043,1883474.5170637323,7989456.653729869,8571420.113925572,11414933.23041134,10239932.098510703,2373229.404457007,11428562.50356843,11428564.87856843,14466949.662368651,1883474517063.7322,7989456653729.168,8571420113925.571,11414933230411.34,10239932098510.682,2373229404457.027,11428562503568.43,11428564878568.43,14466949662368.652,485.0,579.4,620.75,660.5,861.2916666666666,698.8498872651805,884.0,904.3,5000.0,1.0,1.0,1.0,1.0,1.0,0.0,1.0,1.0,1.0,100.0,100.0,100.0,100.0,100.0,0.0,100.0,100.0,100.0,0.0,0.0,0.0,0.0,0.0,0.0,0.0,0.0,0.0
9,14466949662368.652,14.285714285714285,14.466956002371653,14.466956002371653,6.339999999999909,0,3,125.56607432849705,634,14466949.662368651,"[0.0, 14.466956002371653, -6.339999999999909, -3.0]",0.1,0.25,0,48,48,0,0,48,0,48,0,45,3,388.6200000000013,6263.200000000212,38862,626320,8.679214299947489,157.82842829998117,7.202380952380952,9.401888449986776,9.401888449986776,9401880.353734108,8.096250000000028,1.0,100.0,0.0,0.0,2.857142857142857,5.714285714285714,8.571428571428571,7.202380952380952,2.9154516419662992,8.571428571428571,8.571428571428571,14.285714285714285,1.8823514665876118,5.714145115443638,8.387929371425084,10.16465732029506,9.401888449986776,3.00284525573556,11.41634464263916,11.428571428571429,14.466956002371653,1.8823514665876118,5.714145115443638,8.387929371425084,10.16465732029506,9.401888449986776,3.00284525573556,11.41634464263916,11.428571428571429,14.466956002371653,3.759999999999964,4.940999999999939,5.984999999999917,6.244999999999911,8.096250000000028,5.847999880657661,8.557499999999862,9.214999999999849,30.00000000000189,5.135193850990618,56.54156526196748,88.14678481500596,120.40044102445245,264.75349542492387,530.9994215323663,217.96989293117076,259.2569486672059,2306.8397966157645,1882346.456586612,5714122.882441339,8387905.338923333,10164650.460292062,9401880.353734108,3002845.983637975,11416338.68013616,11428564.62756843,14466949.662368651,1882346456586.6118,5714122882441.339,8387905338923.334,10164650460292.062,9401880353734.11,3002845983637.975,11416338680136.16,11428564627568.43,14466949662368.652,376.0,494.1,598.5,624.5,809.625,584.7999880657204,855.75,921.5000000000001,3000.0,1.0,1.0,1.0,1.0,1.0,0.0,1.0,1.0,1.0,100.0,100.0,100.0,100.0,100.0,0.0,100.0,100.0,100.0,0.0,0.0,0.0,0.0,0.0,0.0,0.0,0.0,0.0
10,14814027178297.781,14.285714285714285,14.814033508300781,14.814033508300781,6.3299999999999095,0,3,126.37415670417249,633,14814027.17829778,"[0.0, 14.814033508300781, -6.3299999999999095, -3.0]",0.1,0.25,0,48,48,0,0,48,0,48,0,48,0,325.1199999999965,6588.320000000208,32512,658832,7.179298700008076,165.08064790000208,7.857142857142857,10.17994517371768,10.17994517371768,10179938.400381472,6.77333333333326,1.0,100.0,0.0,0.0,2.857142857142857,5.714285714285714,8.571428571428571,7.857142857142857,3.1134992453861954,8.571428571428571,11.428571428571429,14.285714285714285,1.8831743512834822,5.714285714285714,8.571428571428571,11.401662826538086,10.17994517371768,2.76436352994315,11.416048322405134,13.834780556815012,14.814033508300781,1.8831743512834822,5.714285714285714,8.571428571428571,11.401662826538086,10.17994517371768,2.76436352994315,11.416048322405134,13.834780556815012,14.814033508300781,4.039999999999958,4.555999999999948,5.622499999999924,6.099999999999914,6.77333333333326,3.080137533004442,6.3749999999999085,8.761999999999858,23.180000000000824,5.146203040007094,62.72624841015786,91.96724466793239,118.15025794878602,149.67207101414337,142.94973029143998,126.2515374571085,228.40491531193263,697.8691666945815,1883169.3412824823,5714281.230282715,8571420.173925571,11401656.726535086,10179938.400381472,2764363.828327335,11416042.284902135,13834774.320812011,14814027.17829778,1883169341282.4822,5714281230282.715,8571420173925.571,11401656726535.086,10179938400381.473,2764363828327.335,11416042284902.135,13834774320812.012,14814027178297.781,404.0,455.6,562.25,610.0,677.3333333333334,308.0137533004366,637.5,876.2,2318.0,1.0,1.0,1.0,1.0,1.0,0.0,1.0,1.0,1.0,100.0,100.0,100.0,100.0,100.0,0.0,100.0,100.0,100.0,0.0,0.0,0.0,0.0,0.0,0.0,0.0,0.0,0.0
11,14814027178297.781,14.285714285714285,14.814033508300781,14.814033508300781,6.3299999999999095,0,3,126.37415670417249,633,14814027.17829778,"[0.0, 14.814033508300781, -6.3299999999999095, -3.0]",0.1,0.25,0,48,48,0,0,48,0,48,0,47,1,350.01999999999714,6938.340000000205,35002,693834,8.223323400015943,173.3836552000139,7.738095238095237,9.987924950463432,9.987924950463432,9987917.658377243,7.292083333333274,1.0,100.0,0.0,0.0,2.857142857142857,5.714285714285714,8.571428571428571,7.738095238095237,2.9714247557973055,8.571428571428571,9.428571428571441,14.285714285714285,1.8824495588030135,5.714285714285714,8.571428571428571,11.405838557652064,9.987924950463432,2.848826788519464,11.428571428571429,12.201062338692813,14.814033508300781,1.8824495588030135,5.714285714285714,8.571428571428571,11.405838557652064,9.987924950463432,2.848826788519464,11.428571428571429,12.201062338692813,14.814033508300781,3.789999999999963,4.382999999999951,5.84749999999992,6.31499999999991,7.292083333333274,3.840253875252339,8.402499999999865,9.013999999999852,30.00000000000189,5.135095969992108,57.230806837417184,96.77627763291821,124.64847937040031,177.20193827402713,308.3860522704341,144.23311814758927,248.47157249674203,2246.12700667046,1882444.5488020135,5714273.739283015,8571419.806425571,11405832.407649066,9987917.658377243,2848827.1493828655,11428562.48106843,12201055.987689814,14814027.17829778,1882444548802.0134,5714273739283.015,8571419806425.571,11405832407649.066,9987917658377.244,2848827149382.865,11428562481068.43,12201055987689.812,14814027178297.781,379.0,438.3,584.75,631.5,729.2083333333334,384.0253875252115,840.25,901.4000000000001,3000.0,1.0,1.0,1.0,1.0,1.0,0.0,1.0,1.0,1.0,100.0,100.0,100.0,100.0,100.0,0.0,100.0,100.0,100.0,0.0,0.0,0.0,0.0,0.0,0.0,0.0,0.0,0.0
12,14814027178297.781,14.285714285714285,14.814033508300781,14.814033508300781,6.3299999999999095,0,3,126.37415670417249,633,14814027.17829778,"[0.0, 14.814033508300781, -6.3299999999999095, -3.0]",0.1,0.25,0,48,48,0,0,48,0,48,0,48,0,319.3099999999953,7257.6500000002,31931,725765,6.658047800010536,180.1136717000045,7.857142857142857,9.90970390183585,9.90970390183585,9909697.249541538,6.652291666666568,1.0,100.0,0.0,0.0,2.857142857142857,5.714285714285714,8.571428571428571,7.857142857142857,3.2732683535398857,8.571428571428571,11.428571428571429,14.285714285714285,1.883288792201451,5.714285714285714,8.512278284345355,11.116587775094168,9.90970390183585,3.189382203890504,11.428571428571429,14.097691127232142,14.814033508300781,1.883288792201451,5.714285714285714,8.512278284345355,11.116587775094168,9.90970390183585,3.189382203890504,11.428571428571429,14.097691127232142,14.814033508300781,3.749999999999964,5.003999999999937,5.5124999999999265,6.2349999999999115,6.652291666666568,1.8325031145759105,7.424999999999886,9.002999999999853,11.729999999999794,5.135290263075149,56.753316641971466,88.92735540846479,114.47251264983788,122.09771300139892,76.6226921905787,125.01438426692039,243.9335111288354,461.21418910846114,1883283.782200451,5714281.553282715,8512269.486842604,11116578.325091667,9909697.249541538,3189381.9420280787,11428562.44106843,14097684.826229142,14814027.17829778,1883283782200.451,5714281553282.715,8512269486842.6045,11116578325091.668,9909697249541.537,3189381942028.0786,11428562441068.43,14097684826229.143,14814027178297.781,375.0,500.4,551.25,623.5,665.2291666666666,183.25031145759496,742.5,900.3,1173.0,1.0,1.0,1.0,1.0,1.0,0.0,1.0,1.0,1.0,100.0,100.0,100.0,100.0,100.0,0.0,100.0,100.0,100.0,0.0,0.0,0.0,0.0,0.0,0.0,0.0,0.0,0.0
13,14814027178297.781,14.285714285714285,14.814033508300781,14.814033508300781,6.3299999999999095,0,3,126.37415670417249,633,14814027.17829778,"[0.0, 14.814033508300781, -6.3299999999999095, -3.0]",0.1,0.25,0,48,48,0,0,48,0,48,0,48,0,296.4499999999958,7554.100000000196,29645,755410,6.350805599999148,186.54791530000512,8.273809523809524,10.513919194539389,10.513919194539389,10513913.018494846,6.1760416666665785,1.0,100.0,0.0,0.0,5.714285714285714,8.571428571428571,8.571428571428571,8.273809523809524,2.750360726701886,8.571428571428571,11.428571428571429,14.285714285714285,1.8830163138253346,7.1832716805594305,9.535139628819056,11.406026567731583,10.513919194539389,2.519678054225052,11.428571428571429,13.878579275948661,14.814033508300781,1.8830163138253346,7.1832716805594305,9.535139628819056,11.406026567731583,10.513919194539389,2.519678054225052,11.428571428571429,13.878579275948661,14.814033508300781,3.7699999999999636,5.065999999999937,5.5799999999999255,6.084999999999915,6.1760416666665785,1.2052415725753187,6.342499999999909,8.564999999999863,9.12999999999985,5.135253318963805,72.5772461630826,92.35925480304286,117.40285521373153,120.81013359951005,52.718609736617175,125.65203128289431,229.56650590114296,261.2098965123296,1883011.3038243346,7183264.564556431,9535134.286316557,11406020.637728583,10513913.018494846,2519677.7161260787,11428564.86856843,13878573.002945662,14814027.17829778,1883011303824.3347,7183264564556.431,9535134286316.557,11406020637728.584,10513913018494.846,2519677716126.0786,11428564868568.43,13878573002945.66,14814027178297.781,377.0,506.6,558.0,608.5,617.6041666666666,120.52415725753444,634.25,856.5,913.0,1.0,1.0,1.0,1.0,1.0,0.0,1.0,1.0,1.0,100.0,100.0,100.0,100.0,100.0,0.0,100.0,100.0,100.0,0.0,0.0,0.0,0.0,0.0,0.0,0.0,0.0,0.0
14,14814027178297.781,14.285714285714285,14.814033508300781,14.814033508300781,6.3299999999999095,0,3,126.37415670417249,633,14814027.17829778,"[0.0, 14.814033508300781, -6.3299999999999095, -3.0]",0.1,0.25,0,48,48,0,0,48,0,48,0,47,1,349.5299999999978,7903.630000000194,34953,790363,8.297140599985141,194.93258329998935,7.38095238095238,9.617966243198941,9.617966243198941,9617958.961321086,7.281874999999954,1.0,100.0,0.0,0.0,2.857142857142857,5.714285714285714,8.571428571428571,7.38095238095238,3.0210898905832186,8.571428571428571,8.571428571428571,14.285714285714285,1.883730207170759,5.714285714285714,6.855261666434151,10.747928619384766,9.617966243198941,2.865695394045805,11.428571428571429,11.428571428571429,14.814033508300781,1.883730207170759,5.714285714285714,6.855261666434151,10.747928619384766,9.617966243198941,2.865695394045805,11.428571428571429,11.428571428571429,14.814033508300781,3.649999999999966,4.312999999999953,5.34999999999993,5.994999999999917,7.281874999999954,4.448284620807233,6.707499999999902,11.016999999999813,30.00000000000189,5.134542245476041,56.55508451648056,88.67895734123886,114.96910403707443,208.03082780589526,363.6109649109322,132.1610729652457,303.15828889198684,2300.6309484168887,1883725.1971697588,5714276.941282715,6855236.456431901,10747923.119381765,9617958.961321086,2865695.711286762,11428555.09356843,11428564.96156843,14814027.17829778,1883725197169.7588,5714276941282.715,6855236456431.901,10747923119381.766,9617958961321.086,2865695711286.7617,11428555093568.43,11428564961568.43,14814027178297.781,365.0,431.3,535.0,599.5,728.1875,444.82846208070293,670.75,1101.7000000000003,3000.0,1.0,1.0,1.0,1.0,1.0,0.0,1.0,1.0,1.0,100.0,100.0,100.0,100.0,100.0,0.0,100.0,100.0,100.0,0.0,0.0,0.0,0.0,0.0,0.0,0.0,0.0,0.0
15,14814027178297.781,14.285714285714285,14.814033508300781,14.814033508300781,6.3299999999999095,0,3,126.37415670417249,633,14814027.17829778,"[0.0, 14.814033508300781, -6.3299999999999095, -3.0]",0.1,0.25,0,48,48,0,0,48,0,48,0,47,1,347.76999999999816,8251.400000000192,34777,825140,7.924628900014795,202.9282283000066,7.797619047619047,10.0114411399478,10.0114411399478,10011433.894736592,7.245208333333295,1.0,100.0,0.0,2.857142857142857,2.857142857142857,5.714285714285714,8.571428571428571,7.797619047619047,2.781106282434206,8.571428571428571,8.571428571428571,14.285714285714285,5.7045473371233255,5.714285714285714,8.517419270106725,11.281145640781947,10.0114411399478,2.5815558914543577,11.420257432120188,11.428571428571429,14.814033508300781,5.7045473371233255,5.714285714285714,8.517419270106725,11.281145640781947,10.0114411399478,2.5815558914543577,11.420257432120188,11.428571428571429,14.814033508300781,3.559999999999968,4.047999999999958,5.654999999999924,6.28499999999991,7.245208333333295,4.227547550286416,8.374999999999865,8.958999999999854,30.00000000000189,53.31821281276643,56.08422578796744,92.87785189691931,116.64111906196922,195.3535665969539,359.27884133349914,129.94999307440594,239.74813818596309,2313.4496411569417,5704543.317120325,5714272.542283015,8517401.867604224,11281139.895778947,10011433.894736592,2581556.26055692,11420251.164617188,11428564.85356843,14814027.17829778,5704543317120.325,5714272542283.015,8517401867604.225,11281139895778.947,10011433894736.592,2581556260556.92,11420251164617.188,11428564853568.43,14814027178297.781,356.0,404.8,565.5,628.5,724.5208333333334,422.7547550286165,837.5,895.9,3000.0,1.0,1.0,1.0,1.0,1.0,0.0,1.0,1.0,1.0,100.0,100.0,100.0,100.0,100.0,0.0,100.0,100.0,100.0,0.0,0.0,0.0,0.0,0.0,0.0,0.0,0.0,0.0
16,14968129478693.986,14.285714285714285,14.968136378696986,14.968136378696986,6.899999999999897,0,3,128.53457864560187,690,14968129.478693986,"[0.0, 14.968136378696986, -6.899999999999897, -3.0]",0.1,0.25,0,48,48,0,0,48,0,48,0,45,3,397.4400000000011,8648.840000000193,39744,864884,8.527849799953401,211.53423709998606,7.797619047619047,9.77574762843904,9.77574762843904,9775739.34843625,8.280000000000022,1.0,100.0,0.0,2.857142857142857,4.857142857142858,5.714285714285714,8.571428571428571,7.797619047619047,2.5911665309141565,8.571428571428571,8.571428571428571,14.285714285714285,2.9149137224469865,5.714285714285714,8.571428571428571,10.576667785644531,9.77574762843904,2.708185572684416,11.428571428571429,11.428571428571429,14.968136378696986,2.9149137224469865,5.714285714285714,8.571428571428571,10.576667785644531,9.77574762843904,2.708185572684416,11.428571428571429,11.428571428571429,14.968136378696986,3.6899999999999653,4.355999999999952,5.537499999999927,6.339999999999909,8.280000000000022,5.925005274259699,8.67999999999986,10.890999999999817,30.00000000000189,18.46455729813897,60.40884182900191,89.716851959005,124.79274374432862,286.13617716525386,530.4143240503349,233.6506351758726,301.2186758842326,2320.1148497965187,2914907.3124459866,5714255.714283715,8571414.456425821,10576659.250642031,9775739.34843625,2708187.0528447027,11428562.46606843,11428564.89856843,14968129.478693986,2914907312445.9863,5714255714283.715,8571414456425.821,10576659250642.031,9775739348436.25,2708187052844.7026,11428562466068.43,11428564898568.43,14968129478693.986,369.0,435.6,553.75,634.0,828.0,592.5005274259256,868.0,1089.1000000000004,3000.0,1.0,1.0,1.0,1.0,1.0,0.0,1.0,1.0,1.0,100.0,100.0,100.0,100.0,100.0,0.0,100.0,100.0,100.0,0.0,0.0,0.0,0.0,0.0,0.0,0.0,0.0,0.0
17,14968129478693.986,14.285714285714285,14.968136378696986,14.968136378696986,6.899999999999897,0,3,128.53457864560187,690,14968129.478693986,"[0.0, 14.968136378696986, -6.899999999999897, -3.0]",0.1,0.25,0,48,48,0,0,48,0,48,0,47,1,379.23999999999853,9028.080000000191,37924,902808,8.176526900031604,219.7886461999733,7.559523809523809,9.723427579516455,9.723427579516455,9723419.678680353,7.900833333333303,1.0,100.0,0.0,2.857142857142857,2.857142857142857,5.714285714285714,8.571428571428571,7.559523809523809,3.0578094140574574,8.571428571428571,9.428571428571441,14.285714285714285,3.0572400774274553,5.709765842982701,7.037077631269183,11.407395771571569,9.723427579516455,3.052526111251055,11.428571428571429,12.253518785749176,14.968136378696986,3.0572400774274553,5.709765842982701,7.037077631269183,11.407395771571569,9.723427579516455,3.052526111251055,11.428571428571429,12.253518785749176,14.968136378696986,3.7299999999999645,4.1169999999999565,5.7874999999999215,6.494999999999906,7.900833333333303,4.698243392186569,8.70749999999986,9.19199999999985,30.00000000000189,18.43667328833544,55.65673564709723,90.86134190764278,127.45436767488718,218.4443291055518,379.14209845277315,228.66073555406183,242.78308541830634,2310.6223578434438,3057234.327426455,5709761.840979701,7037070.051266182,11407389.926568568,9723419.678680353,3052526.64522854,11428562.78356843,12253512.437746176,14968129.478693986,3057234327426.455,5709761840979.701,7037070051266.183,11407389926568.568,9723419678680.352,3052526645228.5405,11428562783568.43,12253512437746.176,14968129478693.986,373.0,411.7,578.75,649.5,790.0833333333334,469.82433921862986,870.75,919.2000000000002,3000.0,1.0,1.0,1.0,1.0,1.0,0.0,1.0,1.0,1.0,100.0,100.0,100.0,100.0,100.0,0.0,100.0,100.0,100.0,0.0,0.0,0.0,0.0,0.0,0.0,0.0,0.0,0.0
18,14968129478693.986,14.285714285714285,14.968136378696986,14.968136378696986,6.899999999999897,0,3,128.53457864560187,690,14968129.478693986,"[0.0, 14.968136378696986, -6.899999999999897, -3.0]",0.1,0.25,0,48,48,0,0,48,0,48,0,46,2,378.77999999999906,9406.86000000019,37878,940686,8.437053900037427,228.30812990001868,7.202380952380952,9.516759713490805,9.516759713490805,9516751.822238117,7.891249999999981,1.0,100.0,0.0,0.0,2.857142857142857,5.714285714285714,8.571428571428571,7.202380952380952,2.9732127961290895,8.571428571428571,8.571428571428571,14.285714285714285,1.883343287876674,5.708711351667131,7.325045040675572,10.762489863804408,9.516759713490805,2.8475154116396104,11.428571428571429,11.428571428571429,14.968136378696986,1.883343287876674,5.708711351667131,7.325045040675572,10.762489863804408,9.516759713490805,2.8475154116396104,11.428571428571429,11.428571428571429,14.968136378696986,3.7799999999999634,4.757999999999943,5.674999999999923,6.31999999999991,7.891249999999981,5.064229385685133,8.61249999999986,10.287999999999826,30.00000000000189,5.135404155291326,56.382245928801424,87.847826574789,121.00530262570828,239.17799724281244,447.45165921116376,227.84128168877214,262.3332394964062,2305.2041686866432,1883338.277875674,5708707.289664131,7325031.083172821,10762484.313801408,9516751.822238117,2847516.3997361623,11428562.56356843,11428565.066568429,14968129.478693986,1883338277875.674,5708707289664.131,7325031083172.821,10762484313801.408,9516751822238.117,2847516399736.162,11428562563568.43,11428565066568.43,14968129478693.986,378.0,475.8,567.5,632.0,789.125,506.4229385684789,861.25,1028.8000000000002,3000.0,1.0,1.0,1.0,1.0,1.0,0.0,1.0,1.0,1.0,100.0,100.0,100.0,100.0,100.0,0.0,100.0,100.0,100.0,0.0,0.0,0.0,0.0,0.0,0.0,0.0,0.0,0.0
19,15039906292530.48,14.285714285714285,15.03991263253348,15.03991263253348,6.339999999999909,0,3,127.65254231542349,634,15039906.29253048,"[0.0, 15.03991263253348, -6.339999999999909, -3.0]",0.1,0.25,0,48,48,0,0,48,0,48,0,46,2,385.2000000000003,9792.06000000019,38520,979206,8.06469810003182,236.44384820002597,8.154761904761903,10.148882355008807,10.148882355008807,10148874.330006015,8.025000000000006,1.0,100.0,0.0,0.0,2.857142857142857,7.857142857142857,8.571428571428571,8.154761904761903,3.085492900641532,8.571428571428571,12.285714285714297,14.285714285714285,1.8824441092354909,5.714285714285714,9.137224469866071,11.401820863996232,10.148882355008807,3.0306457612099713,11.428571428571429,13.319140842982707,15.03991263253348,1.8824441092354909,5.714285714285714,9.137224469866071,11.401820863996232,10.148882355008807,3.0306457612099713,11.428571428571429,13.319140842982707,15.03991263253348,3.7799999999999634,5.184999999999934,5.729999999999922,6.32499999999991,8.025000000000006,5.482363389391235,8.354999999999865,8.926999999999856,30.00000000000189,5.135140117068659,57.565610925108196,93.81994347227737,126.26255451887846,267.2381734735606,482.6912873236729,219.38800972141325,250.77955369260167,2309.3589996937662,1882439.099234491,5714255.714283715,9137218.024864571,11401814.828993235,10148874.330006015,3030646.563977167,11428564.77356843,13319123.546979707,15039906.29253048,1882439099234.491,5714255714283.715,9137218024864.57,11401814828993.234,10148874330006.016,3030646563977.167,11428564773568.43,13319123546979.705,15039906292530.48,378.0,518.5,573.0,632.5,802.5,548.2363389390869,835.5,892.7,3000.0,1.0,1.0,1.0,1.0,1.0,0.0,1.0,1.0,1.0,100.0,100.0,100.0,100.0,100.0,0.0,100.0,100.0,100.0,0.0,0.0,0.0,0.0,0.0,0.0,0.0,0.0,0.0
20,15039906292530.48,14.285714285714285,15.03991263253348,15.03991263253348,6.339999999999909,0,3,127.65254231542349,634,15039906.29253048,"[0.0, 15.03991263253348, -6.339999999999909, -3.0]",0.1,0.25,0,48,48,0,0,48,0,48,0,48,0,343.9299999999963,10135.990000000187,34393,1013599,7.78258239995921,244.30965339997783,7.3809523809523805,9.335086629504248,9.335086629504248,9335079.46429325,7.165208333333257,1.0,100.0,0.0,0.0,2.857142857142857,5.714285714285714,8.571428571428571,7.3809523809523805,3.131653913801406,8.571428571428571,8.571428571428571,14.285714285714285,1.8812288556780132,5.709371839250837,6.874115807669503,10.012772423880442,9.335086629504248,3.0690342909747255,11.428571428571429,11.428571428571429,15.03991263253348,1.8812288556780132,5.709371839250837,6.874115807669503,10.012772423880442,9.335086629504248,3.0690342909747255,11.428571428571429,11.428571428571429,15.03991263253348,3.8199999999999625,4.341999999999952,5.437499999999929,6.2349999999999115,7.165208333333257,3.4014770012350692,8.512499999999863,9.082999999999851,24.140000000000974,5.135789925443532,55.79007957886351,81.16362532779749,116.80998724605888,161.4533563766589,231.14050795080271,218.87192948069423,244.43636927064512,1670.2058598995209,1881223.8456770133,5709367.788247837,6874107.860167003,10012766.988877442,9335079.46429325,3069034.1205380326,11428562.76856843,11428564.85956843,15039906.29253048,1881223845677.0132,5709367788247.837,6874107860167.003,10012766988877.441,9335079464293.25,3069034120538.032,11428562768568.43,11428564859568.43,15039906292530.48,382.0,434.2,543.75,623.5,716.5208333333334,340.1477001234986,851.25,908.3,2414.0,1.0,1.0,1.0,1.0,1.0,0.0,1.0,1.0,1.0,100.0,100.0,100.0,100.0,100.0,0.0,100.0,100.0,100.0,0.0,0.0,0.0,0.0,0.0,0.0,0.0,0.0,0.0
21,15039906292530.48,14.285714285714285,15.03991263253348,15.03991263253348,6.339999999999909,0,3,127.65254231542349,634,15039906.29253048,"[0.0, 15.03991263253348, -6.339999999999909, -3.0]",0.1,0.25,0,48,48,0,0,48,0,48,0,48,0,416.3599999999981,10552.350000000186,41636,1055235,8.834618299966678,253.21675949997734,7.857142857142857,10.243088404337565,10.243088404337565,10243079.73016796,8.674166666666627,1.0,100.0,0.0,2.857142857142857,5.714285714285714,5.714285714285714,8.571428571428571,7.857142857142857,2.142857142857143,8.571428571428571,8.571428571428571,14.285714285714285,5.255334036690848,8.208280563354492,8.571428571428571,11.168862751552037,10.243088404337565,1.989185171106446,11.428571428571429,11.428571428571429,15.03991263253348,5.255334036690848,8.208280563354492,8.571428571428571,11.168862751552037,10.243088404337565,1.989185171106446,11.428571428571429,11.428571428571429,15.03991263253348,4.189999999999955,5.401999999999929,6.162499999999913,6.574999999999904,8.674166666666627,4.801050160005691,8.60999999999986,16.31099999999987,24.340000000001005,46.2954901444391,83.76557037886232,108.38934059637904,132.4679100792855,290.8574572632817,392.7990425138127,227.61514684697613,896.2006771503031,1676.943908907473,5255328.816689848,8208260.129351793,8571420.136425572,11168855.701549036,10243079.73016796,1989186.8669110779,11428562.89606843,11428564.94756843,15039906.29253048,5255328816689.848,8208260129351.792,8571420136425.571,11168855701549.035,10243079730167.96,1989186866911.078,11428562896068.43,11428564947568.43,15039906292530.48,419.0,540.2,616.25,657.5,867.4166666666666,480.10501600055056,861.0,1631.1000000000017,2434.0,1.0,1.0,1.0,1.0,1.0,0.0,1.0,1.0,1.0,100.0,100.0,100.0,100.0,100.0,0.0,100.0,100.0,100.0,0.0,0.0,0.0,0.0,0.0,0.0,0.0,0.0,0.0
22,15039906292530.48,14.285714285714285,15.03991263253348,15.03991263253348,6.339999999999909,0,3,127.65254231542349,634,15039906.29253048,"[0.0, 15.03991263253348, -6.339999999999909, -3.0]",0.1,0.25,0,48,48,0,0,48,0,48,0,46,2,382.41999999999985,10934.770000000186,38242,1093477,8.512906899966765,261.82833129999926,7.916666666666665,10.049468676249186,10.049468676249186,10049460.70916306,7.96708333333333,1.0,100.0,0.0,2.857142857142857,2.857142857142857,7.857142857142857,8.571428571428571,7.916666666666665,2.623778195301689,8.571428571428571,8.571428571428571,14.285714285714285,2.857142857142857,5.714285714285714,8.584934643336705,11.41028949192592,10.049468676249186,2.6513926560329484,11.428571428571429,11.428571428571429,15.03991263253348,2.857142857142857,5.714285714285714,8.584934643336705,11.41028949192592,10.049468676249186,2.6513926560329484,11.428571428571429,11.428571428571429,15.03991263253348,3.5799999999999677,4.0669999999999575,5.742499999999922,6.244999999999911,7.96708333333333,5.339969552946229,8.584999999999862,9.059999999999851,30.00000000000189,18.43802382859576,56.45711530540139,88.59179256903008,122.03670956939459,223.02477367713178,365.6062444265843,224.2706114850007,243.02617860622706,2300.1707421019673,2857112.8571418575,5714281.654282715,8584928.138335206,11410283.64692292,10049460.70916306,2651393.959001766,11428562.651068429,11428564.96856843,15039906.29253048,2857112857141.8574,5714281654282.715,8584928138335.205,11410283646922.92,10049460709163.062,2651393959001.7656,11428562651068.43,11428564968568.43,15039906292530.48,358.0,406.7,574.25,624.5,796.7083333333334,533.9969552945867,858.5,906.0,3000.0,1.0,1.0,1.0,1.0,1.0,0.0,1.0,1.0,1.0,100.0,100.0,100.0,100.0,100.0,0.0,100.0,100.0,100.0,0.0,0.0,0.0,0.0,0.0,0.0,0.0,0.0,0.0
23,15039906292530.48,14.285714285714285,15.03991263253348,15.03991263253348,6.339999999999909,0,3,127.65254231542349,634,15039906.29253048,"[0.0, 15.03991263253348, -6.339999999999909, -3.0]",0.1,0.25,0,48,48,0,0,48,0,48,0,47,1,357.3899999999975,11292.160000000184,35739,1129216,7.686546899960376,269.6005047999788,7.678571428571428,10.024698802403043,10.024698802403043,10024691.356775105,7.445624999999947,1.0,100.0,0.0,0.0,2.857142857142857,5.714285714285714,8.571428571428571,7.678571428571428,2.745202989904811,8.571428571428571,8.571428571428571,14.285714285714285,1.8816866193498885,5.714285714285714,8.571428571428571,11.405984333583287,10.024698802403043,2.542100772542978,11.428571428571429,11.428571428571429,15.03991263253348,1.8816866193498885,5.714285714285714,8.571428571428571,11.405984333583287,10.024698802403043,2.542100772542978,11.428571428571429,11.428571428571429,15.03991263253348,3.7699999999999636,4.497999999999949,5.6524999999999235,6.3299999999999095,7.445624999999947,4.084378219840834,8.484999999999864,8.961999999999854,30.00000000000189,5.136083198769484,64.55932716578245,98.82449754467234,127.23650700878352,180.38034448749508,204.22181967328606,223.26080160122365,251.71658245436848,1465.4766134116799,1881681.6093488885,5714281.431282715,8571419.96142557,11405978.218580287,10024691.356775105,2542101.1235923166,11428562.87356843,11428565.03756843,15039906.29253048,1881681609348.8884,5714281431282.715,8571419961425.571,11405978218580.285,10024691356775.104,2542101123592.317,11428562873568.43,11428565037568.43,15039906292530.48,377.0,449.8,565.25,633.0,744.5625,408.4378219840608,848.5,896.2,3000.0,1.0,1.0,1.0,1.0,1.0,0.0,1.0,1.0,1.0,100.0,100.0,100.0,100.0,100.0,0.0,100.0,100.0,100.0,0.0,0.0,0.0,0.0,0.0,0.0,0.0,0.0,0.0
24,15039906292530.48,14.285714285714285,15.03991263253348,15.03991263253348,6.339999999999909,0,3,127.65254231542349,634,15039906.29253048,"[0.0, 15.03991263253348, -6.339999999999909, -3.0]",0.1,0.25,0,48,48,0,0,48,0,48,0,47,1,408.01999999999657,11700.18000000018,40802,1170018,8.865796700003557,278.5431859000237,7.678571428571427,9.706363450913202,9.706363450913202,9706354.950493703,8.500416666666595,1.0,100.0,0.0,2.857142857142857,2.857142857142857,5.714285714285714,8.571428571428571,7.678571428571427,2.6825367474389874,8.571428571428571,8.571428571428571,14.285714285714285,3.056586129324777,5.714285714285714,8.571428571428571,10.180837086268834,9.706363450913202,2.5272453202474643,11.414754731314522,11.428571428571429,15.03991263253348,3.056586129324777,5.714285714285714,8.571428571428571,10.180837086268834,9.706363450913202,2.5272453202474643,11.414754731314522,11.428571428571429,15.03991263253348,3.509999999999969,5.138999999999935,5.527499999999927,8.354999999999865,8.500416666666595,4.58509676303461,8.672499999999859,14.598999999999734,30.00000000000189,18.43660848034051,75.872158964126,90.68161375937052,127.73195211589336,254.63483773448525,367.82137722780976,223.5340363602154,651.2055516853932,2302.206723049283,3056580.379323777,5714274.105283415,8571418.35392557,10180826.931266334,9706354.950493703,2527246.173277782,11414747.806311524,11428563.68856843,15039906.29253048,3056580379323.777,5714274105283.415,8571418353925.571,10180826931266.332,9706354950493.701,2527246173277.782,11414747806311.523,11428563688568.43,15039906292530.48,351.0,513.9,552.75,835.5,850.0416666666666,458.5096763034439,867.25,1459.9,3000.0,1.0,1.0,1.0,1.0,1.0,0.0,1.0,1.0,1.0,100.0,100.0,100.0,100.0,100.0,0.0,100.0,100.0,100.0,0.0,0.0,0.0,0.0,0.0,0.0,0.0,0.0,0.0
25,15039906292530.48,14.285714285714285,15.03991263253348,15.03991263253348,6.339999999999909,0,3,127.65254231542349,634,15039906.29253048,"[0.0, 15.03991263253348, -6.339999999999909, -3.0]",0.1,0.25,0,48,48,0,0,48,0,48,0,44,4,450.92000000000326,12151.100000000184,45092,1215110,9.91002110001864,288.5217324999976,7.9761904761904745,9.873329571315221,9.873329571315221,9873320.177145803,9.394166666666734,1.0,100.0,0.0,2.857142857142857,5.714285714285714,5.714285714285714,8.571428571428571,7.9761904761904745,2.605484360504677,8.571428571428571,8.571428571428571,14.285714285714285,3.044755118233817,5.735907418387277,8.571428571428571,10.741032191685267,9.873329571315221,2.754068504316903,11.428571428571429,11.428571428571429,15.03991263253348,3.044755118233817,5.735907418387277,8.571428571428571,10.741032191685267,9.873329571315221,2.754068504316903,11.428571428571429,11.428571428571429,15.03991263253348,3.569999999999968,5.062999999999937,6.249999999999911,8.339999999999867,9.394166666666734,6.7137032854872665,8.70499999999986,13.98800000000001,30.00000000000189,18.438423618375964,59.56169533263892,109.92921048994685,134.80210044700652,355.11530727215995,611.6878885247802,235.15636195684783,554.3485061647413,2313.856410311535,3044749.3382328167,5735903.623384276,8571405.876425821,10741025.32668227,9873320.177145803,2754069.520300073,11428562.88606843,11428565.17856843,15039906.29253048,3044749338232.817,5735903623384.276,8571405876425.821,10741025326682.27,9873320177145.805,2754069520300.073,11428562886068.43,11428565178568.43,15039906292530.48,357.0,506.3,625.0,834.0,939.4166666666666,671.3703285486749,870.5,1398.8000000000038,3000.0,1.0,1.0,1.0,1.0,1.0,0.0,1.0,1.0,1.0,100.0,100.0,100.0,100.0,100.0,0.0,100.0,100.0,100.0,0.0,0.0,0.0,0.0,0.0,0.0,0.0,0.0,0.0
26,15039906292530.48,14.285714285714285,15.03991263253348,15.03991263253348,6.339999999999909,0,3,127.65254231542349,634,15039906.29253048,"[0.0, 15.03991263253348, -6.339999999999909, -3.0]",0.1,0.25,0,48,48,0,0,48,0,48,0,44,4,414.73000000000326,12565.830000000187,41473,1256583,14.915112999966368,303.52205369999865,7.738095238095237,9.828638576325917,9.828638576325917,9828629.936114792,8.640208333333401,1.0,100.0,0.0,2.857142857142857,4.857142857142858,5.714285714285714,8.571428571428571,7.738095238095237,2.471492796669844,8.571428571428571,8.571428571428571,14.285714285714285,3.0495071411132812,5.714285714285714,8.571428571428571,10.756265095302037,9.828638576325917,2.71561449396531,11.428571428571429,11.428571428571429,15.03991263253348,3.0495071411132812,5.714285714285714,8.571428571428571,10.756265095302037,9.828638576325917,2.71561449396531,11.428571428571429,11.428571428571429,15.03991263253348,3.8199999999999625,4.548999999999947,5.609999999999925,6.32499999999991,8.640208333333401,6.633556577980689,8.424999999999866,9.69799999999985,30.00000000000189,18.43773503832199,65.21807288229465,90.43706685677171,123.17860519420356,318.11644430017594,601.3699696544877,220.97979253856465,245.0311494274065,2302.685280110687,3049501.3711122815,5714273.5712830145,8571420.15142557,10756256.530299537,9828629.936114792,2715616.6454411224,11428562.81356843,11428565.15156843,15039906.29253048,3049501371112.2812,5714273571283.015,8571420151425.571,10756256530299.535,9828629936114.791,2715616645441.1226,11428562813568.43,11428565151568.43,15039906292530.48,382.0,454.9,561.0,632.5,864.0208333333334,663.3556577980162,842.5,969.8000000000012,3000.0,1.0,1.0,1.0,1.0,1.0,0.0,1.0,1.0,1.0,100.0,100.0,100.0,100.0,100.0,0.0,100.0,100.0,100.0,0.0,0.0,0.0,0.0,0.0,0.0,0.0,0.0,0.0
27,15039906292530.48,14.285714285714285,15.03991263253348,15.03991263253348,6.339999999999909,0,3,127.65254231542349,634,15039906.29253048,"[0.0, 15.03991263253348, -6.339999999999909, -3.0]",0.1,0.25,0,48,48,0,0,48,0,48,0,46,1,450.0899999999964,13015.920000000184,45009,1301592,21.08891809999477,324.9178006000002,7.32142857142857,9.681426173164732,9.681426173164732,9681416.796286918,9.376874999999925,1.0,100.0,0.0,0.0,2.857142857142857,5.714285714285714,8.571428571428571,7.32142857142857,2.9105864710470595,8.571428571428571,8.571428571428571,14.285714285714285,1.8816539219447543,5.698316846575056,8.571428571428571,10.393050057547434,9.681426173164732,2.8515301210054833,11.428571428571429,11.428571428571429,15.03991263253348,1.8816539219447543,5.698316846575056,8.571428571428571,10.393050057547434,9.681426173164732,2.8515301210054833,11.428571428571429,11.428571428571429,15.03991263253348,4.039999999999958,4.748999999999944,5.797499999999921,6.339999999999909,9.376874999999925,7.813516108921426,8.534999999999862,17.016999999999868,49.99999999999862,5.141777990524133,56.24836455639452,89.57474368065596,124.8987027136609,248.75093827298784,300.10232308521654,224.1336287506856,722.7463980710143,1259.4931665956974,1881648.9119437544,5698312.792572056,8571409.771425571,10393043.002544433,9681416.796286918,2851532.7585821515,11428562.883568428,11428565.12856843,15039906.29253048,1881648911943.7544,5698312792572.056,8571409771425.571,10393043002544.434,9681416796286.898,2851532758582.182,11428562883568.43,11428565128568.43,15039906292530.48,404.0,474.90000000000003,579.75,634.0,937.6875,781.351610892145,853.5,1701.7000000000007,5000.0,1.0,1.0,1.0,1.0,1.0,0.0,1.0,1.0,1.0,100.0,100.0,100.0,100.0,100.0,0.0,100.0,100.0,100.0,0.0,0.0,0.0,0.0,0.0,0.0,0.0,0.0,0.0
28,15039906292530.48,14.285714285714285,15.03991263253348,15.03991263253348,6.339999999999909,0,3,127.65254231542349,634,15039906.29253048,"[0.0, 15.03991263253348, -6.339999999999909, -3.0]",0.1,0.25,0,48,48,0,0,48,0,48,0,47,1,412.0599999999986,13427.980000000181,41206,1342798,10.225875600008294,335.2606435000198,7.678571428571428,9.888899212791806,9.888899212791806,9888890.628205618,8.584583333333304,1.0,100.0,0.0,2.857142857142857,2.857142857142857,5.714285714285714,8.571428571428571,7.678571428571428,3.408485310052478,8.571428571428571,12.285714285714297,14.285714285714285,4.8294557843889505,5.714285714285714,8.467653138296944,10.81636837550572,9.888899212791806,2.9320336318849765,11.428571428571429,14.204202924455917,15.03991263253348,4.8294557843889505,5.714285714285714,8.467653138296944,10.81636837550572,9.888899212791806,2.9320336318849765,11.428571428571429,14.204202924455917,15.03991263253348,4.0299999999999585,4.201999999999955,5.752499999999921,6.30499999999991,8.584583333333304,5.3738366796660735,8.63999999999986,16.740999999999847,30.00000000000189,55.265385331586,62.124603858403866,94.0781881660223,122.62551028933376,289.36900149637285,437.55047657174003,219.74092692881823,930.4491824502135,2301.6322740912437,4829442.66438695,5714265.689283015,8467643.203295194,10816361.31050272,9888890.628205618,2932034.568388156,11428563.43106843,14204196.571452916,15039906.29253048,4829442664386.95,5714265689283.015,8467643203295.194,10816361310502.719,9888890628205.62,2932034568388.1562,11428563431068.43,14204196571452.916,15039906292530.48,403.0,420.2,575.25,630.5,858.4583333333334,537.3836679665862,864.0,1674.1000000000013,3000.0,1.0,1.0,1.0,1.0,1.0,0.0,1.0,1.0,1.0,100.0,100.0,100.0,100.0,100.0,0.0,100.0,100.0,100.0,0.0,0.0,0.0,0.0,0.0,0.0,0.0,0.0,0.0
29,15039906292530.48,14.285714285714285,15.03991263253348,15.03991263253348,6.339999999999909,0,3,127.65254231542349,634,15039906.29253048,"[0.0, 15.03991263253348, -6.339999999999909, -3.0]",0.1,0.25,0,48,48,0,0,48,0,48,0,44,4,501.62000000000654,13929.600000000188,50162,1392960,11.71975280001061,347.0480406000279,7.261904761904762,9.2550756250109,9.2550756250109,9255065.174591316,10.450416666666802,1.0,100.0,0.0,2.857142857142857,2.857142857142857,5.714285714285714,8.571428571428571,7.261904761904762,3.348181216767913,8.571428571428571,12.285714285714297,14.285714285714285,3.048215593610491,5.714285714285714,5.714285714285714,9.370603561401367,9.2550756250109,3.1396742412442022,11.428571428571429,13.87286594935826,15.03991263253348,3.048215593610491,5.714285714285714,5.714285714285714,9.370603561401367,9.2550756250109,3.1396742412442022,11.428571428571429,13.87286594935826,15.03991263253348,4.069999999999958,4.390999999999951,5.514999999999927,6.634999999999903,10.450416666666802,7.902357232269205,11.272499999999804,25.799000000001246,30.00000000000189,56.9720922280103,62.512588798254725,90.1479429306928,127.86978325247765,472.8687767915544,685.7439899404411,403.15024193236604,1835.1416934553547,2311.5026981160045,3048200.9136074907,5714255.714283715,5714281.5592827145,9370598.756398365,9255065.174591316,3139676.8087058985,11428562.91356843,13872859.69635526,15039906.29253048,3048200913607.4907,5714255714283.715,5714281559282.715,9370598756398.367,9255065174591.314,3139676808705.898,11428562913568.43,13872859696355.26,15039906292530.48,407.0,439.1,551.5,663.5,1045.0416666666667,790.2357232268665,1127.25,2579.900000000001,3000.0,1.0,1.0,1.0,1.0,1.0,0.0,1.0,1.0,1.0,100.0,100.0,100.0,100.0,100.0,0.0,100.0,100.0,100.0,0.0,0.0,0.0,0.0,0.0,0.0,0.0,0.0,0.0
30,15039906292530.48,14.285714285714285,15.03991263253348,15.03991263253348,6.339999999999909,0,3,127.65254231542349,634,15039906.29253048,"[0.0, 15.03991263253348, -6.339999999999909, -3.0]",0.1,0.25,0,48,48,0,0,48,0,48,0,47,1,345.76999999999725,14275.370000000185,34577,1427537,7.747185499989428,354.8629297000007,7.5,9.715820721217565,9.715820721217565,9715813.517673044,7.2035416666666094,1.0,100.0,0.0,2.857142857142857,2.857142857142857,5.714285714285714,8.571428571428571,7.5,2.9522849446755344,8.571428571428571,8.571428571428571,14.285714285714285,2.857142857142857,5.714285714285714,7.915724345615931,10.944136210850306,9.715820721217565,2.9078843841536584,11.428571428571429,11.428571428571429,15.03991263253348,2.857142857142857,5.714285714285714,7.915724345615931,10.944136210850306,9.715820721217565,2.9078843841536584,11.428571428571429,11.428571428571429,15.03991263253348,3.709999999999965,4.281999999999953,5.469999999999928,6.30999999999991,7.2035416666666094,3.852283678538262,8.499999999999863,9.178999999999855,30.00000000000189,36.858061606595584,59.68864025082439,90.63478003023192,120.55358738637369,156.09850558161224,151.87976294207985,224.1145937605761,229.7838439103216,1070.257417107001,2857112.8571408573,5714281.383282715,7915714.990613681,10944130.805847308,9715813.517673044,2907884.9653385947,11428562.93106843,11428565.169568429,15039906.29253048,2857112857140.8574,5714281383282.715,7915714990613.682,10944130805847.309,9715813517673.045,2907884965338.5947,11428562931068.43,11428565169568.43,15039906292530.48,371.0,428.2,547.0,631.0,720.3541666666666,385.22836785380383,850.0,917.9000000000005,3000.0,1.0,1.0,1.0,1.0,1.0,0.0,1.0,1.0,1.0,100.0,100.0,100.0,100.0,100.0,0.0,100.0,100.0,100.0,0.0,0.0,0.0,0.0,0.0,0.0,0.0,0.0,0.0
31,15039906292530.48,14.285714285714285,15.03991263253348,15.03991263253348,6.339999999999909,0,3,127.65254231542349,634,15039906.29253048,"[0.0, 15.03991263253348, -6.339999999999909, -3.0]",0.1,0.25,0,48,48,0,0,48,0,48,0,48,0,293.7499999999962,14569.12000000018,29375,1456912,6.420313599985093,361.41216459998395,7.261904761904762,9.378822701317924,9.378822701317924,9378816.581523383,6.119791666666587,1.0,100.0,0.0,2.857142857142857,2.857142857142857,2.857142857142857,8.571428571428571,7.261904761904762,3.2969958152681498,8.571428571428571,9.428571428571441,14.285714285714285,3.031681605747768,5.714285714285714,5.714285714285714,9.933139256068639,9.378822701317924,3.0037829012982487,11.428571428571429,12.132741110665467,15.03991263253348,3.031681605747768,5.714285714285714,5.714285714285714,9.933139256068639,9.378822701317924,3.0037829012982487,11.428571428571429,12.132741110665467,15.03991263253348,3.559999999999968,4.050999999999958,4.4549999999999494,5.939999999999918,6.119791666666587,2.27533101033611,6.652499999999902,8.580999999999861,17.669999999999963,18.439024174811493,56.0732804518193,60.06583297996258,94.04775660019368,129.59224460809992,147.87787950848517,126.79185752314515,227.050666651316,1062.67948333174,3031675.7857467677,5714275.548282715,5714281.676782715,9933133.961065639,9378816.581523383,3003782.413335473,11428562.81606843,12132734.896662468,15039906.29253048,3031675785746.7676,5714275548282.715,5714281676782.715,9933133961065.639,9378816581523.383,3003782413335.473,11428562816068.43,12132734896662.469,15039906292530.48,356.0,405.1,445.5,594.0,611.9791666666666,227.53310103361275,665.25,858.1,1767.0,1.0,1.0,1.0,1.0,1.0,0.0,1.0,1.0,1.0,100.0,100.0,100.0,100.0,100.0,0.0,100.0,100.0,100.0,0.0,0.0,0.0,0.0,0.0,0.0,0.0,0.0,0.0
32,15039906292530.48,14.285714285714285,15.03991263253348,15.03991263253348,6.339999999999909,0,3,127.65254231542349,634,15039906.29253048,"[0.0, 15.03991263253348, -6.339999999999909, -3.0]",0.1,0.25,0,48,48,0,0,48,0,48,0,48,0,343.9999999999974,14913.120000000179,34400,1491312,7.0284206999931484,368.5093332999968,7.916666666666667,9.968946888333276,9.968946888333276,9968939.72166388,7.166666666666612,1.0,100.0,0.0,0.0,2.857142857142857,5.714285714285714,8.571428571428571,7.916666666666667,3.606474871357407,8.571428571428571,14.285714285714285,14.285714285714285,2.857142857142857,5.356298719133649,7.919156210763114,11.405770438058035,9.968946888333276,3.352544334754489,11.428571428571429,14.406091962541854,15.03991263253348,2.857142857142857,5.356298719133649,7.919156210763114,11.405770438058035,9.968946888333276,3.352544334754489,11.428571428571429,14.406091962541854,15.03991263253348,3.799999999999963,5.305999999999932,5.707499999999923,6.2799999999999105,7.166666666666612,3.812246348574987,6.612499999999903,8.75099999999986,25.250000000001148,18.435975989705184,47.34554577437375,90.006423947867,122.48190882056952,175.0573122365969,235.95341005745348,130.5511158243753,238.82680460494015,1196.0319891218096,2857117.6071398575,5356292.14613265,7919140.388260114,11405764.443055034,9968939.72166388,3352545.2398835677,11428564.91356843,14406085.682538854,15039906.29253048,2857117607139.8574,5356292146132.649,7919140388260.113,11405764443055.035,9968939721663.88,3352545239883.567,11428564913568.43,14406085682538.854,15039906292530.48,380.0,530.6,570.75,628.0,716.6666666666666,381.2246348574843,661.25,875.1,2525.0,1.0,1.0,1.0,1.0,1.0,0.0,1.0,1.0,1.0,100.0,100.0,100.0,100.0,100.0,0.0,100.0,100.0,100.0,0.0,0.0,0.0,0.0,0.0,0.0,0.0,0.0,0.0
33,15039906292530.48,14.285714285714285,15.03991263253348,15.03991263253348,6.339999999999909,0,3,127.65254231542349,634,15039906.29253048,"[0.0, 15.03991263253348, -6.339999999999909, -3.0]",0.1,0.25,0,48,48,0,0,48,0,48,0,48,0,371.47999999999706,15284.600000000177,37148,1528460,7.187477500003297,375.7643010999891,7.976190476190475,10.075953006744385,10.075953006744385,10075945.267574864,7.7391666666666055,1.0,100.0,0.0,0.0,2.857142857142857,5.714285714285714,8.571428571428571,7.976190476190475,3.1921637328076007,8.571428571428571,12.285714285714297,14.285714285714285,2.199369158063616,5.7118056161063055,8.571428571428571,11.076536178588867,10.075953006744385,3.0236556578062386,11.428571428571429,14.232070922851562,15.03991263253348,2.199369158063616,5.7118056161063055,8.571428571428571,11.076536178588867,10.075953006744385,3.0236556578062386,11.428571428571429,14.232070922851562,15.03991263253348,3.7199999999999647,5.398999999999929,5.674999999999923,6.31999999999991,7.7391666666666055,4.034710766860916,8.584999999999862,10.36199999999983,26.28000000000131,22.623656177471275,76.60279466559078,93.98984621325508,124.69209829252213,220.93064078823303,311.73498102103673,224.4100002113264,399.51577159483026,1892.2664984501898,2199357.788060616,5711794.8381033065,8571419.873925572,11076530.598585868,10075945.267574864,3023656.7458027564,11428562.62856843,14232064.540848562,15039906.29253048,2199357788060.6157,5711794838103.307,8571419873925.571,11076530598585.867,10075945267574.865,3023656745802.757,11428562628568.43,14232064540848.562,15039906292530.48,372.0,539.9,567.5,632.0,773.9166666666666,403.471076686077,858.5,1036.2000000000007,2628.0,1.0,1.0,1.0,1.0,1.0,0.0,1.0,1.0,1.0,100.0,100.0,100.0,100.0,100.0,0.0,100.0,100.0,100.0,0.0,0.0,0.0,0.0,0.0,0.0,0.0,0.0,0.0
34,15039906292530.48,14.285714285714285,15.03991263253348,15.03991263253348,6.339999999999909,0,3,127.65254231542349,634,15039906.29253048,"[0.0, 15.03991263253348, -6.339999999999909, -3.0]",0.1,0.25,0,48,48,0,0,48,0,48,0,47,1,378.9299999999976,15663.530000000175,37893,1566353,8.035110800003167,383.8687119000242,7.738095238095237,10.014909846442086,10.014909846442086,10014901.95206417,7.89437499999995,1.0,100.0,0.0,2.857142857142857,2.857142857142857,5.714285714285714,8.571428571428571,7.738095238095237,3.083769963568718,8.571428571428571,11.428571428571429,14.285714285714285,4.830082484654017,5.714285714285714,8.30883094242641,11.180592945643834,10.014909846442086,2.870768233006991,11.428571428571429,14.14862551007952,15.03991263253348,4.830082484654017,5.714285714285714,8.30883094242641,11.180592945643834,10.014909846442086,2.870768233006991,11.428571428571429,14.14862551007952,15.03991263253348,3.519999999999969,4.313999999999952,5.642499999999924,6.31999999999991,7.89437499999995,4.491460372311409,8.709999999999859,11.14999999999981,30.00000000000189,41.80942118011444,60.602854745090006,94.15397031605244,125.82166287396103,224.38082841351374,330.82513364769903,234.74718147539534,441.03444272899594,2301.3181428890675,4830077.514653018,5714281.408282715,8308817.79992341,11180587.150640834,10014901.95206417,2870769.2883081622,11428562.81606843,14148619.286076522,15039906.29253048,4830077514653.018,5714281408282.715,8308817799923.409,11180587150640.832,10014901952064.17,2870769288308.1616,11428562816068.43,14148619286076.521,15039906292530.48,352.0,431.4,564.25,632.0,789.4375,449.1460372311178,871.0,1115.0000000000005,3000.0,1.0,1.0,1.0,1.0,1.0,0.0,1.0,1.0,1.0,100.0,100.0,100.0,100.0,100.0,0.0,100.0,100.0,100.0,0.0,0.0,0.0,0.0,0.0,0.0,0.0,0.0,0.0
35,15039906292530.48,14.285714285714285,15.03991263253348,15.03991263253348,6.339999999999909,0,3,127.65254231542349,634,15039906.29253048,"[0.0, 15.03991263253348, -6.339999999999909, -3.0]",0.1,0.25,0,48,48,0,0,48,0,48,0,48,0,358.10999999999484,16021.64000000017,35811,1602164,7.049296199984383,390.981288400013,7.32142857142857,9.644724811826434,9.644724811826434,9644717.351198537,7.460624999999893,1.0,100.0,0.0,2.857142857142857,2.857142857142857,5.714285714285714,8.571428571428571,7.32142857142857,3.1893876963378127,8.571428571428571,9.428571428571441,14.285714285714285,2.857142857142857,5.714285714285714,8.571428571428571,10.712308883666992,9.644724811826434,3.0660255939772707,11.423074858529228,12.284924643380313,15.03991263253348,2.857142857142857,5.714285714285714,8.571428571428571,10.712308883666992,9.644724811826434,3.0660255939772707,11.423074858529228,12.284924643380313,15.03991263253348,3.979999999999959,4.385999999999951,5.947499999999918,6.354999999999909,7.460624999999893,2.850423511113415,8.737499999999859,9.519999999999849,17.829999999999988,18.44479690746084,57.64341472480446,94.69013212621212,125.10234347078949,178.73010836566178,151.10203895351054,221.98158256104216,256.6018121128902,752.136678731069,2857128.6071398575,5714270.159282715,8571418.386425572,10712302.088663992,9644717.351198537,3066026.1224527387,11423068.78102623,12284918.091377314,15039906.29253048,2857128607139.8574,5714270159282.715,8571418386425.571,10712302088663.992,9644717351198.537,3066026122452.739,11423068781026.229,12284918091377.314,15039906292530.48,398.0,438.6,594.75,635.5,746.0625,285.04235111134506,873.75,952.0000000000007,1783.0,1.0,1.0,1.0,1.0,1.0,0.0,1.0,1.0,1.0,100.0,100.0,100.0,100.0,100.0,0.0,100.0,100.0,100.0,0.0,0.0,0.0,0.0,0.0,0.0,0.0,0.0,0.0
36,15039906292530.48,14.285714285714285,15.03991263253348,15.03991263253348,6.339999999999909,0,3,127.65254231542349,634,15039906.29253048,"[0.0, 15.03991263253348, -6.339999999999909, -3.0]",0.1,0.25,0,48,48,0,0,48,0,48,0,46,2,396.09000000000026,16417.73000000017,39609,1641773,7.204612099973019,398.2555190999992,8.035714285714285,10.219485135305497,10.219485135305497,10219476.883427663,8.251875000000005,1.0,100.0,0.0,0.0,2.857142857142857,5.714285714285714,8.571428571428571,8.035714285714285,3.2813765362708853,8.571428571428571,12.285714285714297,14.285714285714285,1.881920950753348,5.707995278494699,8.571428571428571,11.413188661847796,10.219485135305497,3.080205993811714,11.428571428571429,14.247256687709266,15.03991263253348,1.881920950753348,5.707995278494699,8.571428571428571,11.413188661847796,10.219485135305497,3.080205993811714,11.428571428571429,14.247256687709266,15.03991263253348,4.009999999999959,5.0939999999999355,5.924999999999918,6.354999999999909,8.251875000000005,5.519912309180801,8.514999999999862,9.74699999999984,30.00000000000189,5.135165057457925,60.01726290769875,95.33503942470998,126.2585417330265,265.1152247163991,463.182948029402,224.41043658694252,288.32294502742656,2308.3581683300436,1881915.9407523482,5707991.261491699,8571416.97142557,11413182.726844795,10219476.883427663,3080207.3456199835,11428563.49606843,14247250.439706264,15039906.29253048,1881915940752.3481,5707991261491.699,8571416971425.571,11413182726844.797,10219476883427.662,3080207345619.9834,11428563496068.43,14247250439706.266,15039906292530.48,401.0,509.4,592.5,635.5,825.1875,551.9912309180434,851.5,974.7000000000004,3000.0,1.0,1.0,1.0,1.0,1.0,0.0,1.0,1.0,1.0,100.0,100.0,100.0,100.0,100.0,0.0,100.0,100.0,100.0,0.0,0.0,0.0,0.0,0.0,0.0,0.0,0.0,0.0
37,15039906292530.48,14.285714285714285,15.03991263253348,15.03991263253348,6.339999999999909,0,3,127.65254231542349,634,15039906.29253048,"[0.0, 15.03991263253348, -6.339999999999909, -3.0]",0.1,0.25,0,48,48,0,0,48,0,48,0,48,0,352.8999999999969,16770.63000000017,35290,1677063,8.026058899995405,406.3498020999832,7.619047619047618,9.83264962832133,9.83264962832133,9832642.27623512,7.352083333333269,1.0,100.0,0.0,2.857142857142857,2.857142857142857,5.714285714285714,8.571428571428571,7.619047619047618,3.367175148507369,8.571428571428571,12.285714285714297,14.285714285714285,3.010422842843192,5.714285714285714,7.9654775347028455,10.718396050589426,9.83264962832133,3.0219734645408187,11.428571428571429,14.236164093017578,15.03991263253348,3.010422842843192,5.714285714285714,7.9654775347028455,10.718396050589426,9.83264962832133,3.0219734645408187,11.428571428571429,14.236164093017578,15.03991263253348,3.9999999999999587,4.277999999999953,5.567499999999926,6.194999999999912,7.352083333333269,4.0906580350505495,8.444999999999865,11.265999999999806,29.11000000000175,18.441448701065383,57.67284361794591,91.91671590832993,118.62402814254165,202.5715226010816,327.6791931868455,157.67788212699816,321.18899752665385,2206.5884020887315,3010416.952842192,5714281.307282714,7965463.222199846,10718390.360586425,9832642.27623512,3021973.170913271,11428562.95856843,14236157.837014578,15039906.29253048,3010416952842.192,5714281307282.715,7965463222199.846,10718390360586.426,9832642276235.123,3021973170913.2715,11428562958568.43,14236157837014.578,15039906292530.48,400.0,427.8,556.75,619.5,735.2083333333334,409.0658035050378,844.5,1126.6000000000004,2911.0,1.0,1.0,1.0,1.0,1.0,0.0,1.0,1.0,1.0,100.0,100.0,100.0,100.0,100.0,0.0,100.0,100.0,100.0,0.0,0.0,0.0,0.0,0.0,0.0,0.0,0.0,0.0
38,15039906292530.48,14.285714285714285,15.03991263253348,15.03991263253348,6.339999999999909,0,3,127.65254231542349,634,15039906.29253048,"[0.0, 15.03991263253348, -6.339999999999909, -3.0]",0.1,0.25,0,48,48,0,0,48,0,48,0,48,0,353.84999999999536,17124.480000000163,35385,1712448,8.201800499984529,414.63449149997905,7.916666666666667,9.86721810840425,9.86721810840425,9867210.736526396,7.371874999999903,1.0,100.0,0.0,2.857142857142857,2.857142857142857,5.0,8.571428571428571,7.916666666666667,3.8350151590106223,8.571428571428571,14.285714285714285,14.285714285714285,2.857142857142857,5.616997310093471,5.728831972394671,10.679608753749303,9.86721810840425,3.523235894887599,11.428571428571429,14.634450095040458,15.03991263253348,2.857142857142857,5.616997310093471,5.728831972394671,10.679608753749303,9.86721810840425,3.523235894887599,11.428571428571429,14.634450095040458,15.03991263253348,3.5799999999999677,4.046999999999958,5.404999999999929,6.339999999999909,7.371874999999903,3.2167450268413105,8.492499999999863,12.133999999999789,20.310000000000375,52.74647953861859,56.15847971960902,78.44784200280628,123.78084039002715,154.10211396004433,149.22348198101255,129.8266873182729,229.24417420765386,845.867454027757,2857130.317140857,5616993.163090471,5728828.274891671,10679600.273746802,9867210.736526396,3523235.8543176963,11428565.25356843,14634443.118037459,15039906.29253048,2857130317140.8574,5616993163090.471,5728828274891.671,10679600273746.8,9867210736526.396,3523235854317.6963,11428565253568.43,14634443118037.459,15039906292530.48,358.0,404.7,540.5,634.0,737.1875,321.6745026841315,849.25,1213.4000000000003,2031.0,1.0,1.0,1.0,1.0,1.0,0.0,1.0,1.0,1.0,100.0,100.0,100.0,100.0,100.0,0.0,100.0,100.0,100.0,0.0,0.0,0.0,0.0,0.0,0.0,0.0,0.0,0.0
39,15039906292530.48,14.285714285714285,15.03991263253348,15.03991263253348,6.339999999999909,0,3,127.65254231542349,634,15039906.29253048,"[0.0, 15.03991263253348, -6.339999999999909, -3.0]",0.1,0.25,0,48,48,0,0,48,0,48,0,47,1,347.4099999999977,17471.89000000016,34741,1747189,8.514825200021733,423.22441060002893,7.44047619047619,9.54425363313584,9.54425363313584,9544246.3954248,7.237708333333285,1.0,100.0,0.0,0.0,2.857142857142857,5.0,8.571428571428571,7.44047619047619,3.582819137288616,8.571428571428571,11.428571428571429,14.285714285714285,0.0,4.702113015311106,6.051539012363979,10.775718688964844,9.54425363313584,3.713708426921362,11.428571428571429,13.885645730154856,15.03991263253348,0.0,4.702113015311106,6.051539012363979,10.775718688964844,9.54425363313584,3.713708426921362,11.428571428571429,13.885645730154856,15.03991263253348,4.1699999999999555,4.626999999999946,5.37749999999993,6.174999999999913,7.237708333333285,4.362708084618891,6.539999999999905,9.723999999999853,30.00000000000189,5.135489273525309,55.492429169301616,80.48888434423134,97.58678071480244,168.48067627557884,239.95426080623582,128.66391012491658,229.59481198005378,1333.7363849505782,-30.00000200000189,4702107.647310105,6051533.882362479,10775713.048961844,9544246.3954248,3713709.0248534633,11428564.951068431,13885639.522151858,15039906.29253048,-30000002.00000189,4702107647310.105,6051533882362.4795,10775713048961.844,9544246395424.799,3713709024853.463,11428564951068.43,13885639522151.857,15039906292530.48,417.0,462.7,537.75,617.5,723.7708333333334,436.2708084618683,654.0,972.4000000000016,3000.0,1.0,1.0,1.0,1.0,1.0,0.0,1.0,1.0,1.0,100.0,100.0,100.0,100.0,100.0,0.0,100.0,100.0,100.0,0.0,0.0,0.0,0.0,0.0,0.0,0.0,0.0,0.0
